model_key,model_family,model_source,num_layers,hidden_size,sample_id,task,stage,target_anchor,history_start_anchor,history_length,candidate_id,candidate_source,deleted_position,exact_physical_kl,action_only_risk,dense_all_layer_mechanistic_risk,primary_boundary,primary_probe_layer,eligible_count,cache_length_baseline,cache_length_candidate,generator_action_argmin_candidate_id,generator_dense_argmin_candidate_id,generator_predicted_normalized_regret,b4_exact_map_risk,b4_path_k1_risk,b8_exact_map_risk,b8_path_k1_risk,b12_exact_map_risk,b12_path_k1_risk,b15_exact_map_risk,b15_path_k1_risk,relative_penultimate_exact_map_risk,relative_penultimate_path_k1_risk
llama32_1b,llama,mlx-community/Llama-3.2-1B-Instruct-4bit,16,2048,qmsum:142,qmsum,formal,64,32,32,physical_delete_low_v_ridge_79,low_v_ridge,79,6.370318897006792e-08,7.370008057541722e-05,6.345340098483658e-08,15,14,93,129,128,physical_delete_low_aov_19,physical_delete_low_v_ridge_79,0.05548142390162996,2.0589587865403277e-08,2.0631800415387086e-08,2.2335721522936188e-08,2.2398320186486833e-08,6.983018193048587e-08,6.991840218342033e-08,7.085418951227216e-08,7.072939890315157e-08,7.085418951227216e-08,7.072939890315157e-08
llama32_1b,llama,mlx-community/Llama-3.2-1B-Instruct-4bit,16,2048,qmsum:142,qmsum,formal,64,32,32,physical_delete_low_aov_19,low_aov,19,1.3967665935720528e-07,6.107271706583638e-05,1.3880942054283686e-07,15,14,93,129,128,physical_delete_low_aov_19,physical_delete_low_v_ridge_79,0.05548142390162996,8.411023353194593e-10,8.637866322829817e-10,1.6316733042264175e-09,1.6381303220615667e-09,1.7695385782237833e-08,1.7673235556024886e-08,8.673225918067358e-08,8.670466122045263e-08,8.673225918067358e-08,8.670466122045263e-08
llama32_1b,llama,mlx-community/Llama-3.2-1B-Instruct-4bit,16,2048,qmsum:142,qmsum,formal,64,32,32,physical_delete_high_v_ridge_8,high_v_ridge,8,6.687749281968758e-08,6.213629358011748e-05,6.676565151287586e-08,15,14,93,129,128,physical_delete_low_aov_19,physical_delete_low_v_ridge_79,0.05548142390162996,4.5163181269471846e-08,4.483499679469084e-08,3.022828585176124e-08,3.0206580285888746e-08,6.508733670777843e-08,6.503160972795791e-08,6.296722007332104e-08,6.300579320595799e-08,6.296722007332104e-08,6.300579320595799e-08
llama32_1b,llama,mlx-community/Llama-3.2-1B-Instruct-4bit,16,2048,qmsum:142,qmsum,formal,64,32,32,physical_delete_median_value_norm_11,median_value_norm,11,8.074623619470358e-08,0.00014487882371882872,8.05745608585625e-08,15,14,93,129,128,physical_delete_low_aov_19,physical_delete_low_v_ridge_79,0.05548142390162996,1.528010619934934e-08,1.5237508251444678e-08,5.161739832027022e-08,5.1737743442646796e-08,3.9213379394015924e-08,3.9222288880862535e-08,7.505444600959906e-08,7.510979073152102e-08,7.505444600959906e-08,7.510979073152102e-08
llama32_1b,llama,mlx-community/Llama-3.2-1B-Instruct-4bit,16,2048,qmsum:142,qmsum,formal,64,32,32,physical_delete_median_random_46,median_random,46,1.2106008090390996e-07,0.00013394400847495738,1.206958629168005e-07,15,14,93,129,128,physical_delete_low_aov_19,physical_delete_low_v_ridge_79,0.05548142390162996,1.0671343439286484e-08,1.0674688173759347e-08,6.435747238720636e-08,6.407581880313133e-08,1.0354347586490639e-07,1.0357961666520622e-07,1.0262203474765118e-07,1.0251355764699026e-07,1.0262203474765118e-07,1.0251355764699026e-07
llama32_1b,llama,mlx-community/Llama-3.2-1B-Instruct-4bit,16,2048,qmsum:142,qmsum,formal,64,32,32,physical_delete_median_key_query_40,median_key_query,40,1.3006815573718238e-06,0.000591150797022734,1.2890176800530806e-06,15,14,93,129,128,physical_delete_low_aov_19,physical_delete_low_v_ridge_79,0.05548142390162996,3.7375637495914375e-08,3.737240153646747e-08,5.78627618867786e-07,5.774157153046601e-07,1.4415898311914048e-06,1.4424571599833081e-06,1.2560238436682943e-06,1.2559579276202838e-06,1.2560238436682943e-06,1.2559579276202838e-06
llama32_1b,llama,mlx-community/Llama-3.2-1B-Instruct-4bit,16,2048,qmsum:142,qmsum,formal,64,32,32,physical_delete_median_attention_89,median_attention,89,1.3707237585877105e-06,0.0011316156238730644,1.3336759532071895e-06,15,14,93,129,128,physical_delete_low_aov_19,physical_delete_low_v_ridge_79,0.05548142390162996,6.745787663739385e-08,6.755497952180221e-08,2.646405761466339e-07,2.649948156339325e-07,7.58634274358806e-07,7.584474107939079e-07,1.2820250764611905e-06,1.2819527755982722e-06,1.2820250764611905e-06,1.2819527755982722e-06
llama32_1b,llama,mlx-community/Llama-3.2-1B-Instruct-4bit,16,2048,qmsum:142,qmsum,formal,64,32,32,physical_delete_low_random_54,low_random,54,1.4285335484098133e-06,0.0017965330197888313,1.4216741217004496e-06,15,14,93,129,128,physical_delete_low_aov_19,physical_delete_low_v_ridge_79,0.05548142390162996,2.4620050942701166e-07,2.4615642908281917e-07,8.046298367647074e-07,8.044823038916635e-07,7.476338474288264e-07,7.47865983368007e-07,1.495111321082464e-06,1.4951607762666067e-06,1.495111321082464e-06,1.4951607762666067e-06
llama32_1b,llama,mlx-community/Llama-3.2-1B-Instruct-4bit,16,2048,qmsum:143,qmsum,formal,64,32,32,physical_delete_low_random_66,low_random,66,1.1528567351580066e-05,0.002348477915207136,1.1547371116805814e-05,15,14,93,129,128,physical_delete_median_attention_63,physical_delete_low_random_66,0.351591748808917,1.1494563573877638e-06,1.1484625940108909e-06,2.6385234275448893e-06,2.639001363778759e-06,5.766814409200213e-06,5.766541959091617e-06,1.0150343279677195e-05,1.0148673870247497e-05,1.0150343279677195e-05,1.0148673870247497e-05
llama32_1b,llama,mlx-community/Llama-3.2-1B-Instruct-4bit,16,2048,qmsum:143,qmsum,formal,64,32,32,physical_delete_median_attention_63,median_attention,63,0.00010115860656412495,0.002235725130252424,9.872692899865707e-05,15,14,93,129,128,physical_delete_median_attention_63,physical_delete_low_random_66,0.351591748808917,1.4761878190461882e-07,1.475881701243573e-07,2.1730675478871998e-07,2.177512483293205e-07,1.565852683456777e-06,1.565667754834611e-06,2.187466109212111e-06,2.1876489678999923e-06,2.187466109212111e-06,2.1876489678999923e-06
llama32_1b,llama,mlx-community/Llama-3.2-1B-Instruct-4bit,16,2048,qmsum:143,qmsum,formal,64,32,32,physical_delete_low_value_norm_5,low_value_norm,5,1.8840400061083927e-05,0.0027763075368266808,1.8796340693425146e-05,15,14,93,129,128,physical_delete_median_attention_63,physical_delete_low_random_66,0.351591748808917,2.4790512065667658e-06,2.480266910101026e-06,7.708432385701687e-06,7.707664677385023e-06,1.4483951468367151e-05,1.4483276583750318e-05,1.8254089820849426e-05,1.825663583873645e-05,1.8254089820849426e-05,1.825663583873645e-05
llama32_1b,llama,mlx-community/Llama-3.2-1B-Instruct-4bit,16,2048,qmsum:143,qmsum,formal,64,32,32,physical_delete_high_age_94,high_age,94,2.4048725380002955e-05,0.01721015916304498,2.360746783090919e-05,15,14,93,129,128,physical_delete_median_attention_63,physical_delete_low_random_66,0.351591748808917,4.878783463728724e-07,4.875361009979557e-07,7.035109919199844e-07,7.035582864703405e-07,8.676392077941616e-07,8.676174931923652e-07,1.2593763881278306e-05,1.2596947471354221e-05,1.2593763881278306e-05,1.2596947471354221e-05
llama32_1b,llama,mlx-community/Llama-3.2-1B-Instruct-4bit,16,2048,qmsum:143,qmsum,formal,64,32,32,physical_delete_low_key_query_14,low_key_query,14,3.158309035687748e-05,0.008174520866139231,3.096993159518478e-05,15,14,93,129,128,physical_delete_median_attention_63,physical_delete_low_random_66,0.351591748808917,4.328558493195975e-06,4.32604290883916e-06,7.88587660425984e-06,7.885957543210802e-06,7.467500247718725e-06,7.467639597516919e-06,3.161420490007256e-05,3.1615398652194075e-05,3.161420490007256e-05,3.1615398652194075e-05
llama32_1b,llama,mlx-community/Llama-3.2-1B-Instruct-4bit,16,2048,qmsum:143,qmsum,formal,64,32,32,physical_delete_median_value_norm_84,median_value_norm,84,6.459713716317821e-05,0.006114118655849686,6.829398539693273e-05,15,14,93,129,128,physical_delete_median_attention_63,physical_delete_low_random_66,0.351591748808917,1.0059758394437541e-07,1.006568406954639e-07,2.0092242562921934e-06,2.0092624333499813e-06,1.727659762980338e-05,1.7278144518169912e-05,1.8885453839142434e-05,1.888854470277659e-05,1.8885453839142434e-05,1.888854470277659e-05
llama32_1b,llama,mlx-community/Llama-3.2-1B-Instruct-4bit,16,2048,qmsum:143,qmsum,formal,64,32,32,physical_delete_high_value_norm_44,high_value_norm,44,0.00016610781697239097,0.020896688085401655,0.00016132532974041133,15,14,93,129,128,physical_delete_median_attention_63,physical_delete_low_random_66,0.351591748808917,0.00012508013713489986,0.00012509552572214548,0.00010037141683691105,0.00010036558255513569,0.00014054666519108805,0.00014052798890692585,0.00016331356540520204,0.00016327291410298244,0.00016331356540520204,0.00016327291410298244
llama32_1b,llama,mlx-community/Llama-3.2-1B-Instruct-4bit,16,2048,qmsum:143,qmsum,formal,64,32,32,physical_delete_high_random_90,high_random,90,0.00024399388342735088,0.032101638984926475,0.00025950415103894093,15,14,93,129,128,physical_delete_median_attention_63,physical_delete_low_random_66,0.351591748808917,9.973071756542746e-07,9.963706834586344e-07,9.810532070751027e-06,9.808660597742454e-06,0.00021452457044501382,0.00021455352408251483,0.0002446414146758546,0.0002446332058214755,0.0002446414146758546,0.0002446332058214755
llama32_1b,llama,mlx-community/Llama-3.2-1B-Instruct-4bit,16,2048,synthetic_vt_142,vt,formal,64,32,32,physical_delete_low_aov_54,low_aov,54,1.3270669863767008e-07,9.864079463540448e-06,1.3362410122852181e-07,15,14,93,129,128,physical_delete_low_aor_12,physical_delete_low_aov_54,1.0,2.0047336768521035e-08,1.9799535761383423e-08,1.1276935267281161e-07,1.121142546578062e-07,2.2054066845043473e-07,2.2060606090084115e-07,1.5736547433790546e-07,1.5748844033383873e-07,1.5736547433790546e-07,1.5748844033383873e-07
llama32_1b,llama,mlx-community/Llama-3.2-1B-Instruct-4bit,16,2048,synthetic_vt_142,vt,formal,64,32,32,physical_delete_low_aor_12,low_aor,12,2.2689753151651504e-06,6.2514611680791425e-06,2.268191029602848e-06,15,14,93,129,128,physical_delete_low_aor_12,physical_delete_low_aov_54,1.0,8.9170065745251e-07,8.882632662942313e-07,1.7907664101637888e-06,1.7896256353316605e-06,1.5881811536191904e-06,1.589811153759153e-06,2.17890524093693e-06,2.1790628369004446e-06,2.17890524093693e-06,2.1790628369004446e-06
llama32_1b,llama,mlx-community/Llama-3.2-1B-Instruct-4bit,16,2048,synthetic_vt_142,vt,formal,64,32,32,physical_delete_high_key_query_90,high_key_query,90,2.0177907991126805e-07,3.672950239024261e-05,2.023187616483795e-07,15,14,93,129,128,physical_delete_low_aor_12,physical_delete_low_aov_54,1.0,9.011746566240807e-08,8.972124550207545e-08,2.51100547130485e-07,2.5116603079826253e-07,2.2002713931341732e-07,2.2026971518800465e-07,1.622360396811304e-07,1.6194927154787679e-07,1.622360396811304e-07,1.6194927154787679e-07
llama32_1b,llama,mlx-community/Llama-3.2-1B-Instruct-4bit,16,2048,synthetic_vt_142,vt,formal,64,32,32,physical_delete_low_attention_20,low_attention,20,2.122574563903038e-07,6.588103335362758e-06,2.1142360700585213e-07,15,14,93,129,128,physical_delete_low_aor_12,physical_delete_low_aov_54,1.0,1.172713688114271e-07,1.1737219653274844e-07,1.7903158674753995e-07,1.787294327009652e-07,2.0101440764943765e-07,2.009437786509925e-07,2.0339589644474817e-07,2.032662353242034e-07,2.0339589644474817e-07,2.032662353242034e-07
llama32_1b,llama,mlx-community/Llama-3.2-1B-Instruct-4bit,16,2048,synthetic_vt_142,vt,formal,64,32,32,physical_delete_low_v_ridge_80,low_v_ridge,80,3.770068311688364e-07,0.00021097705865077152,3.749741891819131e-07,15,14,93,129,128,physical_delete_low_aor_12,physical_delete_low_aov_54,1.0,4.8873953649402723e-08,4.885827469772869e-08,7.012010809405122e-08,7.038323381210708e-08,3.3755339915104206e-08,3.369507318565142e-08,1.8043689941064e-07,1.8051990515579382e-07,1.8043689941064e-07,1.8051990515579382e-07
llama32_1b,llama,mlx-community/Llama-3.2-1B-Instruct-4bit,16,2048,synthetic_vt_142,vt,formal,64,32,32,physical_delete_high_age_95,high_age,95,8.095208964686439e-07,1.5043313722337538e-05,8.054162795899443e-07,15,14,93,129,128,physical_delete_low_aor_12,physical_delete_low_aov_54,1.0,4.3792680891723283e-08,4.406188497216464e-08,6.047723011479427e-07,6.05216871189015e-07,9.53461904156514e-07,9.532204072169349e-07,8.926420526582227e-07,8.924073533773795e-07,8.926420526582227e-07,8.924073533773795e-07
llama32_1b,llama,mlx-community/Llama-3.2-1B-Instruct-4bit,16,2048,synthetic_vt_142,vt,formal,64,32,32,physical_delete_low_random_9,low_random,9,1.5512113975352454e-06,0.0001788621030495903,1.5547466232125476e-06,15,14,93,129,128,physical_delete_low_aor_12,physical_delete_low_aov_54,1.0,3.104090988892069e-07,3.1098964016186776e-07,2.635185541796348e-07,2.6398604084018946e-07,1.221630095338082e-06,1.2206710219621352e-06,1.2161216549190046e-06,1.2161945272305967e-06,1.2161216549190046e-06,1.2161945272305967e-06
llama32_1b,llama,mlx-community/Llama-3.2-1B-Instruct-4bit,16,2048,synthetic_vt_142,vt,formal,64,32,32,physical_delete_high_random_53,high_random,53,1.68164069437078e-06,0.006768476908750167,1.6759411160930152e-06,15,14,93,129,128,physical_delete_low_aor_12,physical_delete_low_aov_54,1.0,4.271507209878021e-09,4.224402929379903e-09,9.98827514632439e-08,9.937674394115861e-08,6.317283828281991e-06,6.31562776911101e-06,2.5736099651642785e-06,2.573842904385684e-06,2.5736099651642785e-06,2.573842904385684e-06
llama32_1b,llama,mlx-community/Llama-3.2-1B-Instruct-4bit,16,2048,synthetic_vt_143,vt,formal,64,32,32,physical_delete_median_aov_61,median_aov,61,5.249428094381189e-10,8.580417403485577e-05,5.241446675870634e-10,15,14,93,129,128,physical_delete_median_v_ridge_69,physical_delete_median_aov_61,0.8325724249141643,1.3893494610372825e-10,1.3918767290489574e-10,1.0534126568945533e-09,1.0557128527620073e-09,9.36112817191009e-10,9.333058679710397e-10,8.471771449796294e-10,8.473634949119551e-10,8.471771449796294e-10,8.473634949119551e-10
llama32_1b,llama,mlx-community/Llama-3.2-1B-Instruct-4bit,16,2048,synthetic_vt_143,vt,formal,64,32,32,physical_delete_median_v_ridge_69,median_v_ridge,69,2.839995089868845e-09,5.208023943197743e-05,2.8466304812340995e-09,15,14,93,129,128,physical_delete_median_v_ridge_69,physical_delete_median_aov_61,0.8325724249141643,4.638899283144351e-12,4.671665032301422e-12,1.3947761841735517e-09,1.3937414591370207e-09,3.1355608826710655e-09,3.1348168271972377e-09,2.9192136241139194e-09,2.9185658874657588e-09,2.9192136241139194e-09,2.9185658874657588e-09
llama32_1b,llama,mlx-community/Llama-3.2-1B-Instruct-4bit,16,2048,synthetic_vt_143,vt,formal,64,32,32,physical_delete_median_value_norm_74,median_value_norm,74,6.237192207951843e-10,0.00010946760947904151,6.194178788838918e-10,15,14,93,129,128,physical_delete_median_v_ridge_69,physical_delete_median_aov_61,0.8325724249141643,9.531217226217116e-11,9.533878481081725e-11,3.2538709776586515e-10,3.242952694835403e-10,1.862101914639295e-10,1.8718177958582636e-10,4.3487889212035e-10,4.3525487108130963e-10,4.3487889212035e-10,4.3525487108130963e-10
llama32_1b,llama,mlx-community/Llama-3.2-1B-Instruct-4bit,16,2048,synthetic_vt_143,vt,formal,64,32,32,physical_delete_high_v_ridge_16,high_v_ridge,16,1.031879508012659e-09,0.0004441773842329232,1.030620079893533e-09,15,14,93,129,128,physical_delete_median_v_ridge_69,physical_delete_median_aov_61,0.8325724249141643,7.79171934064201e-11,7.83166820495148e-11,4.0282810774816787e-10,4.0367729016386915e-10,1.1317660797703978e-09,1.1319304765452598e-09,1.2188262492653156e-09,1.2190108602090368e-09,1.2188262492653156e-09,1.2190108602090368e-09
llama32_1b,llama,mlx-community/Llama-3.2-1B-Instruct-4bit,16,2048,synthetic_vt_143,vt,formal,64,32,32,physical_delete_median_age_50,median_age,50,1.717499291025246e-09,0.0001741223259892197,1.7070231338803144e-09,15,14,93,129,128,physical_delete_median_v_ridge_69,physical_delete_median_aov_61,0.8325724249141643,2.806601369685745e-10,2.81601731126584e-10,2.763087922332516e-10,2.7690830644419224e-10,3.4537472304010956e-10,3.4488547592992e-10,2.2847923019990724e-09,2.2877445523916612e-09,2.2847923019990724e-09,2.2877445523916612e-09
llama32_1b,llama,mlx-community/Llama-3.2-1B-Instruct-4bit,16,2048,synthetic_vt_143,vt,formal,64,32,32,physical_delete_median_random_54,median_random,54,2.585042986354766e-09,7.603150262409743e-05,2.562466773855008e-09,15,14,93,129,128,physical_delete_median_v_ridge_69,physical_delete_median_aov_61,0.8325724249141643,4.030424497546432e-10,4.044839511662116e-10,1.7121385479236586e-10,1.7132489042860514e-10,2.832142260388854e-09,2.8305896629499225e-09,3.0097968846092078e-09,3.006839579090532e-09,3.0097968846092078e-09,3.006839579090532e-09
llama32_1b,llama,mlx-community/Llama-3.2-1B-Instruct-4bit,16,2048,synthetic_vt_143,vt,formal,64,32,32,physical_delete_median_aor_60,median_aor,60,2.7749893204178565e-09,6.746272502429831e-05,2.7805541160876392e-09,15,14,93,129,128,physical_delete_median_v_ridge_69,physical_delete_median_aov_61,0.8325724249141643,1.609953245034496e-10,1.604094480199299e-10,3.493226239530584e-10,3.484484905913002e-10,2.2438253494719278e-09,2.2396778120794893e-09,3.011443556961239e-09,3.0110461532590257e-09,3.011443556961239e-09,3.0110461532590257e-09
llama32_1b,llama,mlx-community/Llama-3.2-1B-Instruct-4bit,16,2048,synthetic_vt_143,vt,formal,64,32,32,physical_delete_high_random_19,high_random,19,3.342020019701772e-09,0.0004438807726197001,3.313674736261242e-09,15,14,93,129,128,physical_delete_median_v_ridge_69,physical_delete_median_aov_61,0.8325724249141643,8.47662632055509e-12,8.468560004013758e-12,6.32309856553344e-11,6.30568054510642e-11,1.422011999418262e-10,1.4185309452360778e-10,1.1838676650663546e-09,1.1848269670498904e-09,1.1838676650663546e-09,1.1848269670498904e-09
