method,layer,evaluation_units,mean_projected_relative_error,median_projected_relative_error,p95_projected_relative_error,maximum_projected_relative_error,mean_deleted_attention_mass,mean_relative_error_reduction,win_rate_vs_baseline
attention_ema_w1,-1,192,0.09781157979150128,0.06021884179776256,0.36840150910285147,0.8144483539793377,0.1259388950578658,0.0,0.0
attention_ema_w1,0,64,0.06560859548117941,0.05994919823051514,0.1533329899229814,0.16712976059816567,0.13564844076946353,0.0,0.0
attention_ema_w1,14,64,0.11025154252819727,0.045516949122884356,0.4141735765605556,0.8144483539793377,0.05212687036491658,0.0,0.0
attention_ema_w1,27,64,0.11757460136512715,0.08582023834402612,0.40452604878505644,0.46340993235244843,0.19004137403921723,0.0,0.0
attention_ema_w16,-1,192,0.07956617058425461,0.058223692057580885,0.1987479444859429,0.752412222835326,0.11601535450474713,0.018245409207246654,0.6979166666666666
attention_ema_w16,0,64,0.06277912494150134,0.058211478125113944,0.14995811347688962,0.16138998182035597,0.13344440035372657,0.002829470539678065,0.859375
attention_ema_w16,14,64,0.0874484674281976,0.04790543716432145,0.3421685416034964,0.752412222835326,0.04108654185834133,0.022803075099999678,0.453125
attention_ema_w16,27,64,0.08847091938306491,0.07017002312857348,0.20843057816608274,0.39072379638229277,0.1735151213021735,0.029103681982062223,0.78125
attention_ema_w4,-1,192,0.07908968854211337,0.05813923506716022,0.192855420482923,0.7508876159721959,0.11559545411721095,0.01872189124938789,0.7239583333333334
attention_ema_w4,0,64,0.06277068230848278,0.058231713561542435,0.1477160460424204,0.16098448879262992,0.1336156750095791,0.0028379131726966266,0.890625
attention_ema_w4,14,64,0.08762611853946625,0.04797478887390386,0.3507729687372327,0.7508876159721959,0.04137036852127311,0.022625423988731023,0.453125
attention_ema_w4,27,64,0.0868722647783911,0.06757444175910143,0.20676593354699013,0.3895962762226706,0.17180031882078062,0.030702336586736025,0.828125
attention_ema_w8,-1,192,0.07931711482983993,0.05821046551546569,0.1987479444859429,0.752412222835326,0.11586407719249377,0.018494464961661336,0.703125
attention_ema_w8,0,64,0.06279102236355838,0.058198251582998746,0.14981008045596514,0.16138998182035597,0.13349020936301903,0.0028175731176210165,0.859375
attention_ema_w8,14,64,0.08725813701336763,0.04790543716432145,0.3421685416034964,0.752412222835326,0.04107652074896538,0.02299340551482965,0.453125
attention_ema_w8,27,64,0.08790218511259379,0.06874950091594141,0.20843057816608274,0.39072379638229277,0.1730255014654969,0.029672416252533345,0.796875
attention_max_w1,-1,192,0.09781157979150128,0.06021884179776256,0.36840150910285147,0.8144483539793377,0.1259388950578658,0.0,0.0
attention_max_w1,0,64,0.06560859548117941,0.05994919823051514,0.1533329899229814,0.16712976059816567,0.13564844076946353,0.0,0.0
attention_max_w1,14,64,0.11025154252819727,0.045516949122884356,0.4141735765605556,0.8144483539793377,0.05212687036491658,0.0,0.0
attention_max_w1,27,64,0.11757460136512715,0.08582023834402612,0.40452604878505644,0.46340993235244843,0.19004137403921723,0.0,0.0
attention_max_w16,-1,192,0.08740837084611959,0.06136884769917326,0.22573404297076938,0.8302024137510364,0.12614796589376182,0.010403208945381692,0.265625
attention_max_w16,0,64,0.06909477857897056,0.06374500277149711,0.15385370437736107,0.16822171824717932,0.1415353537312727,-0.003486183097791167,0.203125
attention_max_w16,14,64,0.11446881665217663,0.057194086846075395,0.34141434506404233,0.8302024137510364,0.05644655258898028,-0.00421727412397936,0.171875
attention_max_w16,27,64,0.07866151730721153,0.050529790682920475,0.22589675927308772,0.30228963072350656,0.18046199136103247,0.0389130840579156,0.421875
attention_max_w4,-1,192,0.07970734811832993,0.056215738821714545,0.19992719445579937,0.7506660968635148,0.11695906335598245,0.018104231673171354,0.4375
attention_max_w4,0,64,0.06601388565908656,0.06227994444163265,0.14996676077554594,0.16012115895527657,0.13713534681219552,-0.0004052901779071556,0.3125
attention_max_w4,14,64,0.09745858548669879,0.05088767699961996,0.3822072100667525,0.7506660968635148,0.046148195574952866,0.01279295704149849,0.328125
attention_max_w4,27,64,0.07564957320920443,0.054393807031432484,0.20478807714161623,0.3608974443264,0.16759364768079896,0.041925028155922715,0.671875
attention_max_w8,-1,192,0.07669586721614384,0.059082934082812,0.1843448733582202,0.7529628543884545,0.11806449065977336,0.021115712575357437,0.5208333333333334
attention_max_w8,0,64,0.0656205661033219,0.06102597654336819,0.1521481067302741,0.1632189104524001,0.1398740791685989,-1.1970622142504217e-05,0.53125
attention_max_w8,14,64,0.08282360874406403,0.05197039333895999,0.2209569256854784,0.7529628543884545,0.040351090085891245,0.02742793378413326,0.390625
attention_max_w8,27,64,0.08164342680104557,0.05854669760917199,0.20478523699871612,0.358879693106992,0.17396830272482988,0.03593117456408156,0.640625
attention_mean_w1,-1,192,0.09781157979150128,0.06021884179776256,0.36840150910285147,0.8144483539793377,0.1259388950578658,0.0,0.0
attention_mean_w1,0,64,0.06560859548117941,0.05994919823051514,0.1533329899229814,0.16712976059816567,0.13564844076946353,0.0,0.0
attention_mean_w1,14,64,0.11025154252819727,0.045516949122884356,0.4141735765605556,0.8144483539793377,0.05212687036491658,0.0,0.0
attention_mean_w1,27,64,0.11757460136512715,0.08582023834402612,0.40452604878505644,0.46340993235244843,0.19004137403921723,0.0,0.0
attention_mean_w16,-1,192,0.08908016347356855,0.05466732173051653,0.252926014003431,0.8275353863555516,0.12319655185904976,0.008731416317932715,0.5729166666666666
attention_mean_w16,0,64,0.05949242455147384,0.05501809617487537,0.15045900547325622,0.16389459296040992,0.13214044197241365,0.006116170929705556,0.90625
attention_mean_w16,14,64,0.12651464557420844,0.05275017109175507,0.6859436528642544,0.8275353863555516,0.06223383532256557,-0.016263103046011175,0.28125
attention_mean_w16,27,64,0.08123342029502337,0.056215408477040124,0.22260762249009133,0.34772032955969645,0.1752153782821701,0.03634118107010377,0.53125
attention_mean_w4,-1,192,0.07636430547562989,0.05439458096971103,0.18702691248884926,0.7448701740002679,0.11344630678107914,0.021447274315871376,0.6458333333333334
attention_mean_w4,0,64,0.061609028885191486,0.0571779639075021,0.14905805554270232,0.1612457392782414,0.13327668517741037,0.0039995665959879105,0.796875
attention_mean_w4,14,64,0.08802389435915599,0.04980499115904806,0.33765959024097736,0.7448701740002679,0.04134787583273443,0.022227648169041284,0.4375
attention_mean_w4,27,64,0.0794599931825422,0.05478438312132513,0.21068882100329978,0.37133693477852703,0.1657143593330927,0.03811460818258494,0.703125
attention_mean_w8,-1,192,0.0767664267660135,0.05507885406832777,0.1995173200313599,0.7480815910707291,0.11469204221864011,0.021045153025487772,0.6927083333333334
attention_mean_w8,0,64,0.05958765221506094,0.0545035058112105,0.15012592831482965,0.16453139663167307,0.1331338252815538,0.00602094326611846,0.921875
attention_mean_w8,14,64,0.08464144283344188,0.04954412079626463,0.2611025504485389,0.7480815910707291,0.039798407063179206,0.02561009969475541,0.4375
attention_mean_w8,27,64,0.0860701852495377,0.066691480619587,0.21290877493525862,0.3697795838972052,0.17114389431118737,0.031504416115589434,0.71875
contribution_ema_w1,-1,192,0.0881001454359696,0.05420799992327746,0.27006715919821894,0.8154752507700755,0.1273851292551159,0.009711434355531673,0.6770833333333334
contribution_ema_w1,0,64,0.056809066028538094,0.05128829657344568,0.15468117937741968,0.17470641626692163,0.13985370862007493,0.008799529452641303,0.9375
contribution_ema_w1,14,64,0.10966077964354365,0.04551288810622396,0.4123046348631963,0.8154752507700755,0.05219286090603363,0.0005907628846536416,0.390625
contribution_ema_w1,27,64,0.09783059063582705,0.07260958508724222,0.3019750592395401,0.45666247188218395,0.1901088182392391,0.019744010729300075,0.703125
contribution_ema_w16,-1,192,0.07259746750024394,0.050376514919035914,0.19050893816793452,0.7518073298482852,0.11779778861609591,0.025214112291257324,0.6927083333333334
contribution_ema_w16,0,64,0.05502997287332781,0.05009392066976208,0.15519288036413056,0.1703053400365032,0.13882187758255415,0.010578622607851588,0.9375
contribution_ema_w16,14,64,0.0874979910506698,0.04797478887390386,0.3425570344238241,0.7518073298482852,0.04142474492290055,0.02275355147752749,0.453125
contribution_ema_w16,27,64,0.07526443857673423,0.055913393941978126,0.19679706593896934,0.33460104436722504,0.17314674334283303,0.042310162788392905,0.6875
contribution_ema_w4,-1,192,0.0724359806312387,0.05045192673245119,0.1900951411817781,0.7500142044117682,0.11804968426686135,0.02537559916026258,0.703125
contribution_ema_w4,0,64,0.05493033359770053,0.04995217998920373,0.15473429062037783,0.16902565495983818,0.1388564167461731,0.010678261883478871,0.9375
contribution_ema_w4,14,64,0.08821315917168784,0.04797478887390386,0.35057220370953524,0.7500142044117682,0.04197037437062133,0.022038383356509438,0.453125
contribution_ema_w4,27,64,0.07416444912432772,0.05567148929355939,0.19655776581795018,0.3345513100388831,0.1733222616837896,0.04341015224079942,0.71875
contribution_ema_w8,-1,192,0.07260701051186484,0.050376514919035914,0.19050893816793452,0.7518073298482852,0.11803272084155148,0.025204569279636425,0.6927083333333334
contribution_ema_w8,0,64,0.05502997287332781,0.05009392066976208,0.15519288036413056,0.1703053400365032,0.13882187758255415,0.010578622607851588,0.9375
contribution_ema_w8,14,64,0.08753365183220713,0.04797478887390386,0.3425570344238241,0.7518073298482852,0.04142451368343942,0.02271789069599015,0.453125
contribution_ema_w8,27,64,0.0752574068300596,0.055913393941978126,0.19679706593896934,0.33460104436722504,0.17385177125866086,0.04231719453506754,0.6875
contribution_max_w1,-1,192,0.0881001454359696,0.05420799992327746,0.27006715919821894,0.8154752507700755,0.1273851292551159,0.009711434355531673,0.6770833333333334
contribution_max_w1,0,64,0.056809066028538094,0.05128829657344568,0.15468117937741968,0.17470641626692163,0.13985370862007493,0.008799529452641303,0.9375
contribution_max_w1,14,64,0.10966077964354365,0.04551288810622396,0.4123046348631963,0.8154752507700755,0.05219286090603363,0.0005907628846536416,0.390625
contribution_max_w1,27,64,0.09783059063582705,0.07260958508724222,0.3019750592395401,0.45666247188218395,0.1901088182392391,0.019744010729300075,0.703125
contribution_max_w16,-1,192,0.08937457337436287,0.057927693308078954,0.23838222690104427,0.8288388091196573,0.136742517058298,0.008437006417138402,0.4270833333333333
contribution_max_w16,0,64,0.061532778829050755,0.05811117122781758,0.1622636522521305,0.17758487845691628,0.14620568195465078,0.004075816652128644,0.671875
contribution_max_w16,14,64,0.12638422051955112,0.05722766158499219,0.4558958859724337,0.8288388091196573,0.06272742008562247,-0.01613267799135383,0.15625
contribution_max_w16,27,64,0.08020672077448675,0.05022331810683969,0.23730081770557776,0.25870025365843075,0.20129444913462083,0.03736788059064039,0.453125
contribution_max_w4,-1,192,0.07528332950694404,0.05091528665080149,0.19528790541038285,0.744391232607148,0.1220684418056213,0.02252825028455724,0.6302083333333334
contribution_max_w4,0,64,0.05799071273209726,0.053205702144440994,0.14942125381293167,0.16621474292912308,0.14441748343324454,0.0076178827490821464,0.953125
contribution_max_w4,14,64,0.09735359207831348,0.050014071338276234,0.3821283851710453,0.744391232607148,0.04645427787953699,0.01289795044988379,0.359375
contribution_max_w4,27,64,0.07050568371042136,0.0473373302637873,0.19672439814068898,0.3163237905143576,0.1753335641040824,0.04706891765470578,0.578125
contribution_max_w8,-1,192,0.07251347796696873,0.05413401749135905,0.1866339997039726,0.7553265963173567,0.12582987594554218,0.025298101824532532,0.5989583333333334
contribution_max_w8,0,64,0.05989407371970626,0.055747308012788,0.16015617056536796,0.17829313875091513,0.1559234602145291,0.005714521761473142,0.8125
contribution_max_w8,14,64,0.08482723045331587,0.05274510308650542,0.2184427805919224,0.7553265963173567,0.04077926579852385,0.025424312074881408,0.375
contribution_max_w8,27,64,0.07281912972788408,0.04814879932194975,0.19908707064629982,0.3201360028144621,0.18078690182357354,0.044755471637243055,0.609375
contribution_mean_plus_std_w1,-1,192,0.0881001454359696,0.05420799992327746,0.27006715919821894,0.8154752507700755,0.1273851292551159,0.009711434355531673,0.6770833333333334
contribution_mean_plus_std_w1,0,64,0.056809066028538094,0.05128829657344568,0.15468117937741968,0.17470641626692163,0.13985370862007493,0.008799529452641303,0.9375
contribution_mean_plus_std_w1,14,64,0.10966077964354365,0.04551288810622396,0.4123046348631963,0.8154752507700755,0.05219286090603363,0.0005907628846536416,0.390625
contribution_mean_plus_std_w1,27,64,0.09783059063582705,0.07260958508724222,0.3019750592395401,0.45666247188218395,0.1901088182392391,0.019744010729300075,0.703125
contribution_mean_plus_std_w16,-1,192,0.086083389344776,0.053424591640541724,0.24060482167825714,0.8296276186780599,0.1304402819764451,0.011728190446725259,0.5364583333333334
contribution_mean_plus_std_w16,0,64,0.0568898325267328,0.05288179914057689,0.15810086266089665,0.1757423750502313,0.14115030195770226,0.008718762954446601,0.9375
contribution_mean_plus_std_w16,14,64,0.12491690117176049,0.056064685937254416,0.42552335060507585,0.8296276186780599,0.06130608433345888,-0.014665358643563216,0.15625
contribution_mean_plus_std_w16,27,64,0.07644343433583475,0.04729242988266939,0.23820143841860625,0.26497665004538007,0.1888644596381742,0.041131167029292384,0.515625
contribution_mean_plus_std_w4,-1,192,0.07547258921272255,0.05047127901735784,0.19379948547847867,0.7437570012645122,0.12079204298435427,0.022338990578778712,0.6354166666666666
contribution_mean_plus_std_w4,0,64,0.05718127957374843,0.05257758583222391,0.15018513391845892,0.16769459480081414,0.14260744609360865,0.008427315907430975,0.953125
contribution_mean_plus_std_w4,14,64,0.0990928793136094,0.05101059990760688,0.3986811963117902,0.7437570012645122,0.04662543260474909,0.011158663214587888,0.359375
contribution_mean_plus_std_w4,27,64,0.07014360875080985,0.046739376350575124,0.1930455498188346,0.31149484216551493,0.17314325025470503,0.04743099261431728,0.59375
contribution_mean_plus_std_w8,-1,192,0.07128907464391904,0.05144086111959409,0.18683279184119772,0.7528547381909052,0.12351218659230438,0.026522505147582236,0.65625
contribution_mean_plus_std_w8,0,64,0.0582452909415542,0.05271171425464222,0.16110028428008047,0.18156289914255705,0.1545776772517885,0.007363304539625195,0.9375
contribution_mean_plus_std_w8,14,64,0.0835629540959852,0.051295307222558637,0.22292832979201077,0.7528547381909052,0.039676618385321806,0.026688588432212085,0.390625
contribution_mean_plus_std_w8,27,64,0.07205897889421771,0.0450896278419841,0.19887277404957393,0.3237212351538334,0.17628226413980283,0.04551562247090942,0.640625
contribution_mean_w1,-1,192,0.0881001454359696,0.05420799992327746,0.27006715919821894,0.8154752507700755,0.1273851292551159,0.009711434355531673,0.6770833333333334
contribution_mean_w1,0,64,0.056809066028538094,0.05128829657344568,0.15468117937741968,0.17470641626692163,0.13985370862007493,0.008799529452641303,0.9375
contribution_mean_w1,14,64,0.10966077964354365,0.04551288810622396,0.4123046348631963,0.8154752507700755,0.05219286090603363,0.0005907628846536416,0.390625
contribution_mean_w1,27,64,0.09783059063582705,0.07260958508724222,0.3019750592395401,0.45666247188218395,0.1901088182392391,0.019744010729300075,0.703125
contribution_mean_w16,-1,192,0.08523679421223541,0.0500290866014833,0.25555312284537757,0.8277038955839167,0.1271005506783384,0.012574785579265847,0.5833333333333334
contribution_mean_w16,0,64,0.054604686898861665,0.050339484210429594,0.1563447600458245,0.16976261181403726,0.13841929852020157,0.011003908582317739,0.9375
contribution_mean_w16,14,64,0.1259812290189142,0.05246697008297875,0.6872444385703209,0.8277038955839167,0.06205922813812939,-0.015729686490716925,0.296875
contribution_mean_w16,27,64,0.07512446671893042,0.04649158666964963,0.23573564141917605,0.2754081368044674,0.18082312537668416,0.04245013464619672,0.515625
contribution_mean_w4,-1,192,0.07091995797659623,0.04919550353499649,0.18602459177945652,0.7440313294132642,0.11657058380795371,0.026891621814905047,0.7083333333333334
contribution_mean_w4,0,64,0.05526734910313027,0.04973759088643491,0.15183014675531054,0.16636095290737024,0.13924063465327616,0.010341246378049132,0.984375
contribution_mean_w4,14,64,0.08823277460614076,0.04983953844009628,0.3378161003612815,0.7440313294132642,0.04169338376968808,0.022018767922056523,0.453125
contribution_mean_w4,27,64,0.06925975022051767,0.04561215485123153,0.19044280381408193,0.3317555430742667,0.16877773300089693,0.04831485114460948,0.6875
contribution_mean_w8,-1,192,0.07151115770489722,0.049928525780317215,0.19934308416745378,0.747661558771814,0.11850617729173907,0.026300422086604058,0.6666666666666666
contribution_mean_w8,0,64,0.05536742631941095,0.05052383073120755,0.1577541068367937,0.17818310818393135,0.14200247214137857,0.010241169161768444,0.9375
contribution_mean_w8,14,64,0.08670470896448498,0.04969460454714568,0.26152994258436185,0.747661558771814,0.041079036646659364,0.023546833563712285,0.421875
contribution_mean_w8,27,64,0.07246133783079568,0.0494399616098043,0.2118291202654728,0.3254393280999581,0.17243702308717926,0.04511326353433144,0.640625
contribution_q75_w1,-1,192,0.0881001454359696,0.05420799992327746,0.27006715919821894,0.8154752507700755,0.1273851292551159,0.009711434355531673,0.6770833333333334
contribution_q75_w1,0,64,0.056809066028538094,0.05128829657344568,0.15468117937741968,0.17470641626692163,0.13985370862007493,0.008799529452641303,0.9375
contribution_q75_w1,14,64,0.10966077964354365,0.04551288810622396,0.4123046348631963,0.8154752507700755,0.05219286090603363,0.0005907628846536416,0.390625
contribution_q75_w1,27,64,0.09783059063582705,0.07260958508724222,0.3019750592395401,0.45666247188218395,0.1901088182392391,0.019744010729300075,0.703125
contribution_q75_w16,-1,192,0.1014565232300245,0.054659045137787715,0.3082396566123083,0.9184421734931608,0.1336357711354805,-0.003644943438523226,0.5885416666666666
contribution_q75_w16,0,64,0.05483798784526094,0.04995787806230184,0.15390677738483682,0.17970717846072248,0.14450012207083646,0.01077060763591846,0.9375
contribution_q75_w16,14,64,0.17390901355403454,0.07997634491059358,0.7546051396894989,0.9184421734931608,0.07357149437918578,-0.06365747102583723,0.296875
contribution_q75_w16,27,64,0.07562256829077804,0.049331687420612,0.23547718848963772,0.2796079369547617,0.18283569695641927,0.041952033074349096,0.53125
contribution_q75_w4,-1,192,0.07038781864542813,0.05013564134348837,0.17972322419851483,0.7446884504828396,0.11725287258423607,0.02742376114607313,0.703125
contribution_q75_w4,0,64,0.055932947101065646,0.05083984416147659,0.1511103917882811,0.16605254073337383,0.14004359753344886,0.009675648380113751,0.984375
contribution_q75_w4,14,64,0.08755492093332748,0.05014947767170584,0.32463804771525123,0.7446884504828396,0.04150879732881114,0.022696621594869792,0.453125
contribution_q75_w4,27,64,0.06767558790189128,0.04689295390305867,0.1777852549386374,0.30866047742629504,0.17020622289044823,0.04989901346323586,0.671875
contribution_q75_w8,-1,192,0.071304931643746,0.049931879058126814,0.19479821618392,0.7484480590847757,0.11861216290865784,0.026506648147755264,0.6666666666666666
contribution_q75_w8,0,64,0.055814457504368656,0.05051363075515383,0.15792638608639378,0.1828838298053628,0.1427167857195329,0.009794137976810741,0.9375
contribution_q75_w8,14,64,0.08812659499443878,0.050181505200297905,0.2585973388359663,0.7484480590847757,0.04112451209234114,0.0221249475337585,0.421875
contribution_q75_w8,27,64,0.06997374243243057,0.0459858736655135,0.20126469348033116,0.3080054557484788,0.17199519091409943,0.047600858932696555,0.640625
random,-1,192,0.3575309405580435,0.20354101979996686,0.9475963640185501,1.030099068278318,0.38850655432326936,-0.2597193607665423,0.020833333333333332
random,0,64,0.08641775204762583,0.08639296964172061,0.15904646047503757,0.18538416528922905,0.24056294339414352,-0.02080915656644644,0.046875
random,14,64,0.7345393470331121,0.7441299483757653,0.9776956359709866,1.030099068278318,0.3615645554734058,-0.6242878045049147,0.015625
random,27,64,0.25163572259339273,0.20354101979996686,0.48824796724627173,0.6053271548269894,0.5633921641022587,-0.13406112122826558,0.0
value_norm,-1,192,0.3782083872236863,0.2385221840514176,0.9566140261524376,1.1100411060043582,0.3990478515051217,-0.28039680743218515,0.052083333333333336
value_norm,0,64,0.09043074086660931,0.08722769578095585,0.22960960526086555,0.24713471130161901,0.24722094504875547,-0.024822145385429907,0.09375
value_norm,14,64,0.8025907496271504,0.8325304400186606,0.9857151192672444,1.1100411060043582,0.3826898478690158,-0.6923392070989531,0.0
value_norm,27,64,0.24160367117729942,0.19458023230208937,0.4591320500508843,0.5137411267200531,0.5672327615975938,-0.12402906981217228,0.0625
