run_id,model,task,sample_id,seed,config_hash,git_commit,base_anchor,refresh_lag,refresh_anchor,strategy,same_reference_token_verified,reference_token_id,reference_token_position,stale_delta_nll,refreshed_delta_nll,refresh_benefit_delta_nll,stale_approx_kl,refreshed_approx_kl,refresh_benefit_approx_kl,stale_attention_output_error,refreshed_attention_output_error,new_token_online_leverage_mean,new_token_online_leverage_max,exited_recent_online_leverage_max,mean_old_token_score_spearman,mean_selected_core_turnover,mean_new_token_selected_fraction,sample_cluster,old_refresh_benefit,absolute_difference
mechanism_targeted_4bit_seed42_v1,mlx-community/Qwen2.5-1.5B-Instruct-4bit,gov_report,gov_report:0,42,cbda0763d81c77dc16cd819183d4ef66a431cae7d0d8f50510af026d1c16d64d,1d64abc8839e31ee1a0615e19a3b3b1809ca5618,0,16,16,snapkv,True,9954,936,0.0014076622897931657,0.0008487320734360537,0.0005589302163571119,0.00042313313434133153,0.00018667324074877898,0.00023645989359255255,0.22804428016146025,0.12378634264071782,0.22466676494880064,0.7959856353057091,,0.6015850625823724,0.41233766233766234,0.0,gov_report::gov_report:0,0.0005589302163571119,0.0
mechanism_targeted_4bit_seed42_v1,mlx-community/Qwen2.5-1.5B-Instruct-4bit,gov_report,gov_report:0,42,cbda0763d81c77dc16cd819183d4ef66a431cae7d0d8f50510af026d1c16d64d,1d64abc8839e31ee1a0615e19a3b3b1809ca5618,0,16,16,v_ridge_leverage,True,9954,936,0.9356791257156232,1.7242888092292645,-0.7886096835136414,0.925389411957043,1.7124163603229174,-0.7870269483658744,0.5117888674139977,0.39433542390664417,0.22466676494880064,0.7959856353057091,,0.999059678297904,0.025974025974025965,0.0,gov_report::gov_report:0,-0.7886096835136414,0.0
mechanism_targeted_4bit_seed42_v1,mlx-community/Qwen2.5-1.5B-Instruct-4bit,gov_report,gov_report:0,42,cbda0763d81c77dc16cd819183d4ef66a431cae7d0d8f50510af026d1c16d64d,1d64abc8839e31ee1a0615e19a3b3b1809ca5618,0,16,16,attention_weighted_v_ridge_leverage,True,9954,936,0.0012080717129805407,0.0026301319008865676,-0.0014220601879060268,0.0003508363663745573,0.0011310893851756707,-0.0007802530188011134,0.32286814227700233,0.23304068172971407,0.22466676494880064,0.7959856353057091,,0.9996222427821647,0.01233766233766233,0.0,gov_report::gov_report:0,-0.0014220601879060268,0.0
mechanism_targeted_4bit_seed42_v1,mlx-community/Qwen2.5-1.5B-Instruct-4bit,gov_report,gov_report:0,42,cbda0763d81c77dc16cd819183d4ef66a431cae7d0d8f50510af026d1c16d64d,1d64abc8839e31ee1a0615e19a3b3b1809ca5618,0,48,48,snapkv,True,9954,968,0.006199555234271514,-0.0002790787592665822,0.0064786339935380965,0.004851677476457646,0.00011102129167875117,0.0047406561847788955,0.2749021102984746,0.11658602704604466,0.18980163573115696,0.7959856353057091,0.7959856353057091,0.3482195260716531,0.5233766233766234,0.07272727272727272,gov_report::gov_report:0,0.0064786339935380965,0.0
mechanism_targeted_4bit_seed42_v1,mlx-community/Qwen2.5-1.5B-Instruct-4bit,gov_report,gov_report:0,42,cbda0763d81c77dc16cd819183d4ef66a431cae7d0d8f50510af026d1c16d64d,1d64abc8839e31ee1a0615e19a3b3b1809ca5618,0,48,48,v_ridge_leverage,True,9954,968,0.02256304001923226,0.0036349047396662115,0.01892813527956605,0.020498578826653888,0.002824970526729795,0.017673608299924093,0.42809003839890164,0.3446033795674642,0.18980163573115696,0.7959856353057091,0.7959856353057091,0.9960189555386206,0.06931818181818183,0.014123376623376621,gov_report::gov_report:0,0.01892813527956605,0.0
mechanism_targeted_4bit_seed42_v1,mlx-community/Qwen2.5-1.5B-Instruct-4bit,gov_report,gov_report:0,42,cbda0763d81c77dc16cd819183d4ef66a431cae7d0d8f50510af026d1c16d64d,1d64abc8839e31ee1a0615e19a3b3b1809ca5618,0,48,48,attention_weighted_v_ridge_leverage,True,9954,968,0.00437124794836663,0.0001868448990727245,0.0041844030492939055,0.0032583292034778603,0.00017916879441072948,0.003079160409067131,0.3278120259443919,0.18631753077109656,0.18980163573115696,0.7959856353057091,0.7959856353057091,0.9985713880284555,0.027759740259740262,0.003246753246753247,gov_report::gov_report:0,0.0041844030492939055,0.0
mechanism_targeted_4bit_seed42_v1,mlx-community/Qwen2.5-1.5B-Instruct-4bit,gov_report,gov_report:0,42,cbda0763d81c77dc16cd819183d4ef66a431cae7d0d8f50510af026d1c16d64d,1d64abc8839e31ee1a0615e19a3b3b1809ca5618,16,32,48,snapkv,True,9954,968,0.0022157439917656063,-0.0002790787592665822,0.0024948227510321885,0.0013239192926759163,0.00011102129167875117,0.001212898000997165,0.24299550553162894,0.11658602704604466,0.16934538748530323,0.503954498950971,,0.7188965587338606,0.32905844155844155,0.0,gov_report::gov_report:0,0.0024948227510321885,0.0
mechanism_targeted_4bit_seed42_v1,mlx-community/Qwen2.5-1.5B-Instruct-4bit,gov_report,gov_report:0,42,cbda0763d81c77dc16cd819183d4ef66a431cae7d0d8f50510af026d1c16d64d,1d64abc8839e31ee1a0615e19a3b3b1809ca5618,16,32,48,v_ridge_leverage,True,9954,968,0.04074939316626214,0.0036349047396662115,0.037114488426595926,0.038409235172791385,0.002824970526729795,0.03558426464606159,0.4623636156320572,0.3446033795674642,0.16934538748530323,0.503954498950971,,0.9970223602279772,0.05129870129870131,0.0,gov_report::gov_report:0,0.037114488426595926,0.0
mechanism_targeted_4bit_seed42_v1,mlx-community/Qwen2.5-1.5B-Instruct-4bit,gov_report,gov_report:0,42,cbda0763d81c77dc16cd819183d4ef66a431cae7d0d8f50510af026d1c16d64d,1d64abc8839e31ee1a0615e19a3b3b1809ca5618,16,32,48,attention_weighted_v_ridge_leverage,True,9954,968,0.004180747778374183,0.0001868448990727245,0.003993902879301459,0.003038441280803647,0.00017916879441072948,0.0028592724863929176,0.26986047128836316,0.18631753077109656,0.16934538748530323,0.503954498950971,,0.9989968135761945,0.019318181818181807,0.0,gov_report::gov_report:0,0.003993902879301459,0.0
mechanism_targeted_4bit_seed42_v1,mlx-community/Qwen2.5-1.5B-Instruct-4bit,gov_report,gov_report:1,42,cbda0763d81c77dc16cd819183d4ef66a431cae7d0d8f50510af026d1c16d64d,1d64abc8839e31ee1a0615e19a3b3b1809ca5618,0,16,16,snapkv,True,279,977,0.0019953533263503687,-0.0005029492823780402,0.002498302608728409,0.010700391736209717,0.003401714622168338,0.007298677114041379,0.23543903045356274,0.1621132337798675,0.18163433192418377,0.7613116264122943,,0.6822571339708047,0.3490259740259741,0.0,gov_report::gov_report:1,0.002498302608728409,0.0
mechanism_targeted_4bit_seed42_v1,mlx-community/Qwen2.5-1.5B-Instruct-4bit,gov_report,gov_report:1,42,cbda0763d81c77dc16cd819183d4ef66a431cae7d0d8f50510af026d1c16d64d,1d64abc8839e31ee1a0615e19a3b3b1809ca5618,0,16,16,v_ridge_leverage,True,279,977,0.06420567475274197,0.09562846861794583,-0.03142279386520386,0.08757387474603837,0.11385829229619063,-0.02628441755015226,0.3154938978453477,0.3089364307622115,0.18163433192418377,0.7613116264122943,,0.9994779506941559,0.026785714285714274,0.0,gov_report::gov_report:1,-0.03142279386520386,0.0
mechanism_targeted_4bit_seed42_v1,mlx-community/Qwen2.5-1.5B-Instruct-4bit,gov_report,gov_report:1,42,cbda0763d81c77dc16cd819183d4ef66a431cae7d0d8f50510af026d1c16d64d,1d64abc8839e31ee1a0615e19a3b3b1809ca5618,0,16,16,attention_weighted_v_ridge_leverage,True,279,977,-0.005857659205645405,-0.007348319217413746,0.001490660011768341,0.005752381113788145,0.00157611026532778,0.004176270848460365,0.23375600886841616,0.21733644977211952,0.18163433192418377,0.7613116264122943,,0.9998321893963119,0.010227272727272712,0.0,gov_report::gov_report:1,0.001490660011768341,0.0
mechanism_targeted_4bit_seed42_v1,mlx-community/Qwen2.5-1.5B-Instruct-4bit,gov_report,gov_report:1,42,cbda0763d81c77dc16cd819183d4ef66a431cae7d0d8f50510af026d1c16d64d,1d64abc8839e31ee1a0615e19a3b3b1809ca5618,0,48,48,snapkv,True,17,1009,0.280798325322003,-2.8465227323692943e-05,0.2808267905493267,0.2795933440411491,8.163409278610248e-06,0.2795851806318705,0.3385672327131033,0.10208098823204637,0.18026611204441478,0.7613116264122943,0.7613116264122943,0.5434746891920585,0.46055194805194805,0.07272727272727272,gov_report::gov_report:1,0.2808267905493267,0.0
mechanism_targeted_4bit_seed42_v1,mlx-community/Qwen2.5-1.5B-Instruct-4bit,gov_report,gov_report:1,42,cbda0763d81c77dc16cd819183d4ef66a431cae7d0d8f50510af026d1c16d64d,1d64abc8839e31ee1a0615e19a3b3b1809ca5618,0,48,48,v_ridge_leverage,True,17,1009,0.8977196607807585,0.0013777007184856416,0.8963419600622728,0.8962476025525724,0.0010129375567491038,0.8952346649958233,0.3674938213080168,0.3119593703498443,0.18026611204441478,0.7613116264122943,0.7613116264122943,0.9976114643071271,0.0728896103896104,0.010714285714285714,gov_report::gov_report:1,0.8963419600622728,0.0
mechanism_targeted_4bit_seed42_v1,mlx-community/Qwen2.5-1.5B-Instruct-4bit,gov_report,gov_report:1,42,cbda0763d81c77dc16cd819183d4ef66a431cae7d0d8f50510af026d1c16d64d,1d64abc8839e31ee1a0615e19a3b3b1809ca5618,0,48,48,attention_weighted_v_ridge_leverage,True,17,1009,0.6251454744556852,0.00041410781665973673,0.6247313666390255,0.6237354138726922,0.00020585215886929673,0.6235295617138229,0.4642783037076394,0.42203075004120666,0.18026611204441478,0.7613116264122943,0.7613116264122943,0.9989695084282936,0.031818181818181815,0.008928571428571428,gov_report::gov_report:1,0.6247313666390255,0.0
mechanism_targeted_4bit_seed42_v1,mlx-community/Qwen2.5-1.5B-Instruct-4bit,gov_report,gov_report:1,42,cbda0763d81c77dc16cd819183d4ef66a431cae7d0d8f50510af026d1c16d64d,1d64abc8839e31ee1a0615e19a3b3b1809ca5618,16,32,48,snapkv,True,17,1009,0.00760480249989115,-2.8465227323692943e-05,0.007633267727214843,0.006968162009107241,8.163409278610248e-06,0.006959998599828631,0.2843690092364947,0.10208098823204637,0.17552307920729118,0.7459130053689023,,0.8094492080092897,0.2462662337662338,0.0,gov_report::gov_report:1,0.007633267727214843,0.0
mechanism_targeted_4bit_seed42_v1,mlx-community/Qwen2.5-1.5B-Instruct-4bit,gov_report,gov_report:1,42,cbda0763d81c77dc16cd819183d4ef66a431cae7d0d8f50510af026d1c16d64d,1d64abc8839e31ee1a0615e19a3b3b1809ca5618,16,32,48,v_ridge_leverage,True,17,1009,0.3515678141334959,0.0013777007184856416,0.3501901134150103,0.3502841353214406,0.0010129375567491038,0.3492711977646915,0.3803702959169944,0.3119593703498443,0.17552307920729118,0.7459130053689023,,0.9981637066264769,0.049675324675324664,0.0,gov_report::gov_report:1,0.3501901134150103,0.0
mechanism_targeted_4bit_seed42_v1,mlx-community/Qwen2.5-1.5B-Instruct-4bit,gov_report,gov_report:1,42,cbda0763d81c77dc16cd819183d4ef66a431cae7d0d8f50510af026d1c16d64d,1d64abc8839e31ee1a0615e19a3b3b1809ca5618,16,32,48,attention_weighted_v_ridge_leverage,True,17,1009,0.365942368290753,0.00041410781665973673,0.36552826047409326,0.3646465403390581,0.00020585215886929673,0.36444068818018877,0.4578084759414196,0.42203075004120666,0.17552307920729118,0.7459130053689023,,0.9991909320322959,0.024675324675324673,0.0,gov_report::gov_report:1,0.36552826047409326,0.0
mechanism_targeted_4bit_seed42_v1,mlx-community/Qwen2.5-1.5B-Instruct-4bit,gov_report,gov_report:2,42,cbda0763d81c77dc16cd819183d4ef66a431cae7d0d8f50510af026d1c16d64d,1d64abc8839e31ee1a0615e19a3b3b1809ca5618,0,16,16,snapkv,True,5837,1038,0.9072108308159983,-0.07179885708454492,0.9790096879005432,0.6837769922606982,0.1562923132886116,0.5274846789720866,0.2663539405912161,0.22978132342298827,0.19734503954942062,0.5978183369044798,,0.40360050709246004,0.37467532467532466,0.0,gov_report::gov_report:2,0.9790096879005432,0.0
mechanism_targeted_4bit_seed42_v1,mlx-community/Qwen2.5-1.5B-Instruct-4bit,gov_report,gov_report:2,42,cbda0763d81c77dc16cd819183d4ef66a431cae7d0d8f50510af026d1c16d64d,1d64abc8839e31ee1a0615e19a3b3b1809ca5618,0,16,16,v_ridge_leverage,True,5837,1038,0.1271783748948252,-0.18576675259235742,0.3129451274871826,0.18687983040363484,0.17384533786514286,0.013034492538491982,0.4171001085390647,0.38678769022226334,0.19734503954942062,0.5978183369044798,,0.9991662102155281,0.024188311688311676,0.0,gov_report::gov_report:2,0.3129451274871826,0.0
mechanism_targeted_4bit_seed42_v1,mlx-community/Qwen2.5-1.5B-Instruct-4bit,gov_report,gov_report:2,42,cbda0763d81c77dc16cd819183d4ef66a431cae7d0d8f50510af026d1c16d64d,1d64abc8839e31ee1a0615e19a3b3b1809ca5618,0,16,16,attention_weighted_v_ridge_leverage,True,5837,1038,0.2730652133309519,-0.03934216105106714,0.31240737438201904,0.20237419269103357,0.0549797887121419,0.14739440397889167,0.2513057899971803,0.2415168397128582,0.19734503954942062,0.5978183369044798,,0.9997558555806473,0.009902597402597382,0.0,gov_report::gov_report:2,0.31240737438201904,0.0
mechanism_targeted_4bit_seed42_v1,mlx-community/Qwen2.5-1.5B-Instruct-4bit,gov_report,gov_report:2,42,cbda0763d81c77dc16cd819183d4ef66a431cae7d0d8f50510af026d1c16d64d,1d64abc8839e31ee1a0615e19a3b3b1809ca5618,0,48,48,snapkv,True,15,1070,8.667685953156479e-05,-1.5339138244030437e-06,8.821077335596783e-05,7.614512711646144e-05,5.456213419054461e-07,7.559950577455599e-05,0.3845350022117297,0.23898804311951002,0.18290581998148037,0.5978183369044798,0.5978183369044798,0.2088804423221941,0.5482142857142857,0.07272727272727272,gov_report::gov_report:2,8.821077335596783e-05,0.0
mechanism_targeted_4bit_seed42_v1,mlx-community/Qwen2.5-1.5B-Instruct-4bit,gov_report,gov_report:2,42,cbda0763d81c77dc16cd819183d4ef66a431cae7d0d8f50510af026d1c16d64d,1d64abc8839e31ee1a0615e19a3b3b1809ca5618,0,48,48,v_ridge_leverage,True,15,1070,0.0002732051133662594,0.000374380621828152,-0.0001011755084618926,0.0002617008882993226,0.00036548373535447224,-0.00010378284705514962,0.39595761771003407,0.4751158195237319,0.18290581998148037,0.5978183369044798,0.5978183369044798,0.9973463391840955,0.07727272727272728,0.018993506493506496,gov_report::gov_report:2,-0.0001011755084618926,0.0
mechanism_targeted_4bit_seed42_v1,mlx-community/Qwen2.5-1.5B-Instruct-4bit,gov_report,gov_report:2,42,cbda0763d81c77dc16cd819183d4ef66a431cae7d0d8f50510af026d1c16d64d,1d64abc8839e31ee1a0615e19a3b3b1809ca5618,0,48,48,attention_weighted_v_ridge_leverage,True,15,1070,9.790877733450998e-06,1.0625330936875343e-05,-8.344532034243457e-07,6.53963055386411e-06,6.2676076790371e-06,2.720228748270098e-07,0.3972778630753358,0.3800629998246829,0.18290581998148037,0.5978183369044798,0.5978183369044798,0.9984501939362248,0.033928571428571426,0.006818181818181819,gov_report::gov_report:2,-8.344532034243457e-07,0.0
mechanism_targeted_4bit_seed42_v1,mlx-community/Qwen2.5-1.5B-Instruct-4bit,gov_report,gov_report:2,42,cbda0763d81c77dc16cd819183d4ef66a431cae7d0d8f50510af026d1c16d64d,1d64abc8839e31ee1a0615e19a3b3b1809ca5618,16,32,48,snapkv,True,15,1070,2.8768094253450727e-06,-1.5339138244030437e-06,4.410723249748116e-06,1.6488139815348564e-06,5.456213419054461e-07,1.1031926396294102e-06,0.29517608135938644,0.23898804311951002,0.17290279152303198,0.5200187144585483,,0.8307452587233239,0.31672077922077924,0.0,gov_report::gov_report:2,4.410723249748116e-06,0.0
mechanism_targeted_4bit_seed42_v1,mlx-community/Qwen2.5-1.5B-Instruct-4bit,gov_report,gov_report:2,42,cbda0763d81c77dc16cd819183d4ef66a431cae7d0d8f50510af026d1c16d64d,1d64abc8839e31ee1a0615e19a3b3b1809ca5618,16,32,48,v_ridge_leverage,True,15,1070,0.00019800205237885393,0.000374380621828152,-0.00017637856944929808,0.00018897053408399646,0.00036548373535447224,-0.00017651320127047579,0.4185627078016599,0.4751158195237319,0.17290279152303198,0.5200187144585483,,0.9981863098629987,0.05730519480519482,0.0,gov_report::gov_report:2,-0.00017637856944929808,0.0
mechanism_targeted_4bit_seed42_v1,mlx-community/Qwen2.5-1.5B-Instruct-4bit,gov_report,gov_report:2,42,cbda0763d81c77dc16cd819183d4ef66a431cae7d0d8f50510af026d1c16d64d,1d64abc8839e31ee1a0615e19a3b3b1809ca5618,16,32,48,attention_weighted_v_ridge_leverage,True,15,1070,1.2175028054173254e-05,1.0625330936875343e-05,1.5496971172979102e-06,8.096440503590295e-06,6.2676076790371e-06,1.8288328245531945e-06,0.4553797282278538,0.3800629998246829,0.17290279152303198,0.5200187144585483,,0.9988799510495328,0.02662337662337661,0.0,gov_report::gov_report:2,1.5496971172979102e-06,0.0
mechanism_targeted_4bit_seed42_v1,mlx-community/Qwen2.5-1.5B-Instruct-4bit,gov_report,gov_report:3,42,cbda0763d81c77dc16cd819183d4ef66a431cae7d0d8f50510af026d1c16d64d,1d64abc8839e31ee1a0615e19a3b3b1809ca5618,0,16,16,snapkv,True,35654,911,-0.017398403074505353,-0.008326080676081205,-0.009072322398424149,0.054057963572781836,0.004544562644078078,0.04951340092870376,0.31835453522702056,0.20331363007426262,0.18437924797985236,0.6062088974676152,,0.8308509289953108,0.2896103896103896,0.0,gov_report::gov_report:3,-0.009072322398424149,0.0
mechanism_targeted_4bit_seed42_v1,mlx-community/Qwen2.5-1.5B-Instruct-4bit,gov_report,gov_report:3,42,cbda0763d81c77dc16cd819183d4ef66a431cae7d0d8f50510af026d1c16d64d,1d64abc8839e31ee1a0615e19a3b3b1809ca5618,0,16,16,v_ridge_leverage,True,35654,911,4.616108420256612,3.3428492573537802,1.273259162902832,4.275138049777893,3.044073477586826,1.231064572191067,0.37335381532708806,0.38191928528249264,0.18437924797985236,0.6062088974676152,,0.99909141340766,0.028896103896103902,0.0,gov_report::gov_report:3,1.273259162902832,0.0
mechanism_targeted_4bit_seed42_v1,mlx-community/Qwen2.5-1.5B-Instruct-4bit,gov_report,gov_report:3,42,cbda0763d81c77dc16cd819183d4ef66a431cae7d0d8f50510af026d1c16d64d,1d64abc8839e31ee1a0615e19a3b3b1809ca5618,0,16,16,attention_weighted_v_ridge_leverage,True,35654,911,0.2001082328596091,0.023268568281171298,0.1768396645784378,0.11606849500831336,0.006124884450321326,0.10994361055799204,0.27010649877289933,0.23663286616404852,0.18437924797985236,0.6062088974676152,,0.9995803119707556,0.015584415584415577,0.0,gov_report::gov_report:3,0.1768396645784378,0.0
mechanism_targeted_4bit_seed42_v1,mlx-community/Qwen2.5-1.5B-Instruct-4bit,gov_report,gov_report:3,42,cbda0763d81c77dc16cd819183d4ef66a431cae7d0d8f50510af026d1c16d64d,1d64abc8839e31ee1a0615e19a3b3b1809ca5618,0,48,48,snapkv,True,553,943,0.027972517726766455,9.59956628321379e-06,0.02796291816048324,0.030155307921575787,2.2326533104779203e-05,0.03013298138847101,0.45040885359048843,0.13780522346496582,0.20481430969985268,0.6180979239084249,0.6062088974676152,0.592116312153455,0.5160714285714286,0.07272727272727272,gov_report::gov_report:3,0.02796291816048324,0.0
mechanism_targeted_4bit_seed42_v1,mlx-community/Qwen2.5-1.5B-Instruct-4bit,gov_report,gov_report:3,42,cbda0763d81c77dc16cd819183d4ef66a431cae7d0d8f50510af026d1c16d64d,1d64abc8839e31ee1a0615e19a3b3b1809ca5618,0,48,48,v_ridge_leverage,True,553,943,0.008281856035637247,0.0012764117734604952,0.007005444262176752,0.006160160288848747,0.000455197062665618,0.005704963226183128,0.3778911766906579,0.39770105356971425,0.20481430969985268,0.6180979239084249,0.6062088974676152,0.9964455736918223,0.07159090909090908,0.00909090909090909,gov_report::gov_report:3,0.007005444262176752,0.0
mechanism_targeted_4bit_seed42_v1,mlx-community/Qwen2.5-1.5B-Instruct-4bit,gov_report,gov_report:3,42,cbda0763d81c77dc16cd819183d4ef66a431cae7d0d8f50510af026d1c16d64d,1d64abc8839e31ee1a0615e19a3b3b1809ca5618,0,48,48,attention_weighted_v_ridge_leverage,True,553,943,0.016462283400642264,0.0011210704276436445,0.015341212972998619,0.013874898559039719,0.0006989111567898953,0.013175987402249824,0.28914562861124676,0.16807790473103523,0.20481430969985268,0.6180979239084249,0.6062088974676152,0.9973114647958,0.04090909090909091,0.005032467532467532,gov_report::gov_report:3,0.015341212972998619,0.0
mechanism_targeted_4bit_seed42_v1,mlx-community/Qwen2.5-1.5B-Instruct-4bit,gov_report,gov_report:3,42,cbda0763d81c77dc16cd819183d4ef66a431cae7d0d8f50510af026d1c16d64d,1d64abc8839e31ee1a0615e19a3b3b1809ca5618,16,32,48,snapkv,True,553,943,-0.001189941581515086,9.59956628321379e-06,-0.0011995411477982998,0.0006272648496201378,2.2326533104779203e-05,0.0006049383165153586,0.22143857181072235,0.13780522346496582,0.20999351398124108,0.6032482131871972,,0.7772073573137882,0.28603896103896104,0.0,gov_report::gov_report:3,-0.0011995411477982998,0.0
mechanism_targeted_4bit_seed42_v1,mlx-community/Qwen2.5-1.5B-Instruct-4bit,gov_report,gov_report:3,42,cbda0763d81c77dc16cd819183d4ef66a431cae7d0d8f50510af026d1c16d64d,1d64abc8839e31ee1a0615e19a3b3b1809ca5618,16,32,48,v_ridge_leverage,True,553,943,0.010422493522810328,0.0012764117734604952,0.009146081749349833,0.008084453780829323,0.000455197062665618,0.007629256718163705,0.3837646258374055,0.39770105356971425,0.20999351398124108,0.6032482131871972,,0.9973434272717253,0.050649350649350645,0.0,gov_report::gov_report:3,0.009146081749349833,0.0
mechanism_targeted_4bit_seed42_v1,mlx-community/Qwen2.5-1.5B-Instruct-4bit,gov_report,gov_report:3,42,cbda0763d81c77dc16cd819183d4ef66a431cae7d0d8f50510af026d1c16d64d,1d64abc8839e31ee1a0615e19a3b3b1809ca5618,16,32,48,attention_weighted_v_ridge_leverage,True,553,943,0.021390387980090964,0.0011210704276436445,0.02026931755244732,0.018781775316464206,0.0006989111567898953,0.018082864159674313,0.28397201249996823,0.16807790473103523,0.20999351398124108,0.6032482131871972,,0.9978828118747977,0.02824675324675325,0.0,gov_report::gov_report:3,0.02026931755244732,0.0
mechanism_targeted_4bit_seed42_v1,mlx-community/Qwen2.5-1.5B-Instruct-4bit,gov_report,gov_report:4,42,cbda0763d81c77dc16cd819183d4ef66a431cae7d0d8f50510af026d1c16d64d,1d64abc8839e31ee1a0615e19a3b3b1809ca5618,0,16,16,snapkv,True,320,997,0.0011125174989707887,-0.0014807539353363097,0.0025932714343070984,0.0015481266422336458,0.0006073037095803225,0.0009408229326533233,0.2779540146390597,0.2459426587447524,0.15723600648182323,0.49759118784835926,,0.720688705973609,0.3618506493506493,0.0,gov_report::gov_report:4,0.0025932714343070984,0.0
mechanism_targeted_4bit_seed42_v1,mlx-community/Qwen2.5-1.5B-Instruct-4bit,gov_report,gov_report:4,42,cbda0763d81c77dc16cd819183d4ef66a431cae7d0d8f50510af026d1c16d64d,1d64abc8839e31ee1a0615e19a3b3b1809ca5618,0,16,16,v_ridge_leverage,True,320,997,0.24491464492732362,0.0943872198169835,0.15052742511034012,0.2145977671358636,0.07252595641723654,0.14207181071862707,0.4286535494029522,0.5073873400688171,0.15723600648182323,0.49759118784835926,,0.9995749193823501,0.026623376623376615,0.0,gov_report::gov_report:4,0.15052742511034012,0.0
mechanism_targeted_4bit_seed42_v1,mlx-community/Qwen2.5-1.5B-Instruct-4bit,gov_report,gov_report:4,42,cbda0763d81c77dc16cd819183d4ef66a431cae7d0d8f50510af026d1c16d64d,1d64abc8839e31ee1a0615e19a3b3b1809ca5618,0,16,16,attention_weighted_v_ridge_leverage,True,320,997,0.004615702264548105,0.00375108566933946,0.0008646165952086449,0.001075940726770838,0.0007823633618179876,0.00029357736495285044,0.2798785964647929,0.17692767021556696,0.15723600648182323,0.49759118784835926,,0.9997922237181207,0.012175324675324669,0.0,gov_report::gov_report:4,0.0008646165952086449,0.0
mechanism_targeted_4bit_seed42_v1,mlx-community/Qwen2.5-1.5B-Instruct-4bit,gov_report,gov_report:4,42,cbda0763d81c77dc16cd819183d4ef66a431cae7d0d8f50510af026d1c16d64d,1d64abc8839e31ee1a0615e19a3b3b1809ca5618,0,48,48,snapkv,True,23148,1029,1.6453146090265385,0.004138028575109587,1.641176580451429,1.6269713397882792,0.0019208563367520723,1.6250504834515271,0.7190773052473863,0.28841671471794444,0.1479398661153226,0.5044525622218885,0.49759118784835926,0.5283272607894679,0.4946428571428572,0.07272727272727272,gov_report::gov_report:4,1.641176580451429,0.0
mechanism_targeted_4bit_seed42_v1,mlx-community/Qwen2.5-1.5B-Instruct-4bit,gov_report,gov_report:4,42,cbda0763d81c77dc16cd819183d4ef66a431cae7d0d8f50510af026d1c16d64d,1d64abc8839e31ee1a0615e19a3b3b1809ca5618,0,48,48,v_ridge_leverage,True,23148,1029,5.2062924256082646,4.320879255747425,0.8854131698608398,5.190363457713399,4.3333922178594895,0.8569712398539098,0.8277551134427389,0.6845678562919298,0.1479398661153226,0.5044525622218885,0.49759118784835926,0.9971654299806348,0.06055194805194806,0.0025974025974025974,gov_report::gov_report:4,0.8854131698608398,0.0
mechanism_targeted_4bit_seed42_v1,mlx-community/Qwen2.5-1.5B-Instruct-4bit,gov_report,gov_report:4,42,cbda0763d81c77dc16cd819183d4ef66a431cae7d0d8f50510af026d1c16d64d,1d64abc8839e31ee1a0615e19a3b3b1809ca5618,0,48,48,attention_weighted_v_ridge_leverage,True,23148,1029,0.03602396822534715,0.01142190149985467,0.024602066725492477,0.0233444736717937,0.004752240356033464,0.018592233315760237,0.29827822744846344,0.22765123844146729,0.1479398661153226,0.5044525622218885,0.49759118784835926,0.998632017934203,0.028409090909090908,0.002435064935064935,gov_report::gov_report:4,0.024602066725492477,0.0
mechanism_targeted_4bit_seed42_v1,mlx-community/Qwen2.5-1.5B-Instruct-4bit,gov_report,gov_report:4,42,cbda0763d81c77dc16cd819183d4ef66a431cae7d0d8f50510af026d1c16d64d,1d64abc8839e31ee1a0615e19a3b3b1809ca5618,16,32,48,snapkv,True,23148,1029,1.6035516609903446,0.004138028575109587,1.599413632415235,1.5905862004650944,0.0019208563367520723,1.5886653441283423,0.560706460227569,0.28841671471794444,0.14111312246832333,0.4979749882808966,,0.49732529402575354,0.4498376623376624,0.0,gov_report::gov_report:4,1.599413632415235,0.0
mechanism_targeted_4bit_seed42_v1,mlx-community/Qwen2.5-1.5B-Instruct-4bit,gov_report,gov_report:4,42,cbda0763d81c77dc16cd819183d4ef66a431cae7d0d8f50510af026d1c16d64d,1d64abc8839e31ee1a0615e19a3b3b1809ca5618,16,32,48,v_ridge_leverage,True,23148,1029,5.990635668253528,4.320879255747425,1.6697564125061035,5.966435691662341,4.3333922178594895,1.6330434738028519,0.8336102652053038,0.6845678562919298,0.14111312246832333,0.4979749882808966,,0.9977142951701762,0.04090909090909091,0.0,gov_report::gov_report:4,1.6697564125061035,0.0
mechanism_targeted_4bit_seed42_v1,mlx-community/Qwen2.5-1.5B-Instruct-4bit,gov_report,gov_report:4,42,cbda0763d81c77dc16cd819183d4ef66a431cae7d0d8f50510af026d1c16d64d,1d64abc8839e31ee1a0615e19a3b3b1809ca5618,16,32,48,attention_weighted_v_ridge_leverage,True,23148,1029,0.02815308920107995,0.01142190149985467,0.01673118770122528,0.01753667800772066,0.004752240356033464,0.012784437651687196,0.2741635739803314,0.22765123844146729,0.14111312246832333,0.4979749882808966,,0.9989353922366409,0.02077922077922078,0.0,gov_report::gov_report:4,0.01673118770122528,0.0
mechanism_targeted_4bit_seed42_v1,mlx-community/Qwen2.5-1.5B-Instruct-4bit,reasoning_long_generation,reasoning_long_generation_0,42,cbda0763d81c77dc16cd819183d4ef66a431cae7d0d8f50510af026d1c16d64d,1d64abc8839e31ee1a0615e19a3b3b1809ca5618,0,16,16,snapkv,True,24308,504,-0.0002029908175451567,-0.00020596732449362776,2.9765069484710693e-06,4.3030247737496404e-05,1.707166250096329e-05,2.5958585236533115e-05,0.16095603567858538,0.04469126959641775,2.9215856825450928,17.396231807607318,,0.9602136707639429,0.09724025974025975,0.0,reasoning_long_generation::reasoning_long_generation_0,2.9765069484710693e-06,0.0
mechanism_targeted_4bit_seed42_v1,mlx-community/Qwen2.5-1.5B-Instruct-4bit,reasoning_long_generation,reasoning_long_generation_0,42,cbda0763d81c77dc16cd819183d4ef66a431cae7d0d8f50510af026d1c16d64d,1d64abc8839e31ee1a0615e19a3b3b1809ca5618,0,16,16,v_ridge_leverage,True,24308,504,-8.691216882894537e-05,-0.00019179911416600248,0.00010488694533705711,2.213879779195087e-05,2.0755734571662687e-05,1.383063220288183e-06,0.18250431368748346,0.08753903458515803,2.9215856825450928,17.396231807607318,,0.9977012733239693,0.06931818181818185,0.0,reasoning_long_generation::reasoning_long_generation_0,0.00010488694533705711,0.0
mechanism_targeted_4bit_seed42_v1,mlx-community/Qwen2.5-1.5B-Instruct-4bit,reasoning_long_generation,reasoning_long_generation_0,42,cbda0763d81c77dc16cd819183d4ef66a431cae7d0d8f50510af026d1c16d64d,1d64abc8839e31ee1a0615e19a3b3b1809ca5618,0,16,16,attention_weighted_v_ridge_leverage,True,24308,504,0.000561689743133087,0.00018352865643223026,0.0003781610867008567,0.00013807401312357793,1.2319455138865837e-05,0.0001257545579847121,0.17874480100969473,0.10611339534322421,2.9215856825450928,17.396231807607318,,0.9988983975630307,0.05811688311688312,0.0,reasoning_long_generation::reasoning_long_generation_0,0.0003781610867008567,0.0
mechanism_targeted_4bit_seed42_v1,mlx-community/Qwen2.5-1.5B-Instruct-4bit,reasoning_long_generation,reasoning_long_generation_0,42,cbda0763d81c77dc16cd819183d4ef66a431cae7d0d8f50510af026d1c16d64d,1d64abc8839e31ee1a0615e19a3b3b1809ca5618,0,48,48,snapkv,True,13,536,0.03934361152523991,1.4253846813971904e-07,0.03934346898677177,0.03929286177918959,1.1008604330875602e-08,0.03929285077058526,0.7354811976353327,0.017563917208462954,2.67384876854795,39.49992472660007,17.396231807607318,0.8821709708726108,0.27126623376623377,0.07272727272727272,reasoning_long_generation::reasoning_long_generation_0,0.03934346898677177,0.0
mechanism_targeted_4bit_seed42_v1,mlx-community/Qwen2.5-1.5B-Instruct-4bit,reasoning_long_generation,reasoning_long_generation_0,42,cbda0763d81c77dc16cd819183d4ef66a431cae7d0d8f50510af026d1c16d64d,1d64abc8839e31ee1a0615e19a3b3b1809ca5618,0,48,48,v_ridge_leverage,True,13,536,0.07398242615336414,1.6473803682970356e-05,0.07396595234968117,0.07393691298417526,5.699776419898224e-06,0.07393121320775536,0.7511794505019983,0.20621867012232542,2.67384876854795,39.49992472660007,17.396231807607318,0.9912515929688164,0.19383116883116883,0.060389610389610396,reasoning_long_generation::reasoning_long_generation_0,0.07396595234968117,0.0
mechanism_targeted_4bit_seed42_v1,mlx-community/Qwen2.5-1.5B-Instruct-4bit,reasoning_long_generation,reasoning_long_generation_0,42,cbda0763d81c77dc16cd819183d4ef66a431cae7d0d8f50510af026d1c16d64d,1d64abc8839e31ee1a0615e19a3b3b1809ca5618,0,48,48,attention_weighted_v_ridge_leverage,True,13,536,0.07115053497427937,6.460505304062281e-06,0.0711440744689753,0.07110625106937597,1.8418786269060966e-06,0.07110440919074906,0.7238109943767389,0.29099226246277493,2.67384876854795,39.49992472660007,17.396231807607318,0.9944823763380674,0.14334415584415586,0.04805194805194805,reasoning_long_generation::reasoning_long_generation_0,0.0711440744689753,0.0
mechanism_targeted_4bit_seed42_v1,mlx-community/Qwen2.5-1.5B-Instruct-4bit,reasoning_long_generation,reasoning_long_generation_0,42,cbda0763d81c77dc16cd819183d4ef66a431cae7d0d8f50510af026d1c16d64d,1d64abc8839e31ee1a0615e19a3b3b1809ca5618,16,32,48,snapkv,True,13,536,0.05000962801450726,1.4253846813971904e-07,0.05000948547603912,0.04995260381149044,1.1008604330875602e-08,0.04995259280288611,0.7217619027942419,0.017563917208462954,1.6044484806177897,19.354421417446197,,0.9030696609073817,0.20860389610389612,0.0,reasoning_long_generation::reasoning_long_generation_0,0.05000948547603912,0.0
mechanism_targeted_4bit_seed42_v1,mlx-community/Qwen2.5-1.5B-Instruct-4bit,reasoning_long_generation,reasoning_long_generation_0,42,cbda0763d81c77dc16cd819183d4ef66a431cae7d0d8f50510af026d1c16d64d,1d64abc8839e31ee1a0615e19a3b3b1809ca5618,16,32,48,v_ridge_leverage,True,13,536,0.09098003171557423,1.6473803682970356e-05,0.09096355791189126,0.09092882638832658,5.699776419898224e-06,0.09092312661190668,0.7491056006401777,0.20621867012232542,1.6044484806177897,19.354421417446197,,0.9954257947226386,0.12824675324675328,0.0,reasoning_long_generation::reasoning_long_generation_0,0.09096355791189126,0.0
mechanism_targeted_4bit_seed42_v1,mlx-community/Qwen2.5-1.5B-Instruct-4bit,reasoning_long_generation,reasoning_long_generation_0,42,cbda0763d81c77dc16cd819183d4ef66a431cae7d0d8f50510af026d1c16d64d,1d64abc8839e31ee1a0615e19a3b3b1809ca5618,16,32,48,attention_weighted_v_ridge_leverage,True,13,536,0.09342388920659062,6.460505304062281e-06,0.09341742870128655,0.09337711576062853,1.8418786269060966e-06,0.09337527388200162,0.7148958382507166,0.29099226246277493,1.6044484806177897,19.354421417446197,,0.9967915666575167,0.09025974025974023,0.0,reasoning_long_generation::reasoning_long_generation_0,0.09341742870128655,0.0
mechanism_targeted_4bit_seed42_v1,mlx-community/Qwen2.5-1.5B-Instruct-4bit,reasoning_long_generation,reasoning_long_generation_1,42,cbda0763d81c77dc16cd819183d4ef66a431cae7d0d8f50510af026d1c16d64d,1d64abc8839e31ee1a0615e19a3b3b1809ca5618,0,16,16,snapkv,True,13,501,0.0014174975186733718,-0.0019721906900258546,0.0033896882086992264,0.00010424379785673466,0.00023939944193905285,-0.0001351556440823182,0.10213686929394801,0.03711494353289405,2.584128370065397,19.151659905479537,,0.9762635893165025,0.09480519480519482,0.0,reasoning_long_generation::reasoning_long_generation_1,0.0033896882086992264,0.0
mechanism_targeted_4bit_seed42_v1,mlx-community/Qwen2.5-1.5B-Instruct-4bit,reasoning_long_generation,reasoning_long_generation_1,42,cbda0763d81c77dc16cd819183d4ef66a431cae7d0d8f50510af026d1c16d64d,1d64abc8839e31ee1a0615e19a3b3b1809ca5618,0,16,16,v_ridge_leverage,True,13,501,0.004958473491683435,-0.0002861857682319169,0.005244659259915352,0.0009656039072367838,6.147298636729402e-06,0.0009594566086000545,0.17917883830765882,0.1309284490222732,2.584128370065397,19.151659905479537,,0.9978955188860373,0.06834415584415586,0.0,reasoning_long_generation::reasoning_long_generation_1,0.005244659259915352,0.0
mechanism_targeted_4bit_seed42_v1,mlx-community/Qwen2.5-1.5B-Instruct-4bit,reasoning_long_generation,reasoning_long_generation_1,42,cbda0763d81c77dc16cd819183d4ef66a431cae7d0d8f50510af026d1c16d64d,1d64abc8839e31ee1a0615e19a3b3b1809ca5618,0,16,16,attention_weighted_v_ridge_leverage,True,13,501,0.009611314508333635,8.570376053285145e-06,0.00960274413228035,0.0029537323716625,1.4019587928159785e-06,0.002952330412869684,0.14284255324552456,0.10486950849493344,2.584128370065397,19.151659905479537,,0.9988571719745417,0.05941558441558443,0.0,reasoning_long_generation::reasoning_long_generation_1,0.00960274413228035,0.0
mechanism_targeted_4bit_seed42_v1,mlx-community/Qwen2.5-1.5B-Instruct-4bit,reasoning_long_generation,reasoning_long_generation_1,42,cbda0763d81c77dc16cd819183d4ef66a431cae7d0d8f50510af026d1c16d64d,1d64abc8839e31ee1a0615e19a3b3b1809ca5618,0,48,48,snapkv,True,220,533,0.006117570276579443,0.00044398621397334637,0.005673584062606096,0.0030007770442032904,3.4382287138018166e-05,0.0029663947570652723,0.1179839838296175,0.046386622435723744,2.413372925968408,28.883282202985907,19.151659905479537,0.8469830970151834,0.2569805194805195,0.07272727272727272,reasoning_long_generation::reasoning_long_generation_1,0.005673584062606096,0.0
mechanism_targeted_4bit_seed42_v1,mlx-community/Qwen2.5-1.5B-Instruct-4bit,reasoning_long_generation,reasoning_long_generation_1,42,cbda0763d81c77dc16cd819183d4ef66a431cae7d0d8f50510af026d1c16d64d,1d64abc8839e31ee1a0615e19a3b3b1809ca5618,0,48,48,v_ridge_leverage,True,220,533,0.015773922267577234,0.024727778571865144,-0.00895385630428791,0.009898041247253457,0.017698184786922862,-0.007800143539669405,0.18630509171634912,0.30691633738266927,2.413372925968408,28.883282202985907,19.151659905479537,0.9921499911429714,0.19610389610389614,0.0625,reasoning_long_generation::reasoning_long_generation_1,-0.00895385630428791,0.0
mechanism_targeted_4bit_seed42_v1,mlx-community/Qwen2.5-1.5B-Instruct-4bit,reasoning_long_generation,reasoning_long_generation_1,42,cbda0763d81c77dc16cd819183d4ef66a431cae7d0d8f50510af026d1c16d64d,1d64abc8839e31ee1a0615e19a3b3b1809ca5618,0,48,48,attention_weighted_v_ridge_leverage,True,220,533,0.01590685180129725,0.02055688208641726,-0.00465003028512001,0.0101916121778793,0.014081885696595122,-0.0038902735187158217,0.3728359155356884,0.31742516811937094,2.413372925968408,28.883282202985907,19.151659905479537,0.9936771659504835,0.14415584415584418,0.04464285714285715,reasoning_long_generation::reasoning_long_generation_1,-0.00465003028512001,0.0
mechanism_targeted_4bit_seed42_v1,mlx-community/Qwen2.5-1.5B-Instruct-4bit,reasoning_long_generation,reasoning_long_generation_1,42,cbda0763d81c77dc16cd819183d4ef66a431cae7d0d8f50510af026d1c16d64d,1d64abc8839e31ee1a0615e19a3b3b1809ca5618,16,32,48,snapkv,True,220,533,0.004149439341595951,0.00044398621397334637,0.0037054531276226044,0.001649798386490931,3.4382287138018166e-05,0.0016154160993529128,0.11343916567663352,0.046386622435723744,1.2698998304016909,14.847733468006162,,0.8742856708372908,0.21022727272727273,0.0,reasoning_long_generation::reasoning_long_generation_1,0.0037054531276226044,0.0
mechanism_targeted_4bit_seed42_v1,mlx-community/Qwen2.5-1.5B-Instruct-4bit,reasoning_long_generation,reasoning_long_generation_1,42,cbda0763d81c77dc16cd819183d4ef66a431cae7d0d8f50510af026d1c16d64d,1d64abc8839e31ee1a0615e19a3b3b1809ca5618,16,32,48,v_ridge_leverage,True,220,533,0.023187855321189943,0.024727778571865144,-0.0015399232506752014,0.01628792223738559,0.017698184786922862,-0.0014102625495372723,0.18476734713961682,0.30691633738266927,1.2698998304016909,14.847733468006162,,0.9957412756542805,0.13051948051948054,0.0,reasoning_long_generation::reasoning_long_generation_1,-0.0015399232506752014,0.0
mechanism_targeted_4bit_seed42_v1,mlx-community/Qwen2.5-1.5B-Instruct-4bit,reasoning_long_generation,reasoning_long_generation_1,42,cbda0763d81c77dc16cd819183d4ef66a431cae7d0d8f50510af026d1c16d64d,1d64abc8839e31ee1a0615e19a3b3b1809ca5618,16,32,48,attention_weighted_v_ridge_leverage,True,220,533,0.007541472154876772,0.02055688208641726,-0.01301540993154049,0.003810493990670824,0.014081885696595122,-0.0102713917059243,0.36118614363173646,0.31742516811937094,1.2698998304016909,14.847733468006162,,0.9956106110133955,0.09074675324675326,0.0,reasoning_long_generation::reasoning_long_generation_1,-0.01301540993154049,0.0
mechanism_targeted_4bit_seed42_v1,mlx-community/Qwen2.5-1.5B-Instruct-4bit,reasoning_long_generation,reasoning_long_generation_2,42,cbda0763d81c77dc16cd819183d4ef66a431cae7d0d8f50510af026d1c16d64d,1d64abc8839e31ee1a0615e19a3b3b1809ca5618,0,16,16,snapkv,True,279,503,-0.0029177979376484586,-0.0007190384712387754,-0.0021987594664096832,0.0005248929148086237,9.958919100463035e-05,0.00042530372380399333,0.09104444521168868,0.06759356055408716,2.9512850202937777,22.904300094733994,,0.975004603996506,0.09025974025974026,0.0,reasoning_long_generation::reasoning_long_generation_2,-0.0021987594664096832,0.0
mechanism_targeted_4bit_seed42_v1,mlx-community/Qwen2.5-1.5B-Instruct-4bit,reasoning_long_generation,reasoning_long_generation_2,42,cbda0763d81c77dc16cd819183d4ef66a431cae7d0d8f50510af026d1c16d64d,1d64abc8839e31ee1a0615e19a3b3b1809ca5618,0,16,16,v_ridge_leverage,True,279,503,-0.001099835782902403,0.0008383861932586001,-0.0019382219761610031,0.00025286623007499793,0.0003676280852256304,-0.0001147618551506325,0.17156403698027134,0.14718173568447432,2.9512850202937777,22.904300094733994,,0.9979687986130671,0.06769480519480521,0.0,reasoning_long_generation::reasoning_long_generation_2,-0.0019382219761610031,0.0
mechanism_targeted_4bit_seed42_v1,mlx-community/Qwen2.5-1.5B-Instruct-4bit,reasoning_long_generation,reasoning_long_generation_2,42,cbda0763d81c77dc16cd819183d4ef66a431cae7d0d8f50510af026d1c16d64d,1d64abc8839e31ee1a0615e19a3b3b1809ca5618,0,16,16,attention_weighted_v_ridge_leverage,True,279,503,0.011354983151299791,-3.762327100531593e-05,0.011392606422305107,0.0038569822728222037,0.000683389295891601,0.0031735929769306026,0.18962368369102478,0.1726229644070069,2.9512850202937777,22.904300094733994,,0.9989470383721368,0.058603896103896116,0.0,reasoning_long_generation::reasoning_long_generation_2,0.011392606422305107,0.0
mechanism_targeted_4bit_seed42_v1,mlx-community/Qwen2.5-1.5B-Instruct-4bit,reasoning_long_generation,reasoning_long_generation_2,42,cbda0763d81c77dc16cd819183d4ef66a431cae7d0d8f50510af026d1c16d64d,1d64abc8839e31ee1a0615e19a3b3b1809ca5618,0,48,48,snapkv,True,304,535,-0.045705266721103754,0.015740863554622564,-0.06144613027572632,0.010376398682448721,0.0015847455179819826,0.008791653164466739,0.23861251212656498,0.0386099424213171,2.555273414283305,56.75947521358567,22.904300094733994,0.8644289110683586,0.2634740259740259,0.07272727272727272,reasoning_long_generation::reasoning_long_generation_2,-0.06144613027572632,0.0
mechanism_targeted_4bit_seed42_v1,mlx-community/Qwen2.5-1.5B-Instruct-4bit,reasoning_long_generation,reasoning_long_generation_2,42,cbda0763d81c77dc16cd819183d4ef66a431cae7d0d8f50510af026d1c16d64d,1d64abc8839e31ee1a0615e19a3b3b1809ca5618,0,48,48,v_ridge_leverage,True,304,535,-0.030871399171207514,0.07065712618127051,-0.10152852535247803,0.13390881048066933,0.03356998792495071,0.10033882255571862,0.38919047514597577,0.29967738315463066,2.555273414283305,56.75947521358567,22.904300094733994,0.992330293943443,0.19334415584415582,0.060551948051948044,reasoning_long_generation::reasoning_long_generation_2,-0.10152852535247803,0.0
mechanism_targeted_4bit_seed42_v1,mlx-community/Qwen2.5-1.5B-Instruct-4bit,reasoning_long_generation,reasoning_long_generation_2,42,cbda0763d81c77dc16cd819183d4ef66a431cae7d0d8f50510af026d1c16d64d,1d64abc8839e31ee1a0615e19a3b3b1809ca5618,0,48,48,attention_weighted_v_ridge_leverage,True,304,535,-0.09850060237154779,-0.018544771201465693,-0.07995583117008209,0.029232877806428713,0.004218185382397344,0.02501469242403137,0.39193559375902015,0.3189895488321781,2.555273414283305,56.75947521358567,22.904300094733994,0.993966708332025,0.1448051948051948,0.049999999999999996,reasoning_long_generation::reasoning_long_generation_2,-0.07995583117008209,0.0
mechanism_targeted_4bit_seed42_v1,mlx-community/Qwen2.5-1.5B-Instruct-4bit,reasoning_long_generation,reasoning_long_generation_2,42,cbda0763d81c77dc16cd819183d4ef66a431cae7d0d8f50510af026d1c16d64d,1d64abc8839e31ee1a0615e19a3b3b1809ca5618,16,32,48,snapkv,True,304,535,-0.012807794339511958,0.015740863554622564,-0.02854865789413452,0.005605074011258939,0.0015847455179819826,0.004020328493276956,0.21906324538091818,0.0386099424213171,1.516232224939501,26.484409723957707,,0.8853605194032453,0.21720779220779218,0.0,reasoning_long_generation::reasoning_long_generation_2,-0.02854865789413452,0.0
mechanism_targeted_4bit_seed42_v1,mlx-community/Qwen2.5-1.5B-Instruct-4bit,reasoning_long_generation,reasoning_long_generation_2,42,cbda0763d81c77dc16cd819183d4ef66a431cae7d0d8f50510af026d1c16d64d,1d64abc8839e31ee1a0615e19a3b3b1809ca5618,16,32,48,v_ridge_leverage,True,304,535,0.03879096316590491,0.07065712618127051,-0.0318661630153656,0.11217148540094019,0.03356998792495071,0.07860149747598948,0.37396127233902615,0.29967738315463066,1.516232224939501,26.484409723957707,,0.9957814455665857,0.12840909090909092,0.0,reasoning_long_generation::reasoning_long_generation_2,-0.0318661630153656,0.0
mechanism_targeted_4bit_seed42_v1,mlx-community/Qwen2.5-1.5B-Instruct-4bit,reasoning_long_generation,reasoning_long_generation_2,42,cbda0763d81c77dc16cd819183d4ef66a431cae7d0d8f50510af026d1c16d64d,1d64abc8839e31ee1a0615e19a3b3b1809ca5618,16,32,48,attention_weighted_v_ridge_leverage,True,304,535,-0.09502335680231866,-0.018544771201465693,-0.07647858560085297,0.0241151859170565,0.004218185382397344,0.019897000534659155,0.38244830071926117,0.3189895488321781,1.516232224939501,26.484409723957707,,0.9963791898344586,0.09285714285714286,0.0,reasoning_long_generation::reasoning_long_generation_2,-0.07647858560085297,0.0
mechanism_targeted_4bit_seed42_v1,mlx-community/Qwen2.5-1.5B-Instruct-4bit,reasoning_long_generation,reasoning_long_generation_3,42,cbda0763d81c77dc16cd819183d4ef66a431cae7d0d8f50510af026d1c16d64d,1d64abc8839e31ee1a0615e19a3b3b1809ca5618,0,16,16,snapkv,True,279,513,-0.0032948983583303004,-0.0009092317644210368,-0.0023856665939092636,0.0004933877081743073,6.109016355393984e-05,0.0004322975446203674,0.09314526990056038,0.05966041671733061,2.930054099174427,23.589936574466137,,0.9770958496481533,0.08181818181818183,0.0,reasoning_long_generation::reasoning_long_generation_3,-0.0023856665939092636,0.0
mechanism_targeted_4bit_seed42_v1,mlx-community/Qwen2.5-1.5B-Instruct-4bit,reasoning_long_generation,reasoning_long_generation_3,42,cbda0763d81c77dc16cd819183d4ef66a431cae7d0d8f50510af026d1c16d64d,1d64abc8839e31ee1a0615e19a3b3b1809ca5618,0,16,16,v_ridge_leverage,True,279,513,-0.002900934008106759,-0.0014881791297050029,-0.0014127548784017563,0.001082556778325762,0.0005837615131741355,0.0004987952651516266,0.15257250517606735,0.1315523919959863,2.930054099174427,23.589936574466137,,0.9984701210565031,0.06737012987012989,0.0,reasoning_long_generation::reasoning_long_generation_3,-0.0014127548784017563,0.0
mechanism_targeted_4bit_seed42_v1,mlx-community/Qwen2.5-1.5B-Instruct-4bit,reasoning_long_generation,reasoning_long_generation_3,42,cbda0763d81c77dc16cd819183d4ef66a431cae7d0d8f50510af026d1c16d64d,1d64abc8839e31ee1a0615e19a3b3b1809ca5618,0,16,16,attention_weighted_v_ridge_leverage,True,279,513,0.006948424341931769,-0.0005644766363950282,0.0075129009783267975,0.002670599101789678,0.001109607223648614,0.0015609918781410638,0.2019045203924179,0.1871050906678041,2.930054099174427,23.589936574466137,,0.9990570413001398,0.05860389610389611,0.0,reasoning_long_generation::reasoning_long_generation_3,0.0075129009783267975,0.0
mechanism_targeted_4bit_seed42_v1,mlx-community/Qwen2.5-1.5B-Instruct-4bit,reasoning_long_generation,reasoning_long_generation_3,42,cbda0763d81c77dc16cd819183d4ef66a431cae7d0d8f50510af026d1c16d64d,1d64abc8839e31ee1a0615e19a3b3b1809ca5618,0,48,48,snapkv,True,23316,545,0.02655359802224666,0.04032763538339168,-0.01377403736114502,0.036671036745831345,0.019817810831426044,0.0168532259144053,0.17225098407592063,0.09470664958159129,2.6054723767999697,61.5070774405126,23.589936574466137,0.8807934280050703,0.26071428571428573,0.07272727272727272,reasoning_long_generation::reasoning_long_generation_3,-0.01377403736114502,0.0
mechanism_targeted_4bit_seed42_v1,mlx-community/Qwen2.5-1.5B-Instruct-4bit,reasoning_long_generation,reasoning_long_generation_3,42,cbda0763d81c77dc16cd819183d4ef66a431cae7d0d8f50510af026d1c16d64d,1d64abc8839e31ee1a0615e19a3b3b1809ca5618,0,48,48,v_ridge_leverage,True,23316,545,0.9549183517453912,0.4982666641233209,0.4566516876220703,0.6421394059775505,0.24097363847982822,0.40116576749772226,0.21404243410991816,0.20912916259112535,2.6054723767999697,61.5070774405126,23.589936574466137,0.993399314437834,0.19237012987012986,0.05957792207792208,reasoning_long_generation::reasoning_long_generation_3,0.4566516876220703,0.0
mechanism_targeted_4bit_seed42_v1,mlx-community/Qwen2.5-1.5B-Instruct-4bit,reasoning_long_generation,reasoning_long_generation_3,42,cbda0763d81c77dc16cd819183d4ef66a431cae7d0d8f50510af026d1c16d64d,1d64abc8839e31ee1a0615e19a3b3b1809ca5618,0,48,48,attention_weighted_v_ridge_leverage,True,23316,545,0.3407627016065362,0.0759282678125146,0.2648344337940216,0.15978004682255056,0.021416006747404445,0.13836404007514613,0.18498615698384432,0.13456876998558678,2.6054723767999697,61.5070774405126,23.589936574466137,0.994205865879314,0.14756493506493507,0.05048701298701298,reasoning_long_generation::reasoning_long_generation_3,0.2648344337940216,0.0
mechanism_targeted_4bit_seed42_v1,mlx-community/Qwen2.5-1.5B-Instruct-4bit,reasoning_long_generation,reasoning_long_generation_3,42,cbda0763d81c77dc16cd819183d4ef66a431cae7d0d8f50510af026d1c16d64d,1d64abc8839e31ee1a0615e19a3b3b1809ca5618,16,32,48,snapkv,True,23316,545,0.043168303346419634,0.04032763538339168,0.002840667963027954,0.029055906171201185,0.019817810831426044,0.00923809533977514,0.15666659846283437,0.09470664958159129,1.6109263441059394,27.132945483472845,,0.8913963174477179,0.2165584415584416,0.0,reasoning_long_generation::reasoning_long_generation_3,0.002840667963027954,0.0
mechanism_targeted_4bit_seed42_v1,mlx-community/Qwen2.5-1.5B-Instruct-4bit,reasoning_long_generation,reasoning_long_generation_3,42,cbda0763d81c77dc16cd819183d4ef66a431cae7d0d8f50510af026d1c16d64d,1d64abc8839e31ee1a0615e19a3b3b1809ca5618,16,32,48,v_ridge_leverage,True,23316,545,1.0975376039502862,0.4982666641233209,0.5992709398269653,0.7444692220351521,0.24097363847982822,0.5034955835553239,0.207334202553587,0.20912916259112535,1.6109263441059394,27.132945483472845,,0.9961295541186787,0.1277597402597403,0.0,reasoning_long_generation::reasoning_long_generation_3,0.5992709398269653,0.0
mechanism_targeted_4bit_seed42_v1,mlx-community/Qwen2.5-1.5B-Instruct-4bit,reasoning_long_generation,reasoning_long_generation_3,42,cbda0763d81c77dc16cd819183d4ef66a431cae7d0d8f50510af026d1c16d64d,1d64abc8839e31ee1a0615e19a3b3b1809ca5618,16,32,48,attention_weighted_v_ridge_leverage,True,23316,545,0.39342727956750423,0.0759282678125146,0.3174990117549896,0.1850558281053375,0.021416006747404445,0.16363982135793304,0.1687762335198689,0.13456876998558678,1.6109263441059394,27.132945483472845,,0.9964212850214688,0.09464285714285715,0.0,reasoning_long_generation::reasoning_long_generation_3,0.3174990117549896,0.0
mechanism_targeted_4bit_seed42_v1,mlx-community/Qwen2.5-1.5B-Instruct-4bit,reasoning_long_generation,reasoning_long_generation_4,42,cbda0763d81c77dc16cd819183d4ef66a431cae7d0d8f50510af026d1c16d64d,1d64abc8839e31ee1a0615e19a3b3b1809ca5618,0,16,16,snapkv,True,279,511,-0.0031284571016954033,-0.0004380282337592689,-0.0026904288679361343,0.0005260824814621333,5.243668599967666e-05,0.0004736457954624566,0.09816608391702175,0.06030769428859154,2.7224828058764934,16.06322423644221,,0.9793654948626207,0.09123376623376625,0.0,reasoning_long_generation::reasoning_long_generation_4,-0.0026904288679361343,0.0
mechanism_targeted_4bit_seed42_v1,mlx-community/Qwen2.5-1.5B-Instruct-4bit,reasoning_long_generation,reasoning_long_generation_4,42,cbda0763d81c77dc16cd819183d4ef66a431cae7d0d8f50510af026d1c16d64d,1d64abc8839e31ee1a0615e19a3b3b1809ca5618,0,16,16,v_ridge_leverage,True,279,511,0.0019569366847349556,-0.00017287324618564526,0.002129809930920601,0.0003618550262307296,0.00019709211090543442,0.0001647629153252952,0.16968086237708727,0.13734076327333847,2.7224828058764934,16.06322423644221,,0.9976932973789168,0.06899350649350652,0.0,reasoning_long_generation::reasoning_long_generation_4,0.002129809930920601,0.0
mechanism_targeted_4bit_seed42_v1,mlx-community/Qwen2.5-1.5B-Instruct-4bit,reasoning_long_generation,reasoning_long_generation_4,42,cbda0763d81c77dc16cd819183d4ef66a431cae7d0d8f50510af026d1c16d64d,1d64abc8839e31ee1a0615e19a3b3b1809ca5618,0,16,16,attention_weighted_v_ridge_leverage,True,279,511,0.010502856937534943,6.0117584951058234e-05,0.010442739352583885,0.0028806583415766714,0.0003284645936148866,0.002552193747961785,0.18395480886101723,0.1673439803222815,2.7224828058764934,16.06322423644221,,0.9989416866677053,0.05811688311688312,0.0,reasoning_long_generation::reasoning_long_generation_4,0.010442739352583885,0.0
mechanism_targeted_4bit_seed42_v1,mlx-community/Qwen2.5-1.5B-Instruct-4bit,reasoning_long_generation,reasoning_long_generation_4,42,cbda0763d81c77dc16cd819183d4ef66a431cae7d0d8f50510af026d1c16d64d,1d64abc8839e31ee1a0615e19a3b3b1809ca5618,0,48,48,snapkv,True,510,543,1.0014273722531613,0.011877556598406613,0.9895498156547546,0.33098631050600674,0.00016156036571871773,0.330824750140288,0.17858056786159673,0.03118046202386419,1.5890156913513727,16.06322423644221,16.06322423644221,0.8420360997246983,0.2603896103896104,0.07272727272727272,reasoning_long_generation::reasoning_long_generation_4,0.9895498156547546,0.0
mechanism_targeted_4bit_seed42_v1,mlx-community/Qwen2.5-1.5B-Instruct-4bit,reasoning_long_generation,reasoning_long_generation_4,42,cbda0763d81c77dc16cd819183d4ef66a431cae7d0d8f50510af026d1c16d64d,1d64abc8839e31ee1a0615e19a3b3b1809ca5618,0,48,48,v_ridge_leverage,True,510,543,0.9671092827679928,0.011858304298144162,0.9552509784698486,0.34709382405316663,0.0020637638862280993,0.34503006016693855,0.19418544818957648,0.12603576784022152,1.5890156913513727,16.06322423644221,16.06322423644221,0.9917080037341205,0.19545454545454546,0.06103896103896104,reasoning_long_generation::reasoning_long_generation_4,0.9552509784698486,0.0
mechanism_targeted_4bit_seed42_v1,mlx-community/Qwen2.5-1.5B-Instruct-4bit,reasoning_long_generation,reasoning_long_generation_4,42,cbda0763d81c77dc16cd819183d4ef66a431cae7d0d8f50510af026d1c16d64d,1d64abc8839e31ee1a0615e19a3b3b1809ca5618,0,48,48,attention_weighted_v_ridge_leverage,True,510,543,0.9205628235699947,0.021734555518847287,0.8988282680511475,0.3023539903977116,0.0014112429255187572,0.30094274747219285,0.17514183248082796,0.13174417583892742,1.5890156913513727,16.06322423644221,16.06322423644221,0.9919204622548973,0.1409090909090909,0.045779220779220774,reasoning_long_generation::reasoning_long_generation_4,0.8988282680511475,0.0
mechanism_targeted_4bit_seed42_v1,mlx-community/Qwen2.5-1.5B-Instruct-4bit,reasoning_long_generation,reasoning_long_generation_4,42,cbda0763d81c77dc16cd819183d4ef66a431cae7d0d8f50510af026d1c16d64d,1d64abc8839e31ee1a0615e19a3b3b1809ca5618,16,32,48,snapkv,True,510,543,0.7287368376614864,0.011877556598406613,0.7168592810630798,0.21529192882505643,0.00016156036571871773,0.21513036845933772,0.16382087456683317,0.03118046202386419,0.7976341938365138,10.93789006614444,,0.8579815178524203,0.2178571428571428,0.0,reasoning_long_generation::reasoning_long_generation_4,0.7168592810630798,0.0
mechanism_targeted_4bit_seed42_v1,mlx-community/Qwen2.5-1.5B-Instruct-4bit,reasoning_long_generation,reasoning_long_generation_4,42,cbda0763d81c77dc16cd819183d4ef66a431cae7d0d8f50510af026d1c16d64d,1d64abc8839e31ee1a0615e19a3b3b1809ca5618,16,32,48,v_ridge_leverage,True,510,543,0.6285706360699947,0.011858304298144162,0.6167123317718506,0.20688966103081102,0.0020637638862280993,0.20482589714458294,0.17353980305294195,0.12603576784022152,0.7976341938365138,10.93789006614444,,0.9957503876287663,0.1303571428571429,0.0,reasoning_long_generation::reasoning_long_generation_4,0.6167123317718506,0.0
mechanism_targeted_4bit_seed42_v1,mlx-community/Qwen2.5-1.5B-Instruct-4bit,reasoning_long_generation,reasoning_long_generation_4,42,cbda0763d81c77dc16cd819183d4ef66a431cae7d0d8f50510af026d1c16d64d,1d64abc8839e31ee1a0615e19a3b3b1809ca5618,16,32,48,attention_weighted_v_ridge_leverage,True,510,543,0.6534107525708492,0.021734555518847287,0.631676197052002,0.19036751874080263,0.0014112429255187572,0.18895627581528388,0.1675616279244423,0.13174417583892742,0.7976341938365138,10.93789006614444,,0.9944709009519864,0.09123376623376624,0.0,reasoning_long_generation::reasoning_long_generation_4,0.631676197052002,0.0
mechanism_targeted_4bit_seed42_v1,mlx-community/Qwen2.5-1.5B-Instruct-4bit,niah_single_1,synthetic_niah_0,42,cbda0763d81c77dc16cd819183d4ef66a431cae7d0d8f50510af026d1c16d64d,1d64abc8839e31ee1a0615e19a3b3b1809ca5618,0,16,16,snapkv,True,2832,1278,3.132007277173443e-05,-1.4323464533561037e-05,4.564353730529547e-05,6.16257231481874e-06,7.65666561379978e-07,5.396905753438762e-06,0.06613836872080962,0.053296245906191565,1.5790684267233006,5.877750167238334,,0.9159012169053432,0.08068181818181819,0.0,niah_single_1::synthetic_niah_0,4.564353730529547e-05,0.0
mechanism_targeted_4bit_seed42_v1,mlx-community/Qwen2.5-1.5B-Instruct-4bit,niah_single_1,synthetic_niah_0,42,cbda0763d81c77dc16cd819183d4ef66a431cae7d0d8f50510af026d1c16d64d,1d64abc8839e31ee1a0615e19a3b3b1809ca5618,0,16,16,v_ridge_leverage,True,2832,1278,2.238219912698014e-05,-1.1820767944925592e-05,3.420296707190573e-05,4.993676144428091e-06,6.64247444940318e-07,4.329428699487773e-06,0.09819212928414345,0.08302271979240079,1.5790684267233006,5.877750167238334,,0.996900496970658,0.08944805194805197,0.0,niah_single_1::synthetic_niah_0,3.420296707190573e-05,0.0
mechanism_targeted_4bit_seed42_v1,mlx-community/Qwen2.5-1.5B-Instruct-4bit,niah_single_1,synthetic_niah_0,42,cbda0763d81c77dc16cd819183d4ef66a431cae7d0d8f50510af026d1c16d64d,1d64abc8839e31ee1a0615e19a3b3b1809ca5618,0,16,16,attention_weighted_v_ridge_leverage,True,2832,1278,4.4786327812573745e-05,-9.556431727730796e-06,5.434275954030454e-05,8.001822506703544e-06,4.999363192168305e-07,7.501886187486714e-06,0.09890948608517647,0.07649839273653924,1.5790684267233006,5.877750167238334,,0.9987715372832074,0.07256493506493508,0.0,niah_single_1::synthetic_niah_0,5.434275954030454e-05,0.0
mechanism_targeted_4bit_seed42_v1,mlx-community/Qwen2.5-1.5B-Instruct-4bit,niah_single_1,synthetic_niah_0,42,cbda0763d81c77dc16cd819183d4ef66a431cae7d0d8f50510af026d1c16d64d,1d64abc8839e31ee1a0615e19a3b3b1809ca5618,0,48,48,snapkv,True,12239,1310,0.32409392107059887,-0.18332804929683277,0.5074219703674316,0.09277099114895818,0.08820147208283001,0.0045695190661281665,0.21945465463977598,0.19470465454746014,5.353781515746882,80.73633616891235,5.877750167238334,0.8367752610729937,0.22224025974025968,0.07272727272727272,niah_single_1::synthetic_niah_0,0.5074219703674316,0.0
mechanism_targeted_4bit_seed42_v1,mlx-community/Qwen2.5-1.5B-Instruct-4bit,niah_single_1,synthetic_niah_0,42,cbda0763d81c77dc16cd819183d4ef66a431cae7d0d8f50510af026d1c16d64d,1d64abc8839e31ee1a0615e19a3b3b1809ca5618,0,48,48,v_ridge_leverage,True,12239,1310,0.36884198892643383,0.06311128843357494,0.3057307004928589,0.12126593069414156,0.029762408595959713,0.09150352209818184,0.21364340926750933,0.08698922854879736,5.353781515746882,80.73633616891235,5.877750167238334,0.9924240873609431,0.2311688311688311,0.07272727272727272,niah_single_1::synthetic_niah_0,0.3057307004928589,0.0
mechanism_targeted_4bit_seed42_v1,mlx-community/Qwen2.5-1.5B-Instruct-4bit,niah_single_1,synthetic_niah_0,42,cbda0763d81c77dc16cd819183d4ef66a431cae7d0d8f50510af026d1c16d64d,1d64abc8839e31ee1a0615e19a3b3b1809ca5618,0,48,48,attention_weighted_v_ridge_leverage,True,12239,1310,0.36500249612858227,0.05231581438114574,0.3126866817474365,0.12035483292000461,0.029094926857461376,0.09125990606254324,0.2105627296708311,0.07887652277046679,5.353781515746882,80.73633616891235,5.877750167238334,0.9968649892856544,0.21396103896103888,0.07061688311688312,niah_single_1::synthetic_niah_0,0.3126866817474365,0.0
mechanism_targeted_4bit_seed42_v1,mlx-community/Qwen2.5-1.5B-Instruct-4bit,niah_single_1,synthetic_niah_0,42,cbda0763d81c77dc16cd819183d4ef66a431cae7d0d8f50510af026d1c16d64d,1d64abc8839e31ee1a0615e19a3b3b1809ca5618,16,32,48,snapkv,True,12239,1310,-0.1629638243860967,-0.18332804929683277,0.020364224910736084,0.03961778006599182,0.08820147208283001,-0.04858369201683819,0.19054893983229704,0.19470465454746014,5.895909668520982,72.2084396274593,,0.8921273833337181,0.1470779220779221,0.0,niah_single_1::synthetic_niah_0,0.020364224910736084,0.0
mechanism_targeted_4bit_seed42_v1,mlx-community/Qwen2.5-1.5B-Instruct-4bit,niah_single_1,synthetic_niah_0,42,cbda0763d81c77dc16cd819183d4ef66a431cae7d0d8f50510af026d1c16d64d,1d64abc8839e31ee1a0615e19a3b3b1809ca5618,16,32,48,v_ridge_leverage,True,12239,1310,-0.006040709132648203,0.06311128843357494,-0.06915199756622314,0.019601568586258798,0.029762408595959713,-0.010160840009700915,0.17560481986765808,0.08698922854879736,5.895909668520982,72.2084396274593,,0.996502682257623,0.14529220779220783,0.0,niah_single_1::synthetic_niah_0,-0.06915199756622314,0.0
mechanism_targeted_4bit_seed42_v1,mlx-community/Qwen2.5-1.5B-Instruct-4bit,niah_single_1,synthetic_niah_0,42,cbda0763d81c77dc16cd819183d4ef66a431cae7d0d8f50510af026d1c16d64d,1d64abc8839e31ee1a0615e19a3b3b1809ca5618,16,32,48,attention_weighted_v_ridge_leverage,True,12239,1310,0.0015001128964655663,0.05231581438114574,-0.050815701484680176,0.020050826288915694,0.029094926857461376,-0.009044100568545682,0.1725801340999169,0.07887652277046679,5.895909668520982,72.2084396274593,,0.998715184243524,0.14172077922077925,0.0,niah_single_1::synthetic_niah_0,-0.050815701484680176,0.0
mechanism_targeted_4bit_seed42_v1,mlx-community/Qwen2.5-1.5B-Instruct-4bit,niah_single_1,synthetic_niah_1,42,cbda0763d81c77dc16cd819183d4ef66a431cae7d0d8f50510af026d1c16d64d,1d64abc8839e31ee1a0615e19a3b3b1809ca5618,0,16,16,snapkv,True,18,1280,2.3445849301140242e-05,-2.4149413277996246e-06,2.5860790628939867e-05,7.338157353066515e-06,1.8501325293685144e-06,5.488024823698001e-06,0.1325126507629951,0.10109134546170633,1.19473165348491,3.703761462045079,,0.9272509908293823,0.08246753246753247,0.0,niah_single_1::synthetic_niah_1,2.5860790628939867e-05,0.0
mechanism_targeted_4bit_seed42_v1,mlx-community/Qwen2.5-1.5B-Instruct-4bit,niah_single_1,synthetic_niah_1,42,cbda0763d81c77dc16cd819183d4ef66a431cae7d0d8f50510af026d1c16d64d,1d64abc8839e31ee1a0615e19a3b3b1809ca5618,0,16,16,v_ridge_leverage,True,18,1280,4.835261636770838e-05,-3.1424924884504435e-08,4.838404129259288e-05,1.1023290026084315e-05,1.5798593335121594e-06,9.443430692572155e-06,0.14907826483249664,0.11724036062757175,1.19473165348491,3.703761462045079,,0.9976022206772903,0.07240259740259743,0.0,niah_single_1::synthetic_niah_1,4.838404129259288e-05,0.0
mechanism_targeted_4bit_seed42_v1,mlx-community/Qwen2.5-1.5B-Instruct-4bit,niah_single_1,synthetic_niah_1,42,cbda0763d81c77dc16cd819183d4ef66a431cae7d0d8f50510af026d1c16d64d,1d64abc8839e31ee1a0615e19a3b3b1809ca5618,0,16,16,attention_weighted_v_ridge_leverage,True,18,1280,5.788612900659018e-05,-3.1424924884504435e-08,5.7917553931474686e-05,1.1779142843025664e-05,1.2286726554723608e-06,1.0550470187553303e-05,0.13861080134908357,0.1099734753370285,1.19473165348491,3.703761462045079,,0.9987816862853196,0.07256493506493508,0.0,niah_single_1::synthetic_niah_1,5.7917553931474686e-05,0.0
mechanism_targeted_4bit_seed42_v1,mlx-community/Qwen2.5-1.5B-Instruct-4bit,niah_single_1,synthetic_niah_1,42,cbda0763d81c77dc16cd819183d4ef66a431cae7d0d8f50510af026d1c16d64d,1d64abc8839e31ee1a0615e19a3b3b1809ca5618,0,48,48,snapkv,True,8500,1312,0.30032157315943664,0.41387819661829894,-0.1135566234588623,0.1101838024904119,0.053919105672702534,0.05626469681770937,0.16972006733218828,0.03990260620291034,8.808838180773273,77.02256157085833,3.703761462045079,0.8611541754500242,0.22337662337662328,0.07272727272727272,niah_single_1::synthetic_niah_1,-0.1135566234588623,0.0
mechanism_targeted_4bit_seed42_v1,mlx-community/Qwen2.5-1.5B-Instruct-4bit,niah_single_1,synthetic_niah_1,42,cbda0763d81c77dc16cd819183d4ef66a431cae7d0d8f50510af026d1c16d64d,1d64abc8839e31ee1a0615e19a3b3b1809ca5618,0,48,48,v_ridge_leverage,True,8500,1312,0.1795479001018805,0.0648506821605963,0.11469721794128418,0.09276272462710848,0.0025346974300254664,0.09022802719708302,0.1796378285313646,0.04255580808967352,8.808838180773273,77.02256157085833,3.703761462045079,0.993619456071289,0.2311688311688311,0.07256493506493507,niah_single_1::synthetic_niah_1,0.11469721794128418,0.0
mechanism_targeted_4bit_seed42_v1,mlx-community/Qwen2.5-1.5B-Instruct-4bit,niah_single_1,synthetic_niah_1,42,cbda0763d81c77dc16cd819183d4ef66a431cae7d0d8f50510af026d1c16d64d,1d64abc8839e31ee1a0615e19a3b3b1809ca5618,0,48,48,attention_weighted_v_ridge_leverage,True,8500,1312,0.15386092080805724,0.08693563356135314,0.0669252872467041,0.09015817470856836,0.0027466908231932674,0.08741148388537509,0.17608292742321888,0.04674850373218457,8.808838180773273,77.02256157085833,3.703761462045079,0.997133626350295,0.21071428571428566,0.06753246753246753,niah_single_1::synthetic_niah_1,0.0669252872467041,0.0
mechanism_targeted_4bit_seed42_v1,mlx-community/Qwen2.5-1.5B-Instruct-4bit,niah_single_1,synthetic_niah_1,42,cbda0763d81c77dc16cd819183d4ef66a431cae7d0d8f50510af026d1c16d64d,1d64abc8839e31ee1a0615e19a3b3b1809ca5618,16,32,48,snapkv,True,8500,1312,0.5381185950252814,0.41387819661829894,0.12424039840698242,0.10081120155191634,0.053919105672702534,0.0468920958792138,0.09859222049514453,0.03990260620291034,10.07687336586182,69.95535782946206,,0.9194671406238202,0.15357142857142864,0.0,niah_single_1::synthetic_niah_1,0.12424039840698242,0.0
mechanism_targeted_4bit_seed42_v1,mlx-community/Qwen2.5-1.5B-Instruct-4bit,niah_single_1,synthetic_niah_1,42,cbda0763d81c77dc16cd819183d4ef66a431cae7d0d8f50510af026d1c16d64d,1d64abc8839e31ee1a0615e19a3b3b1809ca5618,16,32,48,v_ridge_leverage,True,8500,1312,0.3168079794857306,0.0648506821605963,0.2519572973251343,0.05065056536855768,0.0025346974300254664,0.04811586793853221,0.10641094421346982,0.04255580808967352,10.07687336586182,69.95535782946206,,0.9969638567836762,0.1610389610389611,0.0,niah_single_1::synthetic_niah_1,0.2519572973251343,0.0
mechanism_targeted_4bit_seed42_v1,mlx-community/Qwen2.5-1.5B-Instruct-4bit,niah_single_1,synthetic_niah_1,42,cbda0763d81c77dc16cd819183d4ef66a431cae7d0d8f50510af026d1c16d64d,1d64abc8839e31ee1a0615e19a3b3b1809ca5618,16,32,48,attention_weighted_v_ridge_leverage,True,8500,1312,0.3290204943630499,0.08693563356135314,0.24208486080169678,0.05180967857520138,0.0027466908231932674,0.04906298775200811,0.10151783842593431,0.04674850373218457,10.07687336586182,69.95535782946206,,0.9988870915081923,0.138474025974026,0.0,niah_single_1::synthetic_niah_1,0.24208486080169678,0.0
mechanism_targeted_4bit_seed42_v1,mlx-community/Qwen2.5-1.5B-Instruct-4bit,niah_single_1,synthetic_niah_2,42,cbda0763d81c77dc16cd819183d4ef66a431cae7d0d8f50510af026d1c16d64d,1d64abc8839e31ee1a0615e19a3b3b1809ca5618,0,16,16,snapkv,True,43870,1278,3.5098908170994036e-06,-2.3313007062597535e-06,5.841191523359157e-06,5.878256816790623e-07,3.230298659782496e-07,2.6479581570081267e-07,0.09436947107315063,0.07328212602684896,3.769862671873518,57.8549410486375,,0.9166952010963944,0.07922077922077923,0.0,niah_single_1::synthetic_niah_2,5.841191523359157e-06,0.0
mechanism_targeted_4bit_seed42_v1,mlx-community/Qwen2.5-1.5B-Instruct-4bit,niah_single_1,synthetic_niah_2,42,cbda0763d81c77dc16cd819183d4ef66a431cae7d0d8f50510af026d1c16d64d,1d64abc8839e31ee1a0615e19a3b3b1809ca5618,0,16,16,v_ridge_leverage,True,43870,1278,3.2714749664819465e-06,-2.0928839461475945e-06,5.364358912629541e-06,5.245949782339389e-07,2.6599632252824116e-07,2.585986557056977e-07,0.15802742168307304,0.12861316037985185,3.769862671873518,57.8549410486375,,0.9968659052264499,0.07256493506493508,0.0,niah_single_1::synthetic_niah_2,5.364358912629541e-06,0.0
mechanism_targeted_4bit_seed42_v1,mlx-community/Qwen2.5-1.5B-Instruct-4bit,niah_single_1,synthetic_niah_2,42,cbda0763d81c77dc16cd819183d4ef66a431cae7d0d8f50510af026d1c16d64d,1d64abc8839e31ee1a0615e19a3b3b1809ca5618,0,16,16,attention_weighted_v_ridge_leverage,True,43870,1278,3.986721608839616e-06,-2.0928839461475945e-06,6.079605554987211e-06,7.125743484129138e-07,2.542927053921066e-07,4.5828164302080723e-07,0.15753101060787836,0.12407634453848004,3.769862671873518,57.8549410486375,,0.9986879075707434,0.07256493506493508,0.0,niah_single_1::synthetic_niah_2,6.079605554987211e-06,0.0
mechanism_targeted_4bit_seed42_v1,mlx-community/Qwen2.5-1.5B-Instruct-4bit,niah_single_1,synthetic_niah_2,42,cbda0763d81c77dc16cd819183d4ef66a431cae7d0d8f50510af026d1c16d64d,1d64abc8839e31ee1a0615e19a3b3b1809ca5618,0,48,48,snapkv,True,16587,1310,-0.07781576847624905,-0.004778859372855493,-0.07303690910339355,0.1988450319084435,0.0006155947786765219,0.19822943712976698,0.17613909114152193,0.021568640988940995,7.772917646867163,74.59886364477858,57.8549410486375,0.837492300151847,0.222077922077922,0.07272727272727272,niah_single_1::synthetic_niah_2,-0.07303690910339355,0.0
mechanism_targeted_4bit_seed42_v1,mlx-community/Qwen2.5-1.5B-Instruct-4bit,niah_single_1,synthetic_niah_2,42,cbda0763d81c77dc16cd819183d4ef66a431cae7d0d8f50510af026d1c16d64d,1d64abc8839e31ee1a0615e19a3b3b1809ca5618,0,48,48,v_ridge_leverage,True,16587,1310,-0.08829974865508206,0.0008784558813559329,-0.08917820453643799,0.20754912716740748,0.0005563254834358845,0.2069928016839716,0.19050676841288805,0.03389486732582251,7.772917646867163,74.59886364477858,57.8549410486375,0.9923128215792978,0.21769480519480514,0.07272727272727272,niah_single_1::synthetic_niah_2,-0.08917820453643799,0.0
mechanism_targeted_4bit_seed42_v1,mlx-community/Qwen2.5-1.5B-Instruct-4bit,niah_single_1,synthetic_niah_2,42,cbda0763d81c77dc16cd819183d4ef66a431cae7d0d8f50510af026d1c16d64d,1d64abc8839e31ee1a0615e19a3b3b1809ca5618,0,48,48,attention_weighted_v_ridge_leverage,True,16587,1310,-0.10406779980254299,0.009006979707955054,-0.11307477951049805,0.20369716442409339,0.0005630057452453858,0.203134158678848,0.1876835816850265,0.03390167381924888,7.772917646867163,74.59886364477858,57.8549410486375,0.9966074421580043,0.21379870129870124,0.0702922077922078,niah_single_1::synthetic_niah_2,-0.11307477951049805,0.0
mechanism_targeted_4bit_seed42_v1,mlx-community/Qwen2.5-1.5B-Instruct-4bit,niah_single_1,synthetic_niah_2,42,cbda0763d81c77dc16cd819183d4ef66a431cae7d0d8f50510af026d1c16d64d,1d64abc8839e31ee1a0615e19a3b3b1809ca5618,16,32,48,snapkv,True,16587,1310,0.17578292155670994,-0.004778859372855493,0.18056178092956543,0.04543060009904324,0.0006155947786765219,0.04481500532036672,0.11713480204343796,0.021568640988940995,7.706975304031526,69.47343068012125,,0.8833615913345447,0.14772727272727276,0.0,niah_single_1::synthetic_niah_2,0.18056178092956543,0.0
mechanism_targeted_4bit_seed42_v1,mlx-community/Qwen2.5-1.5B-Instruct-4bit,niah_single_1,synthetic_niah_2,42,cbda0763d81c77dc16cd819183d4ef66a431cae7d0d8f50510af026d1c16d64d,1d64abc8839e31ee1a0615e19a3b3b1809ca5618,16,32,48,v_ridge_leverage,True,16587,1310,0.1831864144842612,0.0008784558813559329,0.18230795860290527,0.046661110947740836,0.0005563254834358845,0.04610478546430495,0.129273757028083,0.03389486732582251,7.706975304031526,69.47343068012125,,0.9964910572939644,0.14529220779220783,0.0,niah_single_1::synthetic_niah_2,0.18230795860290527,0.0
mechanism_targeted_4bit_seed42_v1,mlx-community/Qwen2.5-1.5B-Instruct-4bit,niah_single_1,synthetic_niah_2,42,cbda0763d81c77dc16cd819183d4ef66a431cae7d0d8f50510af026d1c16d64d,1d64abc8839e31ee1a0615e19a3b3b1809ca5618,16,32,48,attention_weighted_v_ridge_leverage,True,16587,1310,0.15624678397583835,0.009006979707955054,0.1472398042678833,0.04370132582669729,0.0005630057452453858,0.04313832008145191,0.128304789463679,0.03390167381924888,7.706975304031526,69.47343068012125,,0.998617469581765,0.14155844155844158,0.0,niah_single_1::synthetic_niah_2,0.1472398042678833,0.0
mechanism_targeted_4bit_seed42_v1,mlx-community/Qwen2.5-1.5B-Instruct-4bit,niah_single_1,synthetic_niah_3,42,cbda0763d81c77dc16cd819183d4ef66a431cae7d0d8f50510af026d1c16d64d,1d64abc8839e31ee1a0615e19a3b3b1809ca5618,0,16,16,snapkv,True,21,1278,0.00014076415619967975,8.452376870593525e-05,5.624038749374449e-05,2.4203423504022055e-05,1.0070425610714773e-05,1.4132997893307282e-05,0.09985845349729061,0.057807885110378265,1.6626861253415137,8.85634875224069,,0.8712548053785163,0.09902597402597403,0.0,niah_single_1::synthetic_niah_3,5.624038749374449e-05,0.0
mechanism_targeted_4bit_seed42_v1,mlx-community/Qwen2.5-1.5B-Instruct-4bit,niah_single_1,synthetic_niah_3,42,cbda0763d81c77dc16cd819183d4ef66a431cae7d0d8f50510af026d1c16d64d,1d64abc8839e31ee1a0615e19a3b3b1809ca5618,0,16,16,v_ridge_leverage,True,21,1278,0.00015160673002867497,9.417541379264094e-05,5.7431316236034036e-05,2.6450187523263647e-05,1.2295960046430093e-05,1.4154227476833553e-05,0.12543577949206033,0.08514538779854774,1.6626861253415137,8.85634875224069,,0.9957355666740532,0.08944805194805197,0.0,niah_single_1::synthetic_niah_3,5.7431316236034036e-05,0.0
mechanism_targeted_4bit_seed42_v1,mlx-community/Qwen2.5-1.5B-Instruct-4bit,niah_single_1,synthetic_niah_3,42,cbda0763d81c77dc16cd819183d4ef66a431cae7d0d8f50510af026d1c16d64d,1d64abc8839e31ee1a0615e19a3b3b1809ca5618,0,16,16,attention_weighted_v_ridge_leverage,True,21,1278,0.00016769166042251982,7.320383384978868e-05,9.448782657273114e-05,3.1951813012728984e-05,7.748308315973674e-06,2.420350469675531e-05,0.11784864403307438,0.08274250105023384,1.6626861253415137,8.85634875224069,,0.9979533804333104,0.07256493506493508,0.0,niah_single_1::synthetic_niah_3,9.448782657273114e-05,0.0
mechanism_targeted_4bit_seed42_v1,mlx-community/Qwen2.5-1.5B-Instruct-4bit,niah_single_1,synthetic_niah_3,42,cbda0763d81c77dc16cd819183d4ef66a431cae7d0d8f50510af026d1c16d64d,1d64abc8839e31ee1a0615e19a3b3b1809ca5618,0,48,48,snapkv,True,358,1310,0.15018461233944436,0.0004572082218601281,0.14972740411758423,0.062419918318248065,3.5022048100103224e-05,0.06238489627014796,0.2390834540128708,0.03085154915849368,9.366845456301206,76.48068684543472,8.85634875224069,0.7914164348837041,0.22451298701298691,0.07272727272727272,niah_single_1::synthetic_niah_3,0.14972740411758423,0.0
mechanism_targeted_4bit_seed42_v1,mlx-community/Qwen2.5-1.5B-Instruct-4bit,niah_single_1,synthetic_niah_3,42,cbda0763d81c77dc16cd819183d4ef66a431cae7d0d8f50510af026d1c16d64d,1d64abc8839e31ee1a0615e19a3b3b1809ca5618,0,48,48,v_ridge_leverage,True,358,1310,0.15197108275265236,0.0030951905903293664,0.148875892162323,0.06452659079914527,0.00010429410310068901,0.06442229669604459,0.26201921328902245,0.04866886946062247,9.366845456301206,76.48068684543472,8.85634875224069,0.9898318258234615,0.2311688311688311,0.07256493506493507,niah_single_1::synthetic_niah_3,0.148875892162323,0.0
mechanism_targeted_4bit_seed42_v1,mlx-community/Qwen2.5-1.5B-Instruct-4bit,niah_single_1,synthetic_niah_3,42,cbda0763d81c77dc16cd819183d4ef66a431cae7d0d8f50510af026d1c16d64d,1d64abc8839e31ee1a0615e19a3b3b1809ca5618,0,48,48,attention_weighted_v_ridge_leverage,True,358,1310,0.14413083679050942,0.0034943628963901574,0.14063647389411926,0.05970900105825977,0.0001012448498276823,0.05960775620843209,0.2578574437648058,0.04630309032897154,9.366845456301206,76.48068684543472,8.85634875224069,0.9951815567279124,0.21688311688311682,0.07207792207792207,niah_single_1::synthetic_niah_3,0.14063647389411926,0.0
mechanism_targeted_4bit_seed42_v1,mlx-community/Qwen2.5-1.5B-Instruct-4bit,niah_single_1,synthetic_niah_3,42,cbda0763d81c77dc16cd819183d4ef66a431cae7d0d8f50510af026d1c16d64d,1d64abc8839e31ee1a0615e19a3b3b1809ca5618,16,32,48,snapkv,True,358,1310,-0.03304048293261985,0.0004572082218601281,-0.03349769115447998,0.008491373734979967,3.5022048100103224e-05,0.008456351686879865,0.1316097490489483,0.03085154915849368,10.74931117394174,62.7238121101485,,0.879110010982504,0.15032467532467536,0.0,niah_single_1::synthetic_niah_3,-0.03349769115447998,0.0
mechanism_targeted_4bit_seed42_v1,mlx-community/Qwen2.5-1.5B-Instruct-4bit,niah_single_1,synthetic_niah_3,42,cbda0763d81c77dc16cd819183d4ef66a431cae7d0d8f50510af026d1c16d64d,1d64abc8839e31ee1a0615e19a3b3b1809ca5618,16,32,48,v_ridge_leverage,True,358,1310,-0.03232468330293159,0.0030951905903293664,-0.035419873893260956,0.008241422232221185,0.00010429410310068901,0.008137128129120496,0.14972331995765367,0.04866886946062247,10.74931117394174,62.7238121101485,,0.9957786093933748,0.14512987012987016,0.0,niah_single_1::synthetic_niah_3,-0.035419873893260956,0.0
mechanism_targeted_4bit_seed42_v1,mlx-community/Qwen2.5-1.5B-Instruct-4bit,niah_single_1,synthetic_niah_3,42,cbda0763d81c77dc16cd819183d4ef66a431cae7d0d8f50510af026d1c16d64d,1d64abc8839e31ee1a0615e19a3b3b1809ca5618,16,32,48,attention_weighted_v_ridge_leverage,True,358,1310,-0.036624741190962595,0.0034943628963901574,-0.04011910408735275,0.010189684907008193,0.0001012448498276823,0.010088440057180511,0.14790695098539194,0.04630309032897154,10.74931117394174,62.7238121101485,,0.9981221582073175,0.14448051948051951,0.0,niah_single_1::synthetic_niah_3,-0.04011910408735275,0.0
mechanism_targeted_4bit_seed42_v1,mlx-community/Qwen2.5-1.5B-Instruct-4bit,niah_single_1,synthetic_niah_4,42,cbda0763d81c77dc16cd819183d4ef66a431cae7d0d8f50510af026d1c16d64d,1d64abc8839e31ee1a0615e19a3b3b1809ca5618,0,16,16,snapkv,True,21,1280,5.5044189107178454e-05,-1.4793318801054056e-05,6.983750790823251e-05,7.1978007491749724e-06,1.452946797595949e-06,5.7448539515790234e-06,0.10650753726561864,0.09004511497914791,1.177295380640065,4.192875474460456,,0.9113327162300624,0.08782467532467532,0.0,niah_single_1::synthetic_niah_4,6.983750790823251e-05,0.0
mechanism_targeted_4bit_seed42_v1,mlx-community/Qwen2.5-1.5B-Instruct-4bit,niah_single_1,synthetic_niah_4,42,cbda0763d81c77dc16cd819183d4ef66a431cae7d0d8f50510af026d1c16d64d,1d64abc8839e31ee1a0615e19a3b3b1809ca5618,0,16,16,v_ridge_leverage,True,21,1280,7.923593326708556e-05,-1.5627580101096328e-05,9.486351336818188e-05,1.3216044058786208e-05,1.229687972719249e-06,1.1986356086066959e-05,0.13422318237523237,0.11567777146895726,1.177295380640065,4.192875474460456,,0.9983635257701017,0.07240259740259743,0.0,niah_single_1::synthetic_niah_4,9.486351336818188e-05,0.0
mechanism_targeted_4bit_seed42_v1,mlx-community/Qwen2.5-1.5B-Instruct-4bit,niah_single_1,synthetic_niah_4,42,cbda0763d81c77dc16cd819183d4ef66a431cae7d0d8f50510af026d1c16d64d,1d64abc8839e31ee1a0615e19a3b3b1809ca5618,0,16,16,attention_weighted_v_ridge_leverage,True,21,1280,9.520450654676438e-05,-1.491249898677438e-05,0.00011011700553353876,1.7914743934965857e-05,1.0136621318076054e-06,1.690108180315825e-05,0.12477777463694413,0.10700288973748684,1.177295380640065,4.192875474460456,,0.9986502353898107,0.07288961038961041,0.0,niah_single_1::synthetic_niah_4,0.00011011700553353876,0.0
mechanism_targeted_4bit_seed42_v1,mlx-community/Qwen2.5-1.5B-Instruct-4bit,niah_single_1,synthetic_niah_4,42,cbda0763d81c77dc16cd819183d4ef66a431cae7d0d8f50510af026d1c16d64d,1d64abc8839e31ee1a0615e19a3b3b1809ca5618,0,48,48,snapkv,True,74,1312,2.3748694164993367e-05,-3.906082039151215e-06,2.7654776204144582e-05,1.1344117868591533e-05,1.6365081175260825e-07,1.1180467056838925e-05,0.2409048123906056,0.048154923832044005,7.148049709971015,71.32845314764774,4.192875474460456,0.8200722089058289,0.2241883116883116,0.07272727272727272,niah_single_1::synthetic_niah_4,2.7654776204144582e-05,0.0
mechanism_targeted_4bit_seed42_v1,mlx-community/Qwen2.5-1.5B-Instruct-4bit,niah_single_1,synthetic_niah_4,42,cbda0763d81c77dc16cd819183d4ef66a431cae7d0d8f50510af026d1c16d64d,1d64abc8839e31ee1a0615e19a3b3b1809ca5618,0,48,48,v_ridge_leverage,True,74,1312,1.719267072886055e-05,-5.217322378570088e-06,2.2409993107430637e-05,9.656152483270167e-06,2.954691023961962e-07,9.36068338087397e-06,0.2630065840979417,0.06092326424550265,7.148049709971015,71.32845314764774,4.192875474460456,0.9962731809427262,0.21753246753246744,0.07256493506493507,niah_single_1::synthetic_niah_4,2.2409993107430637e-05,0.0
mechanism_targeted_4bit_seed42_v1,mlx-community/Qwen2.5-1.5B-Instruct-4bit,niah_single_1,synthetic_niah_4,42,cbda0763d81c77dc16cd819183d4ef66a431cae7d0d8f50510af026d1c16d64d,1d64abc8839e31ee1a0615e19a3b3b1809ca5618,0,48,48,attention_weighted_v_ridge_leverage,True,74,1312,4.413168551664626e-05,-5.694134070921564e-06,4.982581958756782e-05,2.297112570521375e-05,3.1650681799922054e-07,2.2654618887214528e-05,0.3094215467572212,0.06249459545748929,7.148049709971015,71.32845314764774,4.192875474460456,0.9966472484154564,0.21542207792207785,0.07191558441558442,niah_single_1::synthetic_niah_4,4.982581958756782e-05,0.0
mechanism_targeted_4bit_seed42_v1,mlx-community/Qwen2.5-1.5B-Instruct-4bit,niah_single_1,synthetic_niah_4,42,cbda0763d81c77dc16cd819183d4ef66a431cae7d0d8f50510af026d1c16d64d,1d64abc8839e31ee1a0615e19a3b3b1809ca5618,16,32,48,snapkv,True,74,1312,1.886148436724966e-05,-3.906082039151215e-06,2.2767566406400874e-05,9.23660318781733e-06,1.6365081175260825e-07,9.072952376064722e-06,0.21813725059231123,0.048154923832044005,8.17278991116761,52.42264565501627,,0.8943822696265954,0.15211038961038967,0.0,niah_single_1::synthetic_niah_4,2.2767566406400874e-05,0.0
mechanism_targeted_4bit_seed42_v1,mlx-community/Qwen2.5-1.5B-Instruct-4bit,niah_single_1,synthetic_niah_4,42,cbda0763d81c77dc16cd819183d4ef66a431cae7d0d8f50510af026d1c16d64d,1d64abc8839e31ee1a0615e19a3b3b1809ca5618,16,32,48,v_ridge_leverage,True,74,1312,1.1471017732134214e-05,-5.217322378570088e-06,1.6688340110704303e-05,7.557363020962828e-06,2.954691023961962e-07,7.261893918566632e-06,0.2387701335052649,0.06092326424550265,8.17278991116761,52.42264565501627,,0.998379031043149,0.14512987012987016,0.0,niah_single_1::synthetic_niah_4,1.6688340110704303e-05,0.0
mechanism_targeted_4bit_seed42_v1,mlx-community/Qwen2.5-1.5B-Instruct-4bit,niah_single_1,synthetic_niah_4,42,cbda0763d81c77dc16cd819183d4ef66a431cae7d0d8f50510af026d1c16d64d,1d64abc8839e31ee1a0615e19a3b3b1809ca5618,16,32,48,attention_weighted_v_ridge_leverage,True,74,1312,1.3855043452082327e-05,-5.694134070921564e-06,1.954917752300389e-05,7.990235096782006e-06,3.1650681799922054e-07,7.673728278782786e-06,0.23526393870512644,0.06249459545748929,8.17278991116761,52.42264565501627,,0.9987847223570695,0.14301948051948057,0.0,niah_single_1::synthetic_niah_4,1.954917752300389e-05,0.0
