sample_id,task,stage,target_anchor,candidate_pool_variant,history_start_anchor,history_length,candidate_id,candidate_source,deleted_position,candidate_raw_rank,candidate_deduplicated,generator_action_argmin_candidate_id,generator_dense_argmin_candidate_id,generator_predicted_normalized_regret,exact_physical_kl,action_only_risk,adjacent_only_risk,dense_actual_boundary_energy,eligible_count,cache_length_prequery,cache_length_baseline,cache_length_candidate,candidate_replay_max_abs_error,multi_all_endpoint_risk,multi_uniform8_endpoint_risk,multi_inherited3_endpoint_risk,multi_pair_endpoint_risk,multi_three_endpoint_risk,probe_b27_path_k1_risk,theory_b1_risk,probe_b1_risk,theory_b5_risk,probe_b5_risk,theory_b8_risk,probe_b8_risk,theory_b11_risk,probe_b11_risk,theory_b15_risk,probe_b15_risk,theory_b19_risk,probe_b19_risk,theory_b23_risk,probe_b23_risk,theory_b27_risk,probe_b27_risk,b1_theory_u_norm,b1_local_r_norm,b1_actual_boundary_norm,b1_deleted_attention_mass_mean,b1_deleted_value_norm,b1_deleted_key_norm,b1_action_state_ratio,b5_theory_u_norm,b5_local_r_norm,b5_actual_boundary_norm,b5_deleted_attention_mass_mean,b5_deleted_value_norm,b5_deleted_key_norm,b5_action_state_ratio,b8_theory_u_norm,b8_local_r_norm,b8_actual_boundary_norm,b8_deleted_attention_mass_mean,b8_deleted_value_norm,b8_deleted_key_norm,b8_action_state_ratio,b11_theory_u_norm,b11_local_r_norm,b11_actual_boundary_norm,b11_deleted_attention_mass_mean,b11_deleted_value_norm,b11_deleted_key_norm,b11_action_state_ratio,b15_theory_u_norm,b15_local_r_norm,b15_actual_boundary_norm,b15_deleted_attention_mass_mean,b15_deleted_value_norm,b15_deleted_key_norm,b15_action_state_ratio,b19_theory_u_norm,b19_local_r_norm,b19_actual_boundary_norm,b19_deleted_attention_mass_mean,b19_deleted_value_norm,b19_deleted_key_norm,b19_action_state_ratio,b23_theory_u_norm,b23_local_r_norm,b23_actual_boundary_norm,b23_deleted_attention_mass_mean,b23_deleted_value_norm,b23_deleted_key_norm,b23_action_state_ratio,b27_theory_u_norm,b27_local_r_norm,b27_actual_boundary_norm,b27_deleted_attention_mass_mean,b27_deleted_value_norm,b27_deleted_key_norm,b27_action_state_ratio
gov_report:132,gov_report,disagreement_replication,64,mechanism_disagreement_pool_v1,32,32,physical_delete_median_attention_50,median_attention,50,0,False,physical_delete_median_aov_75,physical_delete_median_attention_50,0.12109906270041662,1.265776791885097e-06,0.0946070669959802,0.08899531180191632,0.5151339722716264,93,128,129,128,0.0,1.2596845682195305e-06,6.764827333009899e-08,4.337575505780567e-08,1.4271612196653898e-08,2.999459029533476e-08,9.973784058122498e-07,1.8309978875539718e-10,1.7538552968335184e-10,2.7529574992173815e-08,3.9012709591213125e-08,1.2202400198269966e-08,9.00192109617949e-08,5.2346927489808646e-08,6.521282647412149e-07,1.7375073540844654e-09,9.120774329254898e-07,1.499765401523041e-08,1.0388067107503883e-06,1.4575924558962283e-09,1.0314915447684817e-06,3.7282250185888404e-08,9.971131841646002e-07,0.002192052784154199,0.002523833771008595,0.0025193368165195473,0.00011132554936921224,4.096999168395996,778.4063720703125,0.00019747853121827432,0.07577063004936449,0.06929723058625746,0.07715127866195831,0.0014180237194523215,7.772206783294678,17.962120056152344,0.002358462135569882,0.020874886096255058,0.01959425714785627,0.05613374947432675,0.0007820471655577421,5.663120269775391,33.208396911621094,0.0005091335156080685,0.02062687688864208,0.020284345080262518,0.11054678967009882,0.0004986759158782661,8.188514709472656,18.20248794555664,0.00048446897650726117,0.005986916532300401,0.005069253376388239,0.1365417522192299,0.00011597192496992648,7.978291034698486,19.48809814453125,0.00010197216838359624,0.006199756165992401,0.005901920388651904,0.0990382559319092,0.00010280669084750116,8.487594604492188,21.61745834350586,8.885032339815761e-05,0.004396588170938085,0.0046986364429820685,0.11004277039319052,7.722403097432107e-05,12.535320281982422,19.725648880004883,3.5975359523906984e-05,0.035221188875414436,0.04064504104870415,0.233629537585911,0.00017304102948401123,34.65992736816406,15.235272407531738,0.00013939287403993573
gov_report:132,gov_report,disagreement_replication,64,mechanism_disagreement_pool_v1,32,32,physical_delete_median_aov_75,median_aov,75,0,False,physical_delete_median_aov_75,physical_delete_median_attention_50,0.12109906270041662,1.4569581981707593e-05,0.0852440370485477,0.06829526673454024,1.4201741754385184,93,128,129,128,,1.4723102940960946e-05,4.77492587268852e-07,9.523846759257435e-09,1.5115924447617767e-09,1.922526620201876e-09,1.459992544050766e-05,1.9986416739271382e-10,1.9368343017507554e-10,6.798758395491994e-10,2.5355801079639598e-08,3.204153006866002e-10,1.540543685200812e-08,7.687274586124084e-09,5.6925695730397326e-08,1.9994792652395339e-10,1.469969555334966e-07,4.200344946506604e-07,1.1583966892198048e-05,9.859121288725736e-10,1.5058444675479683e-05,7.782245405444204e-09,1.4592728245976664e-05,0.0022326102831532854,0.002480379013194522,0.002478733217768621,5.886923463549465e-05,4.408453464508057,778.4180908203125,0.0001940783937582943,0.007443288740298771,0.008001342305489375,0.03361052970875629,0.0002459130191709846,6.227390289306641,18.69365119934082,0.0002723177059397876,0.003784204375795477,0.003497489757645477,0.022785490635047013,0.00010282848961651325,7.575443267822266,33.537864685058594,9.087812018982673e-05,0.012060856521969024,0.012620157183743522,0.04314074195484676,0.0002117771509801969,9.655708312988281,20.190410614013672,0.00030141838989508336,0.0016261677037310524,0.0013942440619463144,0.04599579339551478,3.481322346488014e-05,10.552074432373047,21.053680419921875,2.8046357066080505e-05,0.03563668760995736,0.03390191077666732,0.18473778507748997,0.0007457697647623718,9.836434364318848,21.55088996887207,0.0005103755282965468,0.002879937298881922,0.0033100923131556994,0.24968855483495,3.359875699970871e-05,13.160160064697266,22.003719329833984,2.5343897632462908e-05,0.014414793815277048,0.016160430200310803,0.5239757689492722,4.841221743845381e-05,44.137813568115234,17.63809585571289,5.542247598283373e-05
gov_report:132,gov_report,disagreement_replication,64,mechanism_disagreement_pool_v1,32,32,physical_delete_high_v_ridge_11,high_v_ridge,11,0,False,physical_delete_median_aov_75,physical_delete_median_attention_50,0.12109906270041662,4.663753310333511e-06,0.08739522972161191,0.08406657220382543,1.1265146823939007,93,128,129,128,,4.636524194566905e-06,8.728256330855144e-07,1.5273714880173776e-08,5.587440648653348e-07,7.493719852573238e-07,4.615150718700672e-06,3.743484862134742e-11,4.293962638363012e-11,1.4038466132628864e-07,2.548899237471371e-07,5.0212292083470095e-09,3.99349959848363e-07,6.7629822179901295e-09,4.5320475547873005e-07,2.4670470877284497e-12,4.987728158548311e-07,1.9774876983357954e-09,2.2947435724289056e-06,5.942087437303646e-07,3.7222900262373496e-06,1.4402867722275735e-08,4.616487176083801e-06,0.001384289211764825,0.0015349362477858491,0.001532411965473393,4.158076990279369e-05,4.786486625671387,778.4161987304688,0.00012010179085816122,0.13867545614984678,0.12739578644739996,0.22581362221671158,0.0010987441055476665,9.124982833862305,15.49339771270752,0.0043357885448733115,0.016832728227403317,0.0157837371092887,0.14941767540596781,0.0004957891069352627,6.5965576171875,33.74650192260742,0.0004101216751034054,0.012132888880883267,0.013201505224965025,0.11769647463655482,0.0002610727970022708,8.759201049804688,17.17888069152832,0.0003153032399807356,0.00025037902189433027,0.00020142250254868746,0.11252285082823991,4.713352154794848e-06,9.852259635925293,16.852642059326172,4.0517780077456205e-06,0.0036571168427244334,0.0033089684594801686,0.13675806252052544,6.11713549005799e-05,9.668230056762695,22.558656692504883,4.9814788810845264e-05,0.07288745636477896,0.0873446051909809,0.18722318419027678,0.00057128636399284,12.616143226623535,16.273738861083984,0.000668758609513735,0.019243030544878997,0.022454793865373086,0.4106756804572626,8.849328878568485e-05,38.00852966308594,13.287090301513672,7.700910546794649e-05
gov_report:132,gov_report,disagreement_replication,64,mechanism_disagreement_pool_v1,32,32,physical_delete_low_key_query_60,low_key_query,60,0,False,physical_delete_median_aov_75,physical_delete_median_attention_50,0.12109906270041662,3.651392207875358e-05,0.9599971803684132,0.9133746089237691,9.283379962899163,93,128,129,128,,3.272057517645093e-05,1.3541465544738594e-06,5.839732348306919e-07,4.742009562466002e-08,3.7628085106600694e-07,3.9534158308118924e-05,5.680114177606158e-11,5.12077431021516e-11,1.0848088207234826e-07,3.919108746073521e-07,4.338377439011467e-08,6.268923540072462e-07,3.43410153998733e-07,1.0017636394554481e-05,1.7695463484489475e-07,4.9302655755006485e-05,8.664997433908292e-08,3.896165202367584e-05,4.443485809235367e-09,4.087379001560228e-05,2.3353343480726763e-07,3.954471726893519e-05,0.000979721403807153,0.0013758852906113664,0.001377181218464027,0.00022633855405729264,3.1908457279205322,779.73486328125,0.00010765677574960853,0.07317898287692431,0.07175605756008391,0.11116853825774206,0.0018329690210521221,5.322068214416504,15.60141372680664,0.0024421458595315373,0.033009258953961076,0.03098077547414658,0.08618911958075944,0.001240947050973773,4.769776344299316,33.06454086303711,0.0008049986796841734,0.11621664250912106,0.12106879130733524,0.3342862169076627,0.003537788288667798,7.8204240798950195,16.157093048095703,0.002891593156177799,0.05817054597126363,0.05028414202304921,0.7071141574545177,0.0010018666507676244,8.048284530639648,17.47884750366211,0.001011506550704783,0.017297365704714355,0.016917420150637328,0.4429109478709296,0.00029791577253490686,8.427913665771484,21.811199188232422,0.0002546829086913475,0.005642929512427561,0.005747354782109218,0.5438698207420746,0.00018368575547356158,6.036947727203369,16.941150665283203,4.400492719683575e-05,0.10861404594423392,0.11761940776068487,1.1002519668669954,0.0036248471587896347,10.397464752197266,15.948335647583008,0.00040337780126709213
gov_report:132,gov_report,disagreement_replication,64,mechanism_disagreement_pool_v1,32,32,physical_delete_high_age_95,high_age,95,1,True,physical_delete_median_aov_75,physical_delete_median_attention_50,0.12109906270041662,4.819852020713026e-05,0.20608991640331958,0.19635543841725406,6.280080252026595,93,128,129,128,,4.780307617621406e-05,7.247141136440202e-07,2.668185297974158e-07,4.9229779524826713e-08,1.9902750987514498e-07,4.9303381342362594e-05,1.433941622104522e-10,1.3646850968733134e-10,3.2139470896373786e-10,3.965414977603489e-09,5.579335169583299e-09,1.0722915434676098e-08,8.915977592235643e-08,3.4843789224990325e-07,1.6556874221082233e-07,1.5434493517879925e-06,3.4618052048159226e-07,4.783642807241697e-05,5.008037516716218e-08,4.9672211763019536e-05,9.043179714728045e-08,4.932058800518722e-05,0.0020317247979295687,0.002918230761487419,0.0029199190079069346,7.357537833740935e-05,4.716275691986084,778.139892578125,0.0002283383046674349,0.005106340119929869,0.005573470470562846,0.01880291231444216,0.0001561464450787753,6.89832878112793,18.4055233001709,0.0001896875092602346,0.008544712991635162,0.007546518814827205,0.014687225059026941,0.0002715937444008887,6.866134166717529,34.86793518066406,0.00019608733445737023,0.04458254727673,0.04590287447980088,0.06723532320903522,0.0005596387782134116,7.809615135192871,19.940689086914062,0.0010963390008390946,0.04621720469331901,0.04096326480265925,0.08086310637837987,0.0010647013550624251,9.326231002807617,17.945579528808594,0.0008240094992005973,0.04941414994595608,0.041023204043804114,0.3480359597039137,0.0012050411896780133,9.179771423339844,20.85932159423828,0.0006175828723696431,0.021625778514844502,0.022372631255453704,0.5906394270064977,0.000319742743158713,13.04567813873291,18.602901458740234,0.00017129723967320302,0.09933354329819419,0.11071150804439722,1.1225325853010604,0.00038653495721518993,38.86375427246094,15.206233978271484,0.00037968703924081803
gov_report:132,gov_report,disagreement_replication,64,mechanism_disagreement_pool_v1,32,32,physical_delete_high_aor_59,high_aor,59,2,True,physical_delete_median_aov_75,physical_delete_median_attention_50,0.12109906270041662,5.076933018345663e-05,1.0685831496797344,1.102239796143522,17.038577668558247,93,128,129,128,,5.18735504398387e-05,1.1676190690623317e-05,2.3074211613930497e-06,3.1488580660134972e-06,1.6865605344247475e-06,5.062542251030856e-05,7.34366575739401e-10,7.416747090147812e-10,3.1122918607736743e-08,6.626422525250628e-08,3.2002303854659366e-06,3.4809582027805358e-06,1.2301066824535613e-06,6.740968835730344e-06,2.023242246429802e-06,5.720706879533287e-05,1.5609800657075503e-06,4.7666462850486996e-05,1.5125317835114674e-08,5.018761099872637e-05,4.247933270590964e-08,5.063101808086326e-05,0.00674215160357376,0.00833574893465951,0.0083364656196179,0.00025503759388811886,4.74366569519043,778.7014770507812,0.000652234499407231,0.06533895887337912,0.060170348200481914,0.0864020018044802,0.0013979794457554817,8.106836318969727,16.540973663330078,0.0020478377954549092,0.5791039474772313,0.5864698762912018,0.5983427124927306,0.008879149332642555,7.394992828369141,33.66836166381836,0.015238723655672567,0.16328207461740768,0.15122600958310606,0.5264330139263803,0.004503475967794657,7.201598167419434,17.393917083740234,0.003611864706210987,0.13613782759203752,0.10999420487789438,0.853079273438693,0.002332929288968444,7.725628852844238,16.223854064941406,0.0022126231908770545,0.09087783846377767,0.08545241693195472,0.58554670383681,0.0016217584488913417,8.29125690460205,22.122726440429688,0.0012864414257699982,0.008228238439786838,0.00937036807276237,0.7386549406839081,0.00010173214104725048,9.917257308959961,19.06756591796875,7.174472091631289e-05,0.04367758878831922,0.048562859829465885,1.5261665867151306,0.00035958809894509614,33.06416320800781,15.537151336669922,0.0001665471710341307
gov_report:132,gov_report,disagreement_replication,64,mechanism_disagreement_pool_v1,32,32,physical_delete_high_attention_1053,high_attention,1053,0,False,physical_delete_median_aov_75,physical_delete_median_attention_50,0.12109906270041662,7.445376038318907e-05,1.606614030724756,1.5101574576100896,14.572881684219105,93,128,129,128,,7.548621294140609e-05,5.841474195632983e-06,1.0546188272186961e-06,2.3672481127460565e-07,3.524793916866468e-06,6.510290708043587e-05,6.904027291541111e-07,6.908145485323789e-07,3.714741089816398e-06,5.127128310549313e-06,1.972964076612244e-07,6.871639793750025e-06,1.4491918237297986e-06,8.451153190410746e-06,4.623852976949638e-08,1.3580604952019077e-05,7.164423594703994e-07,5.860640956980006e-05,6.735156365975665e-08,5.5476115857862524e-05,8.442265791211345e-07,6.510423315885189e-05,0.0932707613267432,0.10180550050997764,0.10180233047194134,0.0057175955735147,3.531764507293701,778.9329833984375,0.007965818090554109,0.7083222623782804,0.6912576204998817,0.8087095482133422,0.019386349245905876,5.736909866333008,16.988697052001953,0.023526263749368604,0.09129378655039357,0.08646522406615505,0.5235528315368373,0.004434714559465647,5.201253890991211,33.3926887512207,0.0022466962219824292,0.20545197490874947,0.1942544971720694,0.4766234953173987,0.004000179003924131,8.631532669067383,18.68142318725586,0.004639552179501137,0.02177509720013712,0.01786405342481193,0.4458663009397284,0.0003875803668051958,10.713394165039062,22.806795120239258,0.00035935001243642063,0.05297399989679843,0.04818026413880862,0.49867531347092725,0.0008726303349249065,10.563478469848633,23.70123291015625,0.0007253286673220637,0.029667681162712366,0.0339087002166627,0.6319872575342295,0.0002653130213730037,11.315760612487793,20.040742874145508,0.0002596237644870024,0.20358373392237872,0.20442695347759615,1.5218375278695178,0.002749093808233738,14.85686206817627,16.12889862060547,0.0007010857866356826
gov_report:132,gov_report,disagreement_replication,64,mechanism_disagreement_pool_v1,32,32,physical_delete_low_v_ridge_90,low_v_ridge,90,0,False,physical_delete_median_aov_75,physical_delete_median_attention_50,0.12109906270041662,0.00011767758266031936,0.6178073476780096,0.5381157618460835,15.70123009487438,93,128,129,128,,0.00011243658447576189,1.4466416466617635e-06,1.8821903702618653e-07,1.3989599115067836e-07,1.5411914911283648e-07,0.00011924970115934443,8.469339443743468e-10,8.417077589396656e-10,6.824850612461382e-10,2.034679903458952e-09,1.7193764411132275e-08,1.6130135811291002e-08,1.12685253313573e-06,9.889700226128504e-07,4.009940733067522e-08,9.850983053905256e-07,1.9141068270575274e-06,5.3557782355900864e-05,1.0031886846162614e-07,0.00012613750851914163,1.1868478130339956e-07,0.00011924610112774782,0.005971257160746485,0.007613585964655959,0.0076158104967821135,0.00019901474297512323,4.974637985229492,778.2282104492188,0.0005957285265279093,0.006528604665755969,0.006055929943137838,0.014150588456191937,9.315609349869192e-05,9.22301197052002,18.3603515625,0.00020610753627125323,0.017762459949641096,0.01558008600928535,0.01712163825063331,0.0004749549843836576,7.3722052574157715,34.64202880859375,0.00040483004298284305,0.11989414531667056,0.13098595773404637,0.13588094651337868,0.0017225256888195872,8.893704414367676,19.070127487182617,0.0031284536241687495,0.02616605212789485,0.022293665667286976,0.152559350235372,0.0005933457869105041,8.72243881225586,16.999366760253906,0.0004484552774380947,0.12286324493683778,0.11735694405234672,0.4331753009495454,0.0017539850668981671,9.612728118896484,20.706336975097656,0.0017667473882093895,0.026573804075863783,0.02938686698616812,0.8283941469364242,0.00022819836158305407,13.289724349975586,19.72500228881836,0.00022500210815154265,0.07733436267196432,0.0860149862604686,1.8792709248522328,0.0004153565096203238,42.04442596435547,16.3436222076416,0.0002949898889506612
gov_report:133,gov_report,disagreement_replication,64,mechanism_disagreement_pool_v1,32,32,physical_delete_low_random_63,low_random,63,0,False,physical_delete_median_aov_34,physical_delete_low_random_63,0.1488662272183111,3.909352443775627e-07,0.05787150925565066,0.06396101081616141,0.4390282050450547,93,128,129,128,0.0,3.8899448385249673e-07,8.730878638297948e-08,1.900352125754345e-08,6.320860625492957e-08,6.102729179798035e-08,4.098900822227183e-07,1.5551757434044376e-13,2.0663632657265242e-13,2.320285049105635e-11,7.5761498856203e-11,7.578098541004921e-11,2.2430260439879734e-10,6.95724830892099e-11,2.0124501986650096e-10,2.4498108036905073e-10,8.696735982022609e-10,1.1252989763555139e-08,2.397892344072343e-07,6.488838912475114e-08,3.4851576996593187e-07,1.60764250439289e-08,4.099315620376896e-07,4.286674261516045e-05,6.694489374969813e-05,4.285420017966504e-05,1.49140726080077e-06,4.543278217315674,779.6101684570312,3.8080465813973204e-06,0.005179720495788914,0.004761380849798927,0.005780320399144033,0.00011296398588456213,7.0858564376831055,18.500152587890625,0.00012707597515384676,0.0037635622501054657,0.0038352005523765013,0.007248678132800783,0.00010272476356476545,6.122679710388184,32.68620681762695,8.845983913460157e-05,0.0035642461249663685,0.002914393793869633,0.006347140083496655,6.662893429165706e-05,8.289739608764648,20.52330780029297,6.0583147864295114e-05,0.004548094057156662,0.0040279633298997124,0.00692373261503079,5.71169366594404e-05,10.137185096740723,21.291332244873047,7.392642235183468e-05,0.015737613223254295,0.016080469093817662,0.04796508963220206,0.0004891869029961526,7.774223327636719,20.643569946289062,0.0002323801971559617,0.06852461450589181,0.07137961673122205,0.11988681906555762,0.00029326986987143755,14.468971252441406,20.182109832763672,0.0005635883472819394,0.0793602822670399,0.08480238822009496,0.3230610278744404,0.00035554132773540914,48.2310676574707,18.20968246459961,0.0002876184883033354
gov_report:133,gov_report,disagreement_replication,64,mechanism_disagreement_pool_v1,32,32,physical_delete_median_aov_34,median_aov,34,0,False,physical_delete_median_aov_34,physical_delete_low_random_63,0.1488662272183111,1.5684624130949255e-06,0.02872510043488275,0.04931113200166394,0.4550634447086809,93,128,129,128,,1.5681480535671233e-06,1.771681079813011e-06,2.573465028003305e-10,8.239486386273773e-11,2.322528921015712e-11,1.563658804220675e-06,2.765290601129838e-10,2.779988109512928e-10,2.4369485339174316e-11,2.097261789845163e-09,8.421861062005558e-11,4.5913578799082175e-09,1.7276812799595909e-12,5.341741576396057e-09,1.580697176878193e-13,7.89549429657114e-09,1.737997057949767e-06,1.5449935969004728e-06,1.971283489800619e-12,1.532655251235322e-06,6.2342655920199505e-12,1.5640663782235157e-06,0.006200684505573782,0.010077816758945682,0.010077762250974868,0.00021158256276976317,4.414711952209473,778.438232421875,0.0005732594901164479,0.0025294980790369808,0.0023774932029897297,0.027486337554179282,6.0393951571313664e-05,8.337921142578125,18.987892150878906,6.345265726943918e-05,0.0024666247064047495,0.0028949679452591587,0.01711597162928871,6.062877946533263e-05,6.8780131340026855,35.0518684387207,6.677314399602042e-05,0.0003611805530194269,0.0003343633243971765,0.014433625264978994,4.74687749374425e-06,9.669397354125977,18.670629501342773,6.950599045661276e-06,0.00013763458660216135,0.00012329784488209218,0.014069440908837244,3.20252297569823e-06,9.424023628234863,18.833755493164062,2.262922427362686e-06,0.16653675917733612,0.21984883835218183,0.22108043112903075,0.0011519069084897637,9.570629119873047,21.813953399658203,0.003177053859730422,0.00043149070027900696,0.0005157830158258426,0.17516997536604476,3.788864205489517e-06,14.097299575805664,20.509498596191406,4.072441276057329e-06,0.0017979095461991158,0.0019187679291572924,0.2665827894962939,8.224195880757179e-06,35.078670501708984,16.522642135620117,6.507754590080857e-06
gov_report:133,gov_report,disagreement_replication,64,mechanism_disagreement_pool_v1,32,32,physical_delete_median_key_query_32,median_key_query,32,0,False,physical_delete_median_aov_34,physical_delete_low_random_63,0.1488662272183111,5.439924413604263e-07,0.09195810788313256,0.09132082243420539,0.8880579447806878,93,128,129,128,,5.347794956611984e-07,1.0061649369494304e-07,1.536736278328342e-08,7.357538942117867e-08,6.621468239418711e-08,5.300403033688475e-07,4.878059715094729e-11,5.021938149617905e-11,1.9004306313581445e-09,3.0737809665213317e-09,1.5392415150245863e-08,2.380632389424234e-07,3.2259013063981446e-10,1.4298717228339753e-07,4.87779091734161e-12,1.9770498775006738e-07,3.3044711096788363e-08,4.0170979129485677e-07,5.987665706909203e-08,5.599072868760598e-07,1.5012537660081676e-08,5.303025689462432e-07,0.0020902959631114736,0.0031099684196571934,0.0031121767599410714,6.364177534123883e-05,4.548218727111816,778.743896484375,0.00017690527156572871,0.039317970416558816,0.0367011903704998,0.0438843793932339,0.0007719050045125186,7.121344566345215,15.718352317810059,0.0009795140743331183,0.02435280364691003,0.024361687056141505,0.10768587889584885,0.00083210039883852,6.424226760864258,33.58151626586914,0.0005619082727494933,0.006458483519562783,0.006102267750873292,0.09997256625184399,0.00016986258560791612,8.962823867797852,16.910106658935547,0.00012685128215559653,0.00047188730553959616,0.0004363673497364844,0.1035516125541829,1.2275809240236413e-05,8.804563522338867,19.261096954345703,8.008781201583899e-06,0.023410724001470276,0.024302719895796607,0.10726051942158638,0.000517164240591228,7.836581230163574,20.703746795654297,0.0003512006277840843,0.07625408555971307,0.08087306662076221,0.2381852295327322,0.0007078501512296498,10.131080627441406,18.020570755004883,0.0006385452884686177,0.09645328824414429,0.1007643460238601,0.3737269487110515,0.0005080387345515192,32.1058349609375,15.26643180847168,0.00034175557418310163
gov_report:133,gov_report,disagreement_replication,64,mechanism_disagreement_pool_v1,32,32,physical_delete_median_value_norm_59,median_value_norm,59,0,False,physical_delete_median_aov_34,physical_delete_low_random_63,0.1488662272183111,5.414656221998208e-07,0.12089210412351184,0.085390917218486,0.7197774487684838,93,128,129,128,,5.367955934944962e-07,8.584204430968259e-08,6.209843492575348e-09,7.545213378882173e-08,6.410644733410297e-08,5.911567536521947e-07,1.5799703644487256e-12,2.204578540868273e-12,4.115452976337006e-09,1.623316959777009e-08,1.3366105374393035e-10,4.232442134615523e-07,1.6894489549870515e-11,4.898515169959202e-07,1.9406081628567597e-09,3.384920117726619e-07,9.487064922945898e-09,5.526026794153025e-07,7.747321418330569e-08,5.852599034965062e-07,4.443886893663984e-09,5.910283837707382e-07,0.0003181260144620944,0.00043156396463382723,0.00044294579088443957,1.6637595763313584e-05,4.118081092834473,778.72265625,2.4548783157722622e-05,0.05047014508971008,0.045840659612412155,0.07495848122228417,0.0007646733429282904,6.984827041625977,16.796289443969727,0.001223436373964673,0.006541886929506237,0.00656405787993996,0.15851740710995413,0.0001590312458574772,8.188920974731445,35.230865478515625,0.00015140160108964747,0.002013209205482723,0.0018167952499445537,0.11769802230258225,4.619965693564154e-05,9.339546203613281,18.82398223876953,3.776674775319105e-05,0.007819482398707145,0.006927927484290356,0.10234416667847783,0.00014842957898508757,9.476186752319336,20.081531524658203,0.0001271503366043017,0.010318966947829763,0.01042758595464371,0.09613948062478882,0.00026159468689002097,7.587466239929199,21.554615020751953,0.00015068991245612717,0.1362022531786937,0.14942509537475487,0.1986503984418786,0.0014972276985645294,11.149467468261719,18.696794509887695,0.0011798079956328517,0.04754807585377193,0.051635075340354754,0.3042689779541186,0.0002921721898019314,32.736785888671875,16.34250259399414,0.000175127170643792
gov_report:133,gov_report,disagreement_replication,64,mechanism_disagreement_pool_v1,32,32,physical_delete_median_attention_28,median_attention,28,0,False,physical_delete_median_aov_34,physical_delete_low_random_63,0.1488662272183111,7.274873215578172e-07,0.2824109671075449,0.32642913316798705,1.2695329012828238,93,128,129,128,,7.207329394154111e-07,3.7412814333685025e-07,2.6072176895706176e-07,3.943938303850212e-09,2.7247799516859285e-08,7.44775621547625e-07,3.409058967095923e-10,3.3770769568415595e-10,2.998182498318826e-08,5.202581856784998e-08,4.324632392653659e-09,9.815382171334685e-08,4.420289329006945e-10,1.6211425822168838e-07,8.421562658629811e-12,1.8779779753208797e-07,3.4923668752955713e-10,2.563984393650574e-07,1.491853897078083e-10,2.608022254311186e-07,2.6502684507211625e-07,7.444378277499987e-07,0.00294557834895211,0.00435646806229996,0.0043551906474978185,0.00011363809608155861,4.362148284912109,778.6818237304688,0.0002478102866760137,0.055036401597248485,0.05303540119430906,0.06909611574560316,0.0011414490872994065,6.959556579589844,15.895808219909668,0.0014154560487903256,0.02629961977750268,0.026215760294150913,0.05302124126952844,0.0008944201399572194,5.964390754699707,33.07554244995117,0.0006046729256374504,0.006942195349015577,0.0068258676149024235,0.04925919037917654,0.00019600638188421726,6.979929447174072,17.122207641601562,0.00014189316072714473,0.0006436121958123503,0.0006218188081724815,0.05359431456102512,1.807292392186355e-05,7.926016807556152,16.05728530883789,1.141242759040159e-05,0.004602043418953338,0.004497722819763903,0.04914439385766565,0.00010373600525781512,7.851445198059082,21.007354736328125,6.499696678696002e-05,0.003639977706795355,0.0037208478026305404,0.06491469479966366,6.684556865366176e-05,11.386817932128906,18.304738998413086,2.9378505511853286e-05,0.47747787772992395,0.5184715900726475,0.6743020562939952,0.0010381314205005765,39.032386779785156,14.9302396774292,0.0017584648038200556
gov_report:133,gov_report,disagreement_replication,64,mechanism_disagreement_pool_v1,32,32,physical_delete_low_v_ridge_52,low_v_ridge,52,0,False,physical_delete_median_aov_34,physical_delete_low_random_63,0.1488662272183111,8.106504694333763e-07,0.3039007250473989,0.32050341449243863,0.7931553033762738,93,128,129,128,,7.982595649364948e-07,2.894432838410543e-07,3.0061507078937876e-07,8.72062413038958e-08,9.173592806242569e-08,6.025018753943708e-07,4.200349872453458e-12,3.2296116941208172e-12,9.819658091726728e-10,1.0343381706891618e-08,2.286257077099881e-10,2.31804876171068e-08,5.261790942707718e-10,2.3114389843904258e-08,5.355509673991161e-10,2.69023792298271e-08,5.570754125719e-08,1.1406718575503603e-07,8.485304293378812e-08,4.604397891414436e-07,2.8840369885447766e-07,6.03089108344463e-07,0.00036582742049940824,0.0004723344646954878,0.00047577394308893255,2.2551255824510008e-05,3.8076419830322266,779.2032470703125,2.6867943808901725e-05,0.021236084375154462,0.01930803665141282,0.03372395887837442,0.0006753000780008733,5.522882461547852,16.741741180419922,0.0005153100882253754,0.008396186423143043,0.008060985839880389,0.0314558957239852,0.00028979821945540607,5.665963172912598,33.672733306884766,0.0001859286107529007,0.006199930238813082,0.005638401925437981,0.029317675478620003,0.00018025218741968274,7.091130256652832,17.341819763183594,0.00011720864156575802,0.007004620583400444,0.005679304569516705,0.04007240623156075,0.00014835667388979346,8.580748558044434,19.382667541503906,0.00010423398474217241,0.03666799864052879,0.03675283733552724,0.057442958755400994,0.0008049244061112404,7.817178726196289,22.04969024658203,0.0005311183110543935,0.09374568145587131,0.11141681549314932,0.16592174736829335,0.001966880401596427,8.296431541442871,16.711078643798828,0.0008797079863800181,0.28232673687276866,0.2983040621271896,0.4120206088762298,0.006056672427803278,15.991891860961914,14.715911865234375,0.0010117375843365186
gov_report:133,gov_report,disagreement_replication,64,mechanism_disagreement_pool_v1,32,32,physical_delete_high_v_ridge_11,high_v_ridge,11,0,False,physical_delete_median_aov_34,physical_delete_low_random_63,0.1488662272183111,2.5897454828886887e-06,0.3925447193667385,0.4172417648082874,4.334256284171171,93,128,129,128,,2.5062074722310382e-06,2.376382971382748e-06,1.4455070890766588e-07,8.792874776301099e-07,1.062949064841145e-06,2.5089587946165606e-06,3.4663483905801843e-12,3.22092290489854e-12,1.591867651588901e-07,1.475585482323378e-07,6.26120841827942e-09,1.526622599496144e-07,1.542968553969625e-09,1.7249255468657985e-07,3.526673706670834e-11,1.8753313720145634e-07,5.240431105553922e-07,6.160766549863361e-07,8.814757218677762e-07,1.8175849440853155e-06,1.4197486307504167e-07,2.509209992103363e-06,0.0007387090145981424,0.0010994295077676047,0.0011037441607717625,2.099831726809498e-05,4.786486625671387,778.4161987304688,6.253918027259017e-05,0.21034185923283294,0.21439091574104277,0.28774665533983285,0.0019021950429305434,9.124982833862305,15.49339771270752,0.005721855810603706,0.014661789667982523,0.014224972240860938,0.19444371693644247,0.0005108611076138914,6.5965576171875,33.74650192260742,0.00032810246529115547,0.005250929398172926,0.004623979978305321,0.15367903348683426,0.00013700895942747593,8.759201049804688,17.17888069152832,9.612128029385393e-05,0.0013888909125786982,0.0011929766639755901,0.1433557109805915,2.6239818907924928e-05,9.852259635925293,16.852642059326172,2.1895059486337984e-05,0.055421232199455994,0.05335007977374766,0.1634637347569598,0.0008590188226662576,9.668230056762695,22.558656692504883,0.000770966442818272,0.26165632462047395,0.30860634022281075,0.3853769707174462,0.0015242104418575764,12.616143226623535,16.273738861083984,0.002436647115966156,0.272452998245021,0.2964726311564542,0.9507852021312355,0.0007975689950399101,38.00852966308594,13.287090301513672,0.0010055260445639867
gov_report:133,gov_report,disagreement_replication,64,mechanism_disagreement_pool_v1,32,32,physical_delete_median_v_ridge_94,median_v_ridge,94,0,False,physical_delete_median_aov_34,physical_delete_low_random_63,0.1488662272183111,8.38152289979539e-06,0.5923971540202271,0.6511276881260517,4.28703128786122,93,128,129,128,,8.309888240267828e-06,1.275630217967592e-06,7.374995959165062e-07,7.04170926790129e-08,6.596152470116843e-08,7.946997647034857e-06,1.668457601730249e-11,1.7291186882192258e-11,4.2013198349831804e-10,4.225051693260283e-09,2.5693122823193056e-10,1.0817043463008598e-08,4.319713518329216e-08,1.3080339998086736e-08,5.395336295342605e-09,2.1313897391963166e-07,1.587591755707146e-08,2.4229042946440744e-06,6.883396275157174e-08,6.3778338657114455e-06,8.067478497591487e-07,7.946940437011605e-06,0.0016031242204171741,0.003045837054024856,0.0030737044694871896,7.032816938590258e-05,3.8076419830322266,779.2032470703125,0.00017325726775277672,0.0072422675989118595,0.006784929078008216,0.01616572611943659,0.00016945903189480305,6.356514930725098,18.546815872192383,0.00018108223352349457,0.007375199067604503,0.007108483448416487,0.016957407942791724,0.00028038726304657757,5.107303142547607,32.67826461791992,0.0001639589100362044,0.037192679373198305,0.033296224009997474,0.03844561538670215,0.0004982621176168323,8.300052642822266,17.7205810546875,0.0006921473915994083,0.010440998126048331,0.010162381999706366,0.06903301002383963,0.00015271671873051673,10.820784568786621,19.606311798095703,0.00018651325304634293,0.039011493007195634,0.038568046684638785,0.14132634347918765,0.0008082099375315011,9.534915924072266,21.60590934753418,0.0005573500524274147,0.11573596805152878,0.12100058631394073,0.4391147383289545,0.0024970772210508585,9.509651184082031,18.2124080657959,0.0009553780698711799,0.4258480147706084,0.4538426160165012,1.034717478708514,0.009006471373140812,15.456899642944336,16.990890502929688,0.0015392671112930483
synthetic_niah_132,niah_single_1,disagreement_replication,64,mechanism_disagreement_pool_v1,32,32,physical_delete_median_v_ridge_43,median_v_ridge,43,0,False,physical_delete_low_aor_93,physical_delete_median_v_ridge_43,0.18788533507339908,1.8982855302572354e-08,0.00041566368554810253,0.000441528439912644,0.0028477867145645895,93,128,129,128,0.0,1.897173197842406e-08,1.772482706761802e-09,2.2265424993916637e-09,3.225818344050999e-10,4.986509465595412e-10,1.7407844213245742e-08,7.154480211944326e-10,7.309558507814955e-10,2.44575694496005e-12,1.659043841530726e-09,1.309889668224369e-10,2.520869912769243e-09,2.8015939828669162e-11,3.547543763064278e-09,4.5603571475023245e-10,5.164759377735328e-09,7.154875182043908e-10,7.816613032854048e-09,9.147113926236625e-11,1.1802515342184745e-08,6.21736335930844e-10,1.7443033741352637e-08,0.0022422114134709346,0.003106365387537174,0.0031031832091115447,6.469692743849009e-05,4.936966896057129,778.5771484375,0.00017028770134590863,0.0001609331812513914,0.00016289093990964047,0.004901241754554663,3.5080254292552127e-06,7.957252502441406,20.64034080505371,4.725668630944256e-06,0.001272774550008192,0.0011163947164031188,0.0034776368217673565,4.2462674173293635e-05,7.124953269958496,34.526588439941406,2.9309635043142048e-05,0.0008115637962649041,0.0006830796491068227,0.003156149885151614,2.0050712919328362e-05,8.587150573730469,21.791648864746094,1.6506841361141375e-05,0.0017488947153846543,0.001395343941517269,0.0036471472668380945,3.978252425440587e-05,9.578289031982422,19.823030471801758,2.8107208222002324e-05,0.0014690192127950153,0.0014314993014368379,0.005184609543887358,1.854843139881268e-05,10.993611335754395,25.039352416992188,2.0798359152760185e-05,0.001151939951336306,0.001193662146296778,0.012817011825751548,1.5241374967445154e-05,13.051065444946289,21.380332946777344,8.653443311123326e-06,0.005300378884709921,0.005888734943074426,0.022713263972761952,1.704828355286736e-05,38.13288879394531,19.495769500732422,2.15078592595795e-05
synthetic_niah_132,niah_single_1,disagreement_replication,64,mechanism_disagreement_pool_v1,32,32,physical_delete_low_aor_93,low_aor,93,1,True,physical_delete_low_aor_93,physical_delete_median_v_ridge_43,0.18788533507339908,3.9064311965059367e-08,0.00020245140616280004,0.00027971488975302215,0.0033489579841966405,93,128,129,128,,3.848763210793292e-08,4.5007014473566617e-10,5.81770930316811e-10,2.046109927416813e-11,7.368631666342982e-12,3.884504661215546e-08,1.187723562274577e-11,1.2564626951177237e-11,7.197220218548727e-12,3.0309336118357116e-08,1.510179263166022e-11,2.8970103172320095e-08,1.2736384838211687e-10,2.465123022906001e-08,1.3885117093115704e-12,3.1367770890476426e-08,1.1166102301680586e-11,3.3056574240813974e-08,3.961342582762097e-12,3.3798354419287407e-08,5.406175379286996e-10,3.89052002552254e-08,0.0003797140284963948,0.0005540671434596096,0.0005571980437418222,6.610224954783916e-05,3.605106830596924,779.23828125,3.0373381260803668e-05,0.00020377400643588656,0.0002013064362883535,0.01578481586401599,5.4631523198622745e-06,7.228839874267578,22.152610778808594,5.840149929165881e-06,0.0003650748161886629,0.0003336603176059924,0.010026128242468707,1.2172810784250032e-05,6.50049352645874,33.01581573486328,8.759860642227578e-06,0.0008399549662521444,0.0007171827916964845,0.008371374462226747,2.136977855116129e-05,8.273910522460938,24.451847076416016,1.733095486734817e-05,6.4665772612075125e-06,7.647820924959934e-06,0.007757200307267481,1.0666803262893154e-07,10.443340301513672,26.052017211914062,1.5405441539287676e-07,0.00015991310609219463,0.00016615703844154335,0.00818291568872889,3.427589717830415e-06,10.51605224609375,25.937763214111328,2.414107892192135e-06,0.0001764377009604316,0.00017318593725090695,0.010340374211458607,3.7763729778816923e-06,11.849374771118164,23.818580627441406,1.2555099405086415e-06,0.0017913866935596284,0.001663474444238445,0.013671139124704274,1.5370242181234062e-05,15.185367584228516,22.531442642211914,6.075629922970964e-06
synthetic_niah_132,niah_single_1,disagreement_replication,64,mechanism_disagreement_pool_v1,32,32,physical_delete_median_random_71,median_random,71,1,True,physical_delete_low_aor_93,physical_delete_median_v_ridge_43,0.18788533507339908,2.2773354907232137e-08,0.0003079623609540564,0.0003541919177932078,0.0035814210580833623,93,128,129,128,,2.2499013929225546e-08,1.1645434231978907e-09,1.0478836943834451e-09,9.706185866613785e-11,4.495959017331114e-11,2.2440762634758278e-08,2.0034387980834646e-11,1.8088306084853664e-11,1.5240964201123128e-12,2.107315939248991e-08,2.8808331827378698e-11,2.0397957670072463e-08,1.7221399830521136e-11,1.7467167482510893e-08,8.529785897440035e-13,1.9541469247085397e-08,1.9987705499477113e-10,1.641499801000764e-08,4.255308252693843e-11,1.802825304285518e-08,1.030476416809332e-09,2.2515249309271995e-08,0.0006485760441647687,0.0008869923017845059,0.0008819432681185178,7.177394581958652e-05,3.605106830596924,779.23828125,4.8623990206816084e-05,7.256400783275875e-05,7.947731886994092e-05,0.014511657514345426,2.817154154399759e-06,6.349686622619629,21.992210388183594,2.305735806200019e-06,0.0005448633597421236,0.0005227097151466883,0.009317523362815843,2.284684705955442e-05,5.864994049072266,32.96060562133789,1.3723131039006207e-05,0.0004726003083648536,0.0004162821556702991,0.008029180487986832,1.3662534911418334e-05,9.1333589553833,24.114395141601562,1.0059593363831856e-05,7.928071288792455e-05,6.561059882606438e-05,0.007202879088955697,1.4761749298486393e-06,10.257832527160645,21.348350524902344,1.3216316837045798e-06,0.0005502191355354369,0.0006045275520784814,0.007893582079647063,1.1213601283088792e-05,9.795661926269531,24.961889266967773,8.783225484809613e-06,0.0008023161203564685,0.0007654869745797617,0.01241226849898248,1.839778087742161e-05,10.697473526000977,22.54354476928711,5.549391140935397e-06,0.0034673753061912733,0.003306647357892698,0.01657682515676685,3.910207669832744e-05,17.36117172241211,20.756107330322266,1.2077111074299154e-05
synthetic_niah_132,niah_single_1,disagreement_replication,64,mechanism_disagreement_pool_v1,32,32,physical_delete_low_attention_53,low_attention,53,0,False,physical_delete_low_aor_93,physical_delete_median_v_ridge_43,0.18788533507339908,2.2955411339172074e-08,0.0003893579003099467,0.00042143014250188717,0.0043322627734534574,93,128,129,128,,2.281769390501885e-08,1.045059977628642e-09,8.617249376848777e-10,3.5239871117091716e-11,1.678984917585623e-11,2.2629267885782136e-08,6.2641412601726194e-12,9.633221128859968e-12,1.9800337389990126e-12,2.183531108860412e-08,1.9423726757068798e-11,2.226856014684255e-08,6.327524422848743e-12,2.1330222548418103e-08,4.228042103279227e-12,2.354989744359615e-08,3.4862103217020576e-10,2.0962118370260446e-08,1.1786727292960176e-11,2.053836587268809e-08,8.464725036026692e-10,2.2766435134685356e-08,0.0002825925548901043,0.000386710063356768,0.00039182804237672966,3.0462198992609046e-05,3.605106830596924,779.2382202148438,2.119904118187599e-05,0.00010409069179888897,0.00011010242042078419,0.014821036557393294,3.7593308661598712e-06,6.373022556304932,21.144065856933594,3.194208067447847e-06,0.00048166878287515954,0.00043573186743727237,0.009624134920131389,1.8270833606948145e-05,5.876001358032227,32.80126953125,1.1439629571519463e-05,0.0003459999124446394,0.00030207614870224884,0.008262272869258323,1.003688248601975e-05,9.062994956970215,23.056087493896484,7.299768148754777e-06,0.0002497868485380883,0.00021363286224317714,0.007708514190377852,3.7145530313864583e-06,10.382494926452637,21.182464599609375,4.303328493763345e-06,0.0008452788716521591,0.0009210619000234798,0.009496947094951143,1.2868560588685796e-05,10.19506549835205,25.091327667236328,1.338217642117185e-05,0.0003209702835724517,0.00031464579184677555,0.01382825008959481,8.708554560143966e-06,10.459402084350586,22.025009155273438,2.281021921719402e-06,0.00354634519613297,0.003387469383450142,0.019186573090008686,4.916361649520695e-05,16.615402221679688,19.63365936279297,1.2372303295984733e-05
synthetic_niah_132,niah_single_1,disagreement_replication,64,mechanism_disagreement_pool_v1,32,32,physical_delete_median_value_norm_66,median_value_norm,66,0,False,physical_delete_low_aor_93,physical_delete_median_v_ridge_43,0.18788533507339908,3.574601032245461e-08,0.00028539649343767217,0.00034962466775035836,0.004179464278053432,93,128,129,128,,3.529200174184628e-08,6.087211525576444e-10,1.534790547503356e-10,5.6712214489811486e-11,3.2793110157562445e-11,3.558518091907072e-08,1.2310767753707346e-11,1.4622593862312512e-11,5.011820591424716e-11,3.033359096533511e-08,4.114238702370595e-11,2.817298040724733e-08,3.275706496174961e-10,1.9914607760039018e-08,8.400485264769431e-12,3.1342710372945376e-08,2.8995957639080118e-11,3.688368335596625e-08,5.829717245657474e-12,3.277270220968068e-08,1.0537327907418487e-10,3.577690385082459e-08,0.0005197131015034705,0.0006978373458915284,0.0006992319998583561,4.302590969018638e-05,3.605106830596924,779.2382202148438,3.825471337723501e-05,0.0006624817781607001,0.0006275057209776671,0.016366416463491733,1.6770363799878396e-05,7.160902500152588,21.1774845123291,1.8204720919451937e-05,0.0005807683329731548,0.0005317284360706417,0.010461213459887547,1.8702421584748663e-05,6.513489723205566,33.073646545410156,1.3959906988366374e-05,0.0013542208493644717,0.0012597099039172385,0.009181362009814412,3.8607799069723114e-05,8.182523727416992,23.63412857055664,3.0441298569222455e-05,0.00019202703209827626,0.00016307345423818593,0.008839455517521806,1.9907868136215257e-06,10.999448776245117,25.233280181884766,3.2848815244575545e-06,0.00025857709242086183,0.00027999418303201705,0.00937848389927225,4.55792269349331e-06,10.600218772888184,26.174297332763672,4.06805617965613e-06,0.000285051231063008,0.0002775485946420036,0.012547271133790634,7.099031336110784e-06,11.44443130493164,23.14698028564453,2.0120861143730892e-06,0.0010921625002261474,0.0009021221062161224,0.016421368360259595,1.2637032341444865e-05,15.716611862182617,21.932926177978516,3.2948868446304874e-06
synthetic_niah_132,niah_single_1,disagreement_replication,64,mechanism_disagreement_pool_v1,32,32,physical_delete_high_random_57,high_random,57,0,False,physical_delete_low_aor_93,physical_delete_median_v_ridge_43,0.18788533507339908,7.248100717548487e-08,0.00031102563812035596,0.00034294492555205305,0.0045714778180822035,93,128,129,128,,7.251173433967222e-08,8.269390135724872e-10,5.265213650934331e-10,7.215563178547272e-11,3.189002616564967e-11,7.323592374958897e-08,3.022416378880179e-11,3.4086970293585196e-11,5.772695171073299e-11,1.9570558381398523e-08,4.849768917549763e-11,3.074888343473453e-08,4.901070186586973e-10,2.358006439334492e-08,3.411382012284134e-11,4.143699358227245e-08,4.932565419180531e-11,5.315008464452215e-08,1.02489163665225e-11,6.648585711939773e-08,3.8307139035908137e-10,7.340905270561171e-08,0.0008730609106044626,0.0011658580673291358,0.0011654873528322888,5.052770211477764e-05,3.605106830596924,779.23828125,6.391111978570689e-05,0.0008145499805635266,0.0007772726799594428,0.014207834630825707,2.3607592083862983e-05,7.1716766357421875,20.77778434753418,2.2549646551317636e-05,0.0006465007005011384,0.0005846885387388434,0.009754200238093513,2.2203086700756103e-05,6.458679676055908,33.02581024169922,1.535031242315153e-05,0.0019083195520500798,0.0016293624715528483,0.008820877591223394,5.6810618843883276e-05,8.173799514770508,23.060497283935547,3.9374072808182944e-05,0.00042270824428046683,0.00036081275740897784,0.009610276296773648,4.707696461991873e-06,11.266498565673828,24.471343994140625,7.268057000069356e-06,0.0003316069063177476,0.0003576538329298458,0.010532326971009361,6.385105280060088e-06,10.52329158782959,25.93419647216797,5.19637897285026e-06,0.0003703359850660417,0.0003824372607463801,0.014168698594216619,8.142706064973027e-06,11.275629043579102,22.64908218383789,2.7724755838133792e-06,0.0018327708831697934,0.0016375566288827146,0.01956228714377143,2.0763780412380584e-05,15.353642463684082,21.274490356445312,5.980968381846176e-06
synthetic_niah_132,niah_single_1,disagreement_replication,64,mechanism_disagreement_pool_v1,32,32,physical_delete_median_attention_21,median_attention,21,0,False,physical_delete_low_aor_93,physical_delete_median_v_ridge_43,0.18788533507339908,8.082989299699393e-08,0.0014499310418809672,0.0014450778108000269,0.008456000251784522,93,128,129,128,,8.091780460930313e-08,1.1714749730708495e-08,1.1550492517324107e-08,2.669873067191179e-09,2.8949158245635817e-09,1.0001526615335447e-07,2.859717801210893e-09,2.821268225486803e-09,5.360143905459512e-13,2.6599704484815055e-08,8.47633124583817e-12,2.7875084708070433e-08,6.827650968822535e-11,3.221335627612347e-08,1.229324838448852e-11,3.659754298833369e-08,3.0655848273433576e-10,5.933768263378701e-08,2.856328599952359e-09,8.785177743538968e-08,1.0544626812193674e-08,1.003879590684919e-07,0.005316149840485373,0.008067776136883515,0.008056730481583054,0.00012799484829884022,5.808436393737793,776.9461059570312,0.0004422670490841695,5.98610350347425e-05,5.523321530062681e-05,0.010174677761209436,1.0506313401492662e-06,6.7645440101623535,23.029098510742188,1.6023842276135989e-06,0.00017026680550363634,0.00016053069425204616,0.0061789810395399564,5.979771231068298e-06,6.800115585327148,34.511775970458984,4.214545261293346e-06,0.0009112002508886505,0.0007537697475028652,0.005379982559051067,3.54149415215943e-05,6.546737194061279,20.6613712310791,1.821509052586575e-05,0.0002298068035166348,0.0002047121790067042,0.005850257923581484,2.073182940875995e-06,11.035676956176758,19.33269691467285,4.1236340874240555e-06,0.0011908788769367624,0.0012803246154223108,0.007387463271380052,1.4317466593638528e-05,11.35198974609375,25.189594268798828,1.8601930966326578e-05,0.0060827051353924575,0.005592283169519147,0.024288278975210575,0.0001066749173332937,11.950227737426758,21.709720611572266,4.054120802717596e-05,0.017114049641336882,0.019609566139752933,0.038276667160990055,0.00014593223750125617,22.016286849975586,18.77069854736328,7.162145906587993e-05
synthetic_niah_132,niah_single_1,disagreement_replication,64,mechanism_disagreement_pool_v1,32,32,physical_delete_median_aor_87,median_aor,87,1,True,physical_delete_low_aor_93,physical_delete_median_v_ridge_43,0.18788533507339908,1.2343244411697262e-07,0.0011998172239968167,0.0013057930086860907,0.012309498329021194,93,128,129,128,,1.2284306457542956e-07,6.181885280320765e-09,1.1864293299001582e-09,8.993408296552221e-10,5.976161829725366e-10,1.1594452643047228e-07,9.039325361923275e-11,8.687559342772522e-11,2.048757401463004e-11,7.577653993895455e-08,6.959301265569985e-10,6.536418359326911e-08,4.2610299356885906e-09,5.324654956222061e-08,4.3227180162000754e-11,6.055490373370364e-08,3.385740254665734e-09,8.2046644440782e-08,6.240048857591686e-10,8.988879995882129e-08,1.0136074368496081e-09,1.1598626113759993e-07,0.0011118141216918899,0.0016068083109487086,0.0015926820605674569,0.00014752271817997098,3.609076499938965,779.1220703125,8.808355091539699e-05,0.0005197239429026456,0.0005668707995646641,0.021790413296464712,2.289099393237848e-05,4.666823387145996,19.562847137451172,1.6445626483505104e-05,0.0025953844132370874,0.002464264978830286,0.014358601847584978,0.00013241067063063383,4.979038238525391,32.569847106933594,6.469638929483388e-05,0.0060922817002507824,0.0049013296130490614,0.014420623284787255,0.0002500142145436257,8.675085067749023,20.33450698852539,0.0001184422204453832,0.0003780961082637492,0.00030086224112145407,0.01291658453683414,5.046544174547307e-06,9.633437156677246,20.993305206298828,6.060439584625754e-06,0.0026243059501090357,0.002691679180171715,0.01565100416141812,5.374161992222071e-05,8.51870059967041,22.867122650146484,3.910760575085655e-05,0.003153867222844404,0.0029705987632573107,0.02527178878747066,7.406494114547968e-05,9.889385223388672,21.187700271606445,2.1535329806419943e-05,0.006548889119982812,0.006320290850676952,0.035809559360927674,0.00017385736282449216,13.370529174804688,17.67160415649414,2.3084062605982672e-05
synthetic_niah_133,niah_single_1,disagreement_replication,64,mechanism_disagreement_pool_v1,32,32,physical_delete_high_key_query_84,high_key_query,84,0,False,physical_delete_low_v_ridge_74,physical_delete_high_key_query_84,0.08078851509331694,4.972123579841906e-11,0.00021638052100554983,0.0002123458544318513,0.002240905394825833,93,128,129,128,0.0,4.8500629801714987e-11,9.096551576720642e-13,1.2848611214418003e-13,8.213938670232399e-14,2.1509582905003357e-14,4.812326503582602e-11,1.3985261496660326e-13,1.5425558449851423e-13,4.356282240106787e-15,8.886228107951647e-11,6.634337798570784e-14,8.731189786822111e-11,7.250983147807462e-13,4.650106457632624e-11,1.7768059344284078e-14,4.90112289765401e-11,1.599264818160067e-14,4.9241975494602655e-11,2.8064732391368173e-14,4.87012762211796e-11,2.27102345136047e-14,4.866591429164316e-11,0.0009572019953941162,0.0012682417690973115,0.001269726279065598,0.00013414105342235416,3.605106830596924,779.23828125,6.035564025543659e-05,0.00016874349173653138,0.00015275434032767293,0.012665194776394379,5.5740711104590446e-06,7.175924301147461,21.891307830810547,3.5309874013098274e-06,0.0004013398225361047,0.00038840309090405143,0.008200438261531905,1.6528094420209527e-05,6.544585227966309,33.058616638183594,7.668504887291805e-06,0.0009915603492650247,0.0008428597751010624,0.007419182589398395,8.985542990558315e-06,8.16086483001709,24.341474533081055,1.6756346355806872e-05,1.627901908102322e-05,1.5170575248283265e-05,0.00675219100820327,3.3728238690855505e-07,10.548833847045898,25.900789260864258,2.6501979203557704e-07,8.895670682448382e-05,8.984168622859245e-05,0.006451204054194696,1.5964701560733374e-06,10.611759185791016,26.165393829345703,1.1935452314013138e-06,0.00020057160794234209,0.00021686318553502368,0.008744760382329514,2.6547857032710453e-06,11.866604804992676,23.881771087646484,1.7165116989219436e-06,8.455717312087425e-05,6.056233780786093e-05,0.009487489261909473,1.0667670267139329e-06,15.365121841430664,22.669357299804688,2.628881324884626e-07
synthetic_niah_133,niah_single_1,disagreement_replication,64,mechanism_disagreement_pool_v1,32,32,physical_delete_low_v_ridge_74,low_v_ridge,74,0,False,physical_delete_low_v_ridge_74,physical_delete_high_key_query_84,0.08078851509331694,8.546607004391397e-11,0.00018179550809996266,0.00038066829775375397,0.004317227545913172,93,128,129,128,,8.597841133284884e-11,6.872330967463658e-11,7.999623230999915e-11,1.741757346330168e-11,9.351472796634276e-13,8.549323566923453e-11,7.904787148563569e-11,7.888353353159205e-11,1.1412674925024028e-12,7.325401025614672e-11,1.7770896981507422e-11,6.530926691743608e-11,3.189478547310114e-12,8.544295830637419e-11,6.2348858667690985e-15,8.672631057340953e-11,1.9617483057446821e-13,8.713363898452823e-11,1.9385583226868823e-14,8.50254442447282e-11,7.941931505047256e-15,8.552279777984557e-11,0.01126560602072058,0.017968233390327045,0.017966848089391866,0.00034652548492886126,4.92659854888916,778.4987182617188,0.0008551084319705063,0.0017844704005477961,0.0016456839447169188,0.014821771669278967,2.8545699024107307e-05,7.088335990905762,21.978317260742188,3.804074740441663e-05,0.004336662029007299,0.004949918999484915,0.010827872174856975,0.00012190247070975602,6.326544284820557,33.85591125488281,9.772959826580178e-05,0.0035301019480077096,0.0031159877359056664,0.010072267695708053,2.770289393083658e-05,9.123833656311035,24.42937469482422,6.194692318425247e-05,2.3414206935607955e-05,2.0328868220237264e-05,0.008932414605622722,3.102950643096847e-07,11.328709602355957,22.090229034423828,3.5513171648883903e-07,0.0003178528646056523,0.00032777880582149913,0.008832074240444623,4.621036168828141e-06,10.548992156982422,25.277250289916992,4.354535706812687e-06,0.00026498726355459465,0.0002813111879516949,0.01233969925794718,3.0814089768682607e-06,13.781806945800781,22.331607818603516,2.2266294021523966e-06,0.0002710591247025392,0.00029275639801370644,0.015856259857400717,1.2918618494950351e-06,36.90471649169922,19.948440551757812,1.2707927985217694e-06
synthetic_niah_133,niah_single_1,disagreement_replication,64,mechanism_disagreement_pool_v1,32,32,physical_delete_median_attention_61,median_attention,61,0,False,physical_delete_low_v_ridge_74,physical_delete_high_key_query_84,0.08078851509331694,1.0810080722739704e-10,0.0006904639510002547,0.0011659809267444347,0.011506345013706374,93,128,129,128,,1.0828171102186618e-10,8.047167272001142e-11,4.730164360766542e-11,6.446370665360628e-11,1.691302355697704e-12,1.0800046262819685e-10,4.696100093504943e-11,4.719531013169666e-11,5.370635439194843e-13,7.479619599177745e-11,5.769764278139331e-11,9.815923733153098e-11,2.6652876658724388e-11,1.0991345184091894e-10,7.144793446779385e-15,1.057214932112526e-10,2.734243420039782e-13,1.0430486228646523e-10,5.077044433823528e-13,1.0719491489131549e-10,2.5945528728448905e-14,1.0775688176993222e-10,0.01747626846121772,0.02747885725660589,0.027478103748277135,0.00043963323696516454,4.936966896057129,778.5771484375,0.0013077191302338683,0.0022827024521528813,0.0019754869575058748,0.02393885843798839,4.6673045289935544e-05,7.791547775268555,21.59682273864746,4.5664296958385415e-05,0.014143335222699055,0.014823295936804442,0.02201929579204042,0.00030242823413573205,6.999419212341309,34.57780838012695,0.00029266635616254284,0.006176577300505122,0.0051827497155275265,0.018907720387792832,5.0041708163917065e-05,8.912849426269531,23.27776336669922,0.00010303487231719632,5.831113582283223e-05,4.920828791373395e-05,0.015679645750375237,1.4058527995075565e-06,9.830167770385742,20.559738159179688,8.596358421412094e-07,0.00065508266817924,0.0006179715803167608,0.014619391489952335,9.036731171363499e-06,10.703773498535156,25.246654510498047,8.20974164434001e-06,0.000737846805882388,0.0007794670309267479,0.019273584708752435,9.522957952867728e-06,13.239134788513184,22.02030372619629,6.169623830844412e-06,0.0002713272693104337,0.0003024878188319627,0.022547640379115476,1.1327559832352563e-06,39.42454147338867,20.022701263427734,1.3130348112638647e-06
synthetic_niah_133,niah_single_1,disagreement_replication,64,mechanism_disagreement_pool_v1,32,32,physical_delete_median_value_norm_66,median_value_norm,66,0,False,physical_delete_low_v_ridge_74,physical_delete_high_key_query_84,0.08078851509331694,1.312112756242703e-10,0.0004317777507187137,0.0004236924626617564,0.004502235002803293,93,128,129,128,,1.2962206752013996e-10,5.464973681270238e-12,6.744433853517256e-14,1.0518361573610422e-12,1.1102910753307211e-13,1.2885555446526998e-10,5.43604972238745e-14,8.470910773842552e-14,3.763090110318088e-14,1.655662181935335e-10,1.2996113154360722e-12,1.4363573898174912e-10,1.969926940264335e-12,1.2263369985586332e-10,1.475496690416136e-14,1.2264317235249976e-10,1.005540678154476e-14,1.2472162887522088e-10,5.945783420641418e-14,1.3082880468431852e-10,1.7726424986175948e-14,1.294763396878399e-10,0.0008429628574322862,0.0011470062480765516,0.001147582648390599,0.00012192370923003182,3.605106830596924,779.2382202148438,5.458604042738681e-05,0.0001813481520696602,0.00016149112519675324,0.01816889523292435,4.637090114556486e-06,7.160902500152588,21.1774845123291,3.732942234373829e-06,0.0014393250544672167,0.0015189638910198264,0.011660602765744245,4.107794666197151e-05,6.513489723205566,33.073646545410156,2.9989931323133593e-05,0.0015986508996305082,0.00136916295639843,0.010322404161757124,1.2641932698898017e-05,8.182523727416992,23.63412857055664,2.7219437197844366e-05,1.3125583560300679e-05,1.276578240305212e-05,0.009573319160921646,2.879012583889562e-07,10.999448776245117,25.233280181884766,2.23009671173224e-07,7.45698699312358e-05,7.286076752801863e-05,0.009123486064493057,1.1965563544436009e-06,10.600218772888184,26.174297332763672,9.679540232363775e-07,0.00039701001396667525,0.0004299092166681838,0.012337797925466508,5.286246960167773e-06,11.44443130493164,23.14698028564453,3.4028099239837423e-06,0.00011145140162551627,6.988898544527773e-05,0.013314181230008097,1.3299971897140495e-06,15.716611862182617,21.932926177978516,3.03373111578226e-07
synthetic_niah_133,niah_single_1,disagreement_replication,64,mechanism_disagreement_pool_v1,32,32,physical_delete_median_aor_69,median_aor,69,1,True,physical_delete_low_v_ridge_74,physical_delete_high_key_query_84,0.08078851509331694,1.2982611667046966e-10,0.0006135106383799017,0.0006415074865177572,0.0075986251571731715,93,128,129,128,,1.2975622670512924e-10,6.014086154600332e-11,3.455914406227016e-12,2.2569656542349048e-11,7.687222778989394e-13,1.2759337147466894e-10,3.941237413594854e-12,3.7784262218918405e-12,1.86266054048425e-14,4.92585355772982e-10,2.3686288837103342e-11,3.4435116678583876e-10,2.0343537676056754e-11,1.7875866975668067e-10,2.424803453948232e-14,1.2809781418652565e-10,2.1395597810116455e-12,1.3978594861794037e-10,8.62180781558011e-13,1.368776622708287e-10,1.1462510167428897e-13,1.2879199856418707e-10,0.0045160981831832035,0.0070542491861764894,0.007053772381820606,0.00039377048960886896,3.609076499938965,779.1220703125,0.00033571179922272846,0.000601977362298113,0.000585703717099077,0.021070415927212597,2.634120210132096e-05,4.511056900024414,19.049148559570312,1.353881298260248e-05,0.005149153399015959,0.005167040837974969,0.015549380386157578,0.00027842327835969627,5.024410247802734,32.47816848754883,0.00010201638155509871,0.005374993347568377,0.004554986110989914,0.013324873288618614,0.0001034167580655776,8.869434356689453,19.5644474029541,9.05547128672561e-05,0.00016733647116825916,0.00013598681734980044,0.011383658877075724,3.9505234781245235e-06,9.640289306640625,21.043560028076172,2.3755986482913615e-06,0.0013681241472707354,0.0012548298646224898,0.014049933372590624,2.466149271640461e-05,8.68513298034668,22.398597717285156,1.667039282109424e-05,0.001754130054393548,0.0016543298939362453,0.017372500726572072,2.8666567231994122e-05,9.549707412719727,20.55758285522461,1.3094323085829853e-05,0.0012572443661101563,0.001002653763904059,0.0208216872224312,2.7059884814661928e-05,12.777847290039062,17.313697814941406,4.3523051630125945e-06
synthetic_niah_133,niah_single_1,disagreement_replication,64,mechanism_disagreement_pool_v1,32,32,physical_delete_high_age_95,high_age,95,1,True,physical_delete_low_v_ridge_74,physical_delete_high_key_query_84,0.08078851509331694,2.1032349807151322e-10,0.0013129589833717813,0.0011425983669338818,0.009278886353210086,93,128,129,128,,2.0823144031659306e-10,4.130291097112984e-10,4.229794607578188e-12,8.700991659115948e-11,2.0805459478816754e-12,1.9347825048562274e-10,6.662538703663016e-13,7.123180776447529e-13,2.5347457928905986e-13,1.0945464474616369e-10,9.079929646250702e-11,2.984899151060148e-11,1.664726396870717e-10,1.3041080101540103e-10,2.294037309543881e-13,1.0026284876576991e-10,7.509764780361829e-12,1.4430215950122882e-10,1.0558841504089614e-12,1.7762064078933297e-10,3.294354144029737e-12,1.931215064327631e-10,0.0014245084043241134,0.0021983557893023326,0.0021995213016241665,0.00015332114708144218,3.1908457279205322,779.73486328125,0.00010461977708479592,0.0008789647645092043,0.0007979496758635566,0.02196487099914489,2.184343793487642e-05,5.834247589111328,18.704326629638672,1.844497672740139e-05,0.010509198810014369,0.00994676620502619,0.018472844478332088,0.00041897688060998917,4.593262195587158,32.69118881225586,0.0001963857318396965,0.013360771128468951,0.01191832269715822,0.018666419412580293,0.00023913824406918138,9.281012535095215,18.50423812866211,0.00023694041285801272,0.00077103592165733,0.0006685123544812492,0.014868863665038475,8.898915439203847e-06,12.259431838989258,23.046329498291016,1.1678463226230227e-05,0.0025184713035521496,0.002290085692671925,0.014055667484584899,2.3440383301931433e-05,9.547978401184082,23.028339385986328,3.042374840376784e-05,0.0019145934231823327,0.0018220808766081407,0.018501559042268804,3.8270467484835535e-05,8.919548034667969,19.526878356933594,1.4422102734328362e-05,0.010648469779384485,0.0073095727125538044,0.022851684324876314,0.00016796926502138376,11.777603149414062,17.722370147705078,3.172928901437609e-05
synthetic_niah_133,niah_single_1,disagreement_replication,64,mechanism_disagreement_pool_v1,32,32,physical_delete_median_aov_52,median_aov,52,0,False,physical_delete_low_v_ridge_74,physical_delete_high_key_query_84,0.08078851509331694,4.432696614199134e-10,0.00102917635322509,0.0012596331417646382,0.014144592696246884,93,128,129,128,,4.411071990143232e-10,1.5440796662395078e-10,1.4752293134770753e-11,1.8017717096321015e-10,6.407460807859368e-13,4.425641519450377e-10,1.4739353945041985e-11,1.4641995544175405e-11,3.057094208971494e-13,6.862788047236776e-11,1.7693514851571757e-10,1.6557874633581175e-10,3.45428200872472e-11,4.25749298993362e-10,1.4941005545015845e-15,4.2194955460700066e-10,3.553813428411626e-13,4.2287870533173087e-10,9.973473353378279e-14,4.3406972121327164e-10,2.007767274059243e-14,4.422006827878151e-10,0.009584590239514896,0.014998366911391376,0.014997818351101068,0.0002543425071053207,4.936966896057129,778.5771484375,0.0007137724523671033,0.0016362272460522353,0.001490578324917244,0.01741481787252531,3.131139965262264e-05,7.846585750579834,21.294952392578125,3.445540908793943e-05,0.01567462570807513,0.016102625668275364,0.02020189553483408,0.000341455772286281,7.030093193054199,34.50984191894531,0.00031792502821741076,0.007673532484014086,0.006419575721893446,0.02456467304794318,5.6125474657164887e-05,8.900398254394531,22.746623992919922,0.00012762340478340847,5.197223412429362e-05,4.387424697758858e-05,0.021651810100064235,1.0200218412137474e-06,9.916586875915527,19.901615142822266,7.664537184266541e-07,0.0007325044233320265,0.0006662211977915389,0.019394804446126918,8.05180116003612e-06,10.72279167175293,25.274246215820312,8.850736969243332e-06,0.0003998595147032552,0.0003756799755643644,0.02388841664003584,4.204890046821674e-06,13.274996757507324,21.710220336914062,2.973575581839804e-06,0.00042895498735719785,0.0004770058599420144,0.031439354569202604,1.5151913430599961e-06,39.079994201660156,19.465076446533203,2.070580235922343e-06
synthetic_niah_133,niah_single_1,disagreement_replication,64,mechanism_disagreement_pool_v1,32,32,physical_delete_high_random_33,high_random,33,1,True,physical_delete_low_v_ridge_74,physical_delete_high_key_query_84,0.08078851509331694,5.122511460067836e-10,0.002128148789836357,0.0019115493953664822,0.02078354089078046,93,128,129,128,,5.12400498339268e-10,1.5548526843084507e-10,3.290048282829205e-12,2.538180643235096e-11,1.0909942663243286e-11,5.35790931656189e-10,2.8148697525335084e-13,2.309367336823001e-13,1.5465851992511905e-11,2.5259326981517367e-10,2.3004780917626006e-11,2.8846636644459006e-10,1.045585025458897e-10,3.9070462052067857e-10,5.788181431703226e-13,6.356309679675744e-10,6.007699501958848e-11,5.245404846836728e-10,1.2354990859903425e-12,5.046866916570378e-10,2.1582716984833155e-12,5.366082660396228e-10,0.001327767379379605,0.0019658079924479857,0.0019636894544307207,0.00010711993672885001,3.609076499938965,779.1220703125,9.355282478032695e-05,0.013450275003070486,0.013733871959625624,0.023881393121514743,0.0002954455849248916,4.29323673248291,17.043724060058594,0.00031746481806419223,0.00912137671117061,0.008434539109104064,0.01873467431882929,0.00037836984847672284,5.0304155349731445,32.52262878417969,0.00016652880961803826,0.01026488713669347,0.00859242437577598,0.024926966819489714,0.0003159784246236086,5.698949813842773,18.12371063232422,0.00017082039400838228,0.0008498908228487087,0.0007025970757068413,0.027081389884342662,1.567129038448911e-05,9.167121887207031,21.021228790283203,1.227390048440666e-05,0.00680541798286801,0.006975641468261586,0.025183082563960162,0.00011198068386875093,7.451329231262207,21.19512176513672,9.26712749939368e-05,0.0025708563776103374,0.00251010599986889,0.032860464505884646,5.965462696622126e-05,8.189162254333496,17.96274757385254,1.9867947174525218e-05,0.005635163410813873,0.005532654186378182,0.041853884831133975,0.00017952756024897099,11.243951797485352,14.970094680786133,2.401606641037966e-05
