sample_id,task,previous_anchor,anchor,horizon,proxy,staleness_gap,selector_gap,total_gap,identity_residual,proxy_regret,fresh_teacher_risk,stale_teacher_risk,oracle_teacher_risk,panel_max_teacher_risk,fresh_action_id,stale_action_id
synthetic_niah_61,niah_single_1,16,32,1,attention_mean_w1_shared,0.012480192817747593,0.0,0.012480192817747593,0.0,0.21891679049688118,0.002015797421336174,0.014495990239083767,0.002015797421336174,0.05657952278852463,85d202a0c3a7b3c3b55f74b344f7c3af3413f65c8f6a59a9de380afb905fb78a,4540e30a3d4411e4b75c3f05d1dab692fb216d83faf71030fc4e8fcaaa232682
synthetic_niah_61,niah_single_1,16,32,4,attention_mean_w1_shared,0.00868748122593388,5.728827090933919e-06,0.008693210053024814,0.0,0.21891679049688118,0.0025787040940485895,0.011266185319982469,0.0025729752669576555,0.043027135310694575,85d202a0c3a7b3c3b55f74b344f7c3af3413f65c8f6a59a9de380afb905fb78a,4540e30a3d4411e4b75c3f05d1dab692fb216d83faf71030fc4e8fcaaa232682
synthetic_niah_61,niah_single_1,16,32,8,attention_mean_w1_shared,0.013148111145710573,0.004288680051104166,0.017436791196814738,0.0,0.21891679049688118,0.023313542449614033,0.036461653595324606,0.019024862398509867,0.4654592474689707,85d202a0c3a7b3c3b55f74b344f7c3af3413f65c8f6a59a9de380afb905fb78a,4540e30a3d4411e4b75c3f05d1dab692fb216d83faf71030fc4e8fcaaa232682
synthetic_niah_61,niah_single_1,16,32,16,attention_mean_w1_shared,-1.456738433256163,1.4488313171583798,-0.007907116097783273,0.0,0.21891679049688118,1.4771482416002755,0.020409808344112434,0.028316924441895708,3.541447172581684,85d202a0c3a7b3c3b55f74b344f7c3af3413f65c8f6a59a9de380afb905fb78a,4540e30a3d4411e4b75c3f05d1dab692fb216d83faf71030fc4e8fcaaa232682
synthetic_niah_61,niah_single_1,32,48,1,attention_mean_w1_shared,0.005808067013276741,0.0,0.005808067013276741,0.0,0.2733430891874647,0.000454229797469452,0.006262296810746193,0.000454229797469452,0.04425520822405815,047bdb51e86f3b878df7bd3bbdab97c662d0333cf86152ca26628255387b6168,85d202a0c3a7b3c3b55f74b344f7c3af3413f65c8f6a59a9de380afb905fb78a
synthetic_niah_61,niah_single_1,32,48,4,attention_mean_w1_shared,0.10334128850809066,0.0,0.10334128850809066,0.0,0.2733430891874647,0.003082632909354288,0.10642392141744494,0.003082632909354288,0.20524278283119202,047bdb51e86f3b878df7bd3bbdab97c662d0333cf86152ca26628255387b6168,85d202a0c3a7b3c3b55f74b344f7c3af3413f65c8f6a59a9de380afb905fb78a
synthetic_niah_61,niah_single_1,32,48,8,attention_mean_w1_shared,0.14047704715267173,0.0005235182725300547,0.14100056542520178,0.0,0.2733430891874647,0.006912528337124968,0.1473895754897967,0.006389010064594913,0.347401054110378,047bdb51e86f3b878df7bd3bbdab97c662d0333cf86152ca26628255387b6168,85d202a0c3a7b3c3b55f74b344f7c3af3413f65c8f6a59a9de380afb905fb78a
synthetic_niah_61,niah_single_1,32,48,16,attention_mean_w1_shared,0.4278172896754455,0.7427999587599672,1.1706172484354127,0.0,0.2733430891874647,0.7468964819401975,1.174713771615643,0.004096523180230349,1.3939349956344813,047bdb51e86f3b878df7bd3bbdab97c662d0333cf86152ca26628255387b6168,85d202a0c3a7b3c3b55f74b344f7c3af3413f65c8f6a59a9de380afb905fb78a
synthetic_niah_62,niah_single_1,16,32,1,attention_mean_w1_shared,0.012582186609506607,0.0017002825625240803,0.014282469172030687,0.0,0.2685230688838453,0.008922908455133438,0.021505095064640045,0.007222625892609358,0.035551246255636215,3658c4aeea3699b57836669a71a3b1a7e2413104c62050bee1cd6a1b48b313b0,87d085a8c8dfac5a5d64e020452657bf11acec8aae9fd121963e71b7fd3c21e4
synthetic_niah_62,niah_single_1,16,32,4,attention_mean_w1_shared,0.010061397519166349,0.0007098600726749282,0.010771257591841277,0.0,0.2685230688838453,0.004885749938694062,0.01494714745786041,0.0041758898660191335,0.0822651042835787,3658c4aeea3699b57836669a71a3b1a7e2413104c62050bee1cd6a1b48b313b0,87d085a8c8dfac5a5d64e020452657bf11acec8aae9fd121963e71b7fd3c21e4
synthetic_niah_62,niah_single_1,16,32,8,attention_mean_w1_shared,-0.025031262368997886,0.030165531415150326,0.00513426904615244,0.0,0.2685230688838453,0.07829441122362368,0.0532631488546258,0.04812887980847336,0.39523843392044,3658c4aeea3699b57836669a71a3b1a7e2413104c62050bee1cd6a1b48b313b0,87d085a8c8dfac5a5d64e020452657bf11acec8aae9fd121963e71b7fd3c21e4
synthetic_niah_62,niah_single_1,16,32,16,attention_mean_w1_shared,-1.4317610055531702,1.4318035452520235,4.253969885326114e-05,0.0,0.2685230688838453,1.4785960286213822,0.04683502306821197,0.046792483369358706,3.538596587699203,3658c4aeea3699b57836669a71a3b1a7e2413104c62050bee1cd6a1b48b313b0,87d085a8c8dfac5a5d64e020452657bf11acec8aae9fd121963e71b7fd3c21e4
synthetic_niah_62,niah_single_1,32,48,1,attention_mean_w1_shared,0.0004598704326781444,0.0,0.0004598704326781444,0.0,0.47651509343919163,7.551007001893595e-05,0.0005353805026970804,7.551007001893595e-05,0.7485734224319458,3e7c033d71b29272199c0b297aa711cef4fa15d8dfd89e8355f809988984aae3,3658c4aeea3699b57836669a71a3b1a7e2413104c62050bee1cd6a1b48b313b0
synthetic_niah_62,niah_single_1,32,48,4,attention_mean_w1_shared,0.0034892496460088296,0.004035797295728116,0.007525046941736946,0.0,0.47651509343919163,0.005916621028518421,0.00940587067452725,0.0018808237327903043,0.23642781283706427,3e7c033d71b29272199c0b297aa711cef4fa15d8dfd89e8355f809988984aae3,3658c4aeea3699b57836669a71a3b1a7e2413104c62050bee1cd6a1b48b313b0
synthetic_niah_62,niah_single_1,32,48,8,attention_mean_w1_shared,0.009637518013732915,0.0014160902301227907,0.011053608243855706,0.0,0.47651509343919163,0.007436179040269053,0.01707369705400197,0.006020088810146262,0.143911506049335,3e7c033d71b29272199c0b297aa711cef4fa15d8dfd89e8355f809988984aae3,3658c4aeea3699b57836669a71a3b1a7e2413104c62050bee1cd6a1b48b313b0
synthetic_niah_62,niah_single_1,32,48,16,attention_mean_w1_shared,0.06341754598497573,0.002870057896416256,0.06628760388139199,0.0,0.47651509343919163,0.015851434637170314,0.07926898062214605,0.012981376740754058,0.5437723217346502,3e7c033d71b29272199c0b297aa711cef4fa15d8dfd89e8355f809988984aae3,3658c4aeea3699b57836669a71a3b1a7e2413104c62050bee1cd6a1b48b313b0
synthetic_niah_63,niah_single_1,16,32,1,attention_mean_w1_shared,0.05781701626256108,0.0,0.05781701626256108,0.0,0.24104586225967453,0.0005307341925799847,0.05834775045514107,0.0005307341925799847,0.3023492395877838,027e8cba256c81d5ef84adc3108f6bb7676475a06269c35e5738563abd0687b4,8a6e02ce04fd78fcbec9db1f2662406c157d4bafd07e842e6bbf4db3478c7257
synthetic_niah_63,niah_single_1,16,32,4,attention_mean_w1_shared,0.08559498039539903,0.0,0.08559498039539903,0.0,0.24104586225967453,0.014057480380870402,0.09965246077626944,0.014057480380870402,0.42669663578271866,027e8cba256c81d5ef84adc3108f6bb7676475a06269c35e5738563abd0687b4,8a6e02ce04fd78fcbec9db1f2662406c157d4bafd07e842e6bbf4db3478c7257
synthetic_niah_63,niah_single_1,16,32,8,attention_mean_w1_shared,0.057869384246686195,0.0,0.057869384246686195,0.0,0.24104586225967453,0.008419602205577803,0.066288986452264,0.008419602205577803,0.24819568449356666,027e8cba256c81d5ef84adc3108f6bb7676475a06269c35e5738563abd0687b4,8a6e02ce04fd78fcbec9db1f2662406c157d4bafd07e842e6bbf4db3478c7257
synthetic_niah_63,niah_single_1,16,32,16,attention_mean_w1_shared,0.04477946751624984,0.0013233232214986401,0.04610279073774848,0.0,0.24104586225967453,0.016813801004119,0.06159326852036884,0.01549047778262036,0.20217731646357606,027e8cba256c81d5ef84adc3108f6bb7676475a06269c35e5738563abd0687b4,8a6e02ce04fd78fcbec9db1f2662406c157d4bafd07e842e6bbf4db3478c7257
synthetic_niah_63,niah_single_1,32,48,1,attention_mean_w1_shared,0.0004324386245571077,0.0,0.0004324386245571077,0.0,0.15669577561152648,0.00030435255030170083,0.0007367911748588085,0.00030435255030170083,0.04675429314374924,b46f0450fa1a8581765230a3d0ac709aae0651f6600e8c7d3c9d3de12eec60bd,027e8cba256c81d5ef84adc3108f6bb7676475a06269c35e5738563abd0687b4
synthetic_niah_63,niah_single_1,32,48,4,attention_mean_w1_shared,0.06105090516211931,0.0031367372284876183,0.06418764239060692,0.0,0.15669577561152648,0.00920691444480326,0.07025781960692257,0.006070177216315642,1.4430028524948284,b46f0450fa1a8581765230a3d0ac709aae0651f6600e8c7d3c9d3de12eec60bd,027e8cba256c81d5ef84adc3108f6bb7676475a06269c35e5738563abd0687b4
synthetic_niah_63,niah_single_1,32,48,8,attention_mean_w1_shared,0.03651574810646707,0.0032763760373200057,0.03979212414378708,0.0,0.15669577561152648,0.007657358415599447,0.04417310652206652,0.004380982378279441,2.017082131933421,b46f0450fa1a8581765230a3d0ac709aae0651f6600e8c7d3c9d3de12eec60bd,027e8cba256c81d5ef84adc3108f6bb7676475a06269c35e5738563abd0687b4
synthetic_niah_63,niah_single_1,32,48,16,attention_mean_w1_shared,2.1704606630046754,0.0,2.1704606630046754,0.0,0.15669577561152648,0.0038435521382353954,2.174304215142911,0.0038435521382353954,4.003931406652555,b46f0450fa1a8581765230a3d0ac709aae0651f6600e8c7d3c9d3de12eec60bd,027e8cba256c81d5ef84adc3108f6bb7676475a06269c35e5738563abd0687b4
gov_report:61,gov_report,16,32,1,attention_mean_w1_shared,0.852304644882679,0.0,0.852304644882679,0.0,0.3106319196327093,0.06465636938810349,0.9169610142707825,0.06465636938810349,0.9188612103462219,ba9ce2f8b880bb5fcfefb76eb5175f7f3c284e404ec1b74504ecefecae27a97b,baacb2753e4bc6db9a4e0fdfcf8397d9ee5481d69b14a3c9849b9512882e9ee7
gov_report:61,gov_report,16,32,4,attention_mean_w1_shared,-1.3177998773753643,0.0,-1.3177998773753643,0.0,0.3106319196327093,1.6936641968786716,0.37586431950330734,1.6936641968786716,2.5413207430392504,ba9ce2f8b880bb5fcfefb76eb5175f7f3c284e404ec1b74504ecefecae27a97b,baacb2753e4bc6db9a4e0fdfcf8397d9ee5481d69b14a3c9849b9512882e9ee7
gov_report:61,gov_report,16,32,8,attention_mean_w1_shared,-0.08318694867193699,0.0,-0.08318694867193699,0.0,0.3106319196327093,1.7773597314953804,1.6941727828234434,1.7773597314953804,3.2187562910839915,ba9ce2f8b880bb5fcfefb76eb5175f7f3c284e404ec1b74504ecefecae27a97b,baacb2753e4bc6db9a4e0fdfcf8397d9ee5481d69b14a3c9849b9512882e9ee7
gov_report:61,gov_report,16,32,16,attention_mean_w1_shared,-0.25621129109640606,0.520446453243494,0.264235162147088,0.0,0.3106319196327093,1.6701885428046808,1.4139772517082747,1.1497420895611867,2.353589616715908,ba9ce2f8b880bb5fcfefb76eb5175f7f3c284e404ec1b74504ecefecae27a97b,baacb2753e4bc6db9a4e0fdfcf8397d9ee5481d69b14a3c9849b9512882e9ee7
gov_report:61,gov_report,32,48,1,attention_mean_w1_shared,-0.9101414680480957,4.543411135673523,3.6332696676254272,0.0,0.2603800675697431,5.911823272705078,5.001681804656982,1.3684121370315552,6.672675609588623,5b6b23bddb4dd2ed2d51ca8a7fe26c1482a6a02ddb13faa571b1642c8d23fc64,ba9ce2f8b880bb5fcfefb76eb5175f7f3c284e404ec1b74504ecefecae27a97b
gov_report:61,gov_report,32,48,4,attention_mean_w1_shared,-0.11925289127975702,1.827920077368617,1.70866718608886,0.0,0.2603800675697431,3.201480404473841,3.082227513194084,1.3735603271052241,3.24061510944739,5b6b23bddb4dd2ed2d51ca8a7fe26c1482a6a02ddb13faa571b1642c8d23fc64,ba9ce2f8b880bb5fcfefb76eb5175f7f3c284e404ec1b74504ecefecae27a97b
gov_report:61,gov_report,32,48,8,attention_mean_w1_shared,0.07941658003255725,1.0267271315678954,1.1061437116004527,0.0,0.2603800675697431,2.772767261136323,2.8521838411688805,1.7460401295684278,3.028750013327226,5b6b23bddb4dd2ed2d51ca8a7fe26c1482a6a02ddb13faa571b1642c8d23fc64,ba9ce2f8b880bb5fcfefb76eb5175f7f3c284e404ec1b74504ecefecae27a97b
gov_report:61,gov_report,32,48,16,attention_mean_w1_shared,0.21606467617675662,0.296005058393348,0.5120697345701046,0.0,0.2603800675697431,1.9188199355266988,2.1348846117034554,1.6228148771333508,2.2111160651547834,5b6b23bddb4dd2ed2d51ca8a7fe26c1482a6a02ddb13faa571b1642c8d23fc64,ba9ce2f8b880bb5fcfefb76eb5175f7f3c284e404ec1b74504ecefecae27a97b
gov_report:62,gov_report,16,32,1,attention_mean_w1_shared,0.030965755693614483,0.0018611187115311623,0.032826874405145645,0.0,0.20073138626284692,0.008313805796205997,0.03927956148982048,0.006452687084674835,0.020257920026779175,2df2a75cbd8eee1d245292575a2670a096e37458e1193d24926ec07ef370df0e,bcf3c93c6999ef255b7a4ce03a8127472e1bbc8a034486e55b0e81441bb5cbad
gov_report:62,gov_report,16,32,4,attention_mean_w1_shared,1.3713071073871106,0.004927465051878244,1.3762345724389888,0.0,0.20073138626284692,0.026704453164711595,1.3980115605518222,0.02177698811283335,1.817877920344472,2df2a75cbd8eee1d245292575a2670a096e37458e1193d24926ec07ef370df0e,bcf3c93c6999ef255b7a4ce03a8127472e1bbc8a034486e55b0e81441bb5cbad
gov_report:62,gov_report,16,32,8,attention_mean_w1_shared,0.45564656899910005,0.06270502740085249,0.5183515963999525,0.0,0.20073138626284692,0.6360188571663912,1.0916654261654912,0.5733138297655387,1.2484508083439323,2df2a75cbd8eee1d245292575a2670a096e37458e1193d24926ec07ef370df0e,bcf3c93c6999ef255b7a4ce03a8127472e1bbc8a034486e55b0e81441bb5cbad
gov_report:62,gov_report,16,32,16,attention_mean_w1_shared,0.2423841981666328,0.3170546379089956,0.5594388360756284,0.0,0.20073138626284692,1.0198372079954652,1.262221406162098,0.7027825700864696,1.351613411738299,2df2a75cbd8eee1d245292575a2670a096e37458e1193d24926ec07ef370df0e,bcf3c93c6999ef255b7a4ce03a8127472e1bbc8a034486e55b0e81441bb5cbad
gov_report:62,gov_report,32,48,1,attention_mean_w1_shared,2.8587386906147003,0.18446367979049683,3.043202370405197,0.0,0.46423019015795863,0.3518695533275604,3.2106082439422607,0.1674058735370636,3.8610358238220215,7cd89010abe364ef05867927f0d2584a9e52e9049b30bc277ab4f71864ec8ba5,2df2a75cbd8eee1d245292575a2670a096e37458e1193d24926ec07ef370df0e
gov_report:62,gov_report,32,48,4,attention_mean_w1_shared,-0.2672643009573221,0.41640087962150574,0.14913657866418362,0.0,0.46423019015795863,1.1909174099564552,0.9236531089991331,0.7745165303349495,2.3880688846111298,7cd89010abe364ef05867927f0d2584a9e52e9049b30bc277ab4f71864ec8ba5,2df2a75cbd8eee1d245292575a2670a096e37458e1193d24926ec07ef370df0e
gov_report:62,gov_report,32,48,8,attention_mean_w1_shared,-0.2358753444859758,0.22787233005510643,-0.00800301443086937,0.0,0.46423019015795863,0.7090642017428763,0.4731888572569005,0.4811918716877699,1.3403559741564095,7cd89010abe364ef05867927f0d2584a9e52e9049b30bc277ab4f71864ec8ba5,2df2a75cbd8eee1d245292575a2670a096e37458e1193d24926ec07ef370df0e
gov_report:62,gov_report,32,48,16,attention_mean_w1_shared,-0.16167287705320632,0.07535232842565165,-0.08632054862755467,0.0,0.46423019015795863,0.9686247331628692,0.8069518561096629,0.8932724047372176,1.5606164213677403,7cd89010abe364ef05867927f0d2584a9e52e9049b30bc277ab4f71864ec8ba5,2df2a75cbd8eee1d245292575a2670a096e37458e1193d24926ec07ef370df0e
gov_report:63,gov_report,16,32,1,attention_mean_w1_shared,0.0005034573841840029,0.00014502275735139847,0.0006484801415354013,0.0,0.1228488689014226,0.003450377145782113,0.003953834529966116,0.0033053543884307146,0.4309229850769043,21eb3a136e17eb31199de9e6bc006df07f2ea6754de83b14b539f4b2f5b56c32,614315efa4aaffd3d1ee680ab34b389782b4876add1fd8b1a523c3ad1b63494b
gov_report:63,gov_report,16,32,4,attention_mean_w1_shared,0.9722955655306578,0.0,0.9722955655306578,0.0,0.1228488689014226,0.0312654132139869,1.0035609787446447,0.0312654132139869,1.7804034628206864,21eb3a136e17eb31199de9e6bc006df07f2ea6754de83b14b539f4b2f5b56c32,614315efa4aaffd3d1ee680ab34b389782b4876add1fd8b1a523c3ad1b63494b
gov_report:63,gov_report,16,32,8,attention_mean_w1_shared,0.5164252622053027,0.0,0.5164252622053027,0.0,0.1228488689014226,0.26180637153447606,0.7782316337397788,0.26180637153447606,1.90478212852031,21eb3a136e17eb31199de9e6bc006df07f2ea6754de83b14b539f4b2f5b56c32,614315efa4aaffd3d1ee680ab34b389782b4876add1fd8b1a523c3ad1b63494b
gov_report:63,gov_report,16,32,16,attention_mean_w1_shared,0.3550132442105678,0.0,0.3550132442105678,0.0,0.1228488689014226,0.20627163182507502,0.5612848760356428,0.20627163182507502,1.3462174949236214,21eb3a136e17eb31199de9e6bc006df07f2ea6754de83b14b539f4b2f5b56c32,614315efa4aaffd3d1ee680ab34b389782b4876add1fd8b1a523c3ad1b63494b
gov_report:63,gov_report,32,48,1,attention_mean_w1_shared,0.4019523486495018,0.0,0.4019523486495018,0.0,0.24884819191983648,0.026893146336078644,0.42884549498558044,0.026893146336078644,0.9992204308509827,4ad95dcdb948a90e12cfdabefbdd030a182f97a29e6ca47563d7b56263ec0de3,21eb3a136e17eb31199de9e6bc006df07f2ea6754de83b14b539f4b2f5b56c32
gov_report:63,gov_report,32,48,4,attention_mean_w1_shared,0.09762450898415409,0.0,0.09762450898415409,0.0,0.24884819191983648,0.039033917913911864,0.13665842689806595,0.039033917913911864,0.27392234542639926,4ad95dcdb948a90e12cfdabefbdd030a182f97a29e6ca47563d7b56263ec0de3,21eb3a136e17eb31199de9e6bc006df07f2ea6754de83b14b539f4b2f5b56c32
gov_report:63,gov_report,32,48,8,attention_mean_w1_shared,0.32152093488730316,0.0,0.32152093488730316,0.0,0.24884819191983648,0.0527901842360734,0.37431111912337656,0.0527901842360734,0.39656297329270274,4ad95dcdb948a90e12cfdabefbdd030a182f97a29e6ca47563d7b56263ec0de3,21eb3a136e17eb31199de9e6bc006df07f2ea6754de83b14b539f4b2f5b56c32
gov_report:63,gov_report,32,48,16,attention_mean_w1_shared,0.37038665649834,0.0,0.37038665649834,0.0,0.24884819191983648,0.13469796064237016,0.5050846171407102,0.13469796064237016,0.5365612628341978,4ad95dcdb948a90e12cfdabefbdd030a182f97a29e6ca47563d7b56263ec0de3,21eb3a136e17eb31199de9e6bc006df07f2ea6754de83b14b539f4b2f5b56c32
