comparison,split,task,projection_dimension,projection_seed,decay,decision_units,sequences,median_spearman_gain,mean_pairwise_accuracy_gain,mean_top1_accuracy_gain,mean_normalized_regret_gain
recursive_vs_action,calibration,all,16,42,0.5,744,8,-0.015655577669507106,-0.011376032413900576,-0.010752688172043012,-0.03245492099510659
recursive_vs_action,calibration,all,16,42,0.8,744,8,-0.024347826086956514,-0.01675237649992208,-0.016129032258064516,-0.05619491933058009
recursive_vs_action,calibration,all,16,42,0.95,744,8,-0.028695652173913094,-0.023131915225183104,-0.01478494623655914,-0.04829320676597362
recursive_vs_action,calibration,all,16,42,1.0,744,8,-0.03304707111491456,-0.026336294218482156,-0.01478494623655914,-0.055356496190720784
recursive_vs_action,calibration,all,32,42,0.5,744,8,-0.011305576960365521,-0.007144109396914447,-0.006720430107526882,-0.01766055339201113
recursive_vs_action,calibration,all,32,42,0.8,744,8,-0.01739319532363924,-0.012578892005610097,-0.013440860215053764,-0.02797566026603922
recursive_vs_action,calibration,all,32,42,0.95,744,8,-0.025217391304347823,-0.01964995324918186,-0.020161290322580645,-0.043247883402624136
recursive_vs_action,calibration,all,32,42,1.0,744,8,-0.032608695652173836,-0.023370539192769206,-0.01881720430107527,-0.04774532989734412
recursive_vs_action,calibration,all,64,42,0.5,744,8,-0.011304347826086997,-0.007036972105345176,-0.004032258064516129,-0.00565249991184297
recursive_vs_action,calibration,all,64,42,0.8,744,8,-0.014347826086956526,-0.009408602150537631,-0.005376344086021506,-0.006190853350129884
recursive_vs_action,calibration,all,64,42,0.95,744,8,-0.02391559629560866,-0.015866058906030853,-0.010752688172043012,-0.013798830362525574
recursive_vs_action,calibration,all,64,42,1.0,744,8,-0.028698772284004664,-0.019026609007324294,-0.010752688172043012,-0.025738390000367477
recursive_vs_action,calibration,all,128,42,0.5,744,8,-0.005217391304347835,-0.004470546984572228,0.004032258064516129,-0.002355825967281756
recursive_vs_action,calibration,all,128,42,0.8,744,8,-0.008695652173912993,-0.007519089917406887,-0.006720430107526882,-0.0069180852869963555
recursive_vs_action,calibration,all,128,42,0.95,744,8,-0.016523535557457267,-0.012155212716222533,-0.0013440860215053765,-0.008530075379516115
recursive_vs_action,calibration,all,128,42,1.0,744,8,-0.019567297464698798,-0.014146992364033037,-0.005376344086021506,-0.017553431548608955
recursive_vs_action,calibration,gov_report,16,42,0.5,372,4,-0.019567297464698798,-0.015008960573476707,-0.01881720430107527,-0.036794776917969944
recursive_vs_action,calibration,gov_report,16,42,0.8,372,4,-0.025654821279181846,-0.018885382577528437,-0.008064516129032258,-0.05474535733173466
recursive_vs_action,calibration,gov_report,16,42,0.95,372,4,-0.023913043478260884,-0.020356085398161132,-0.008064516129032258,-0.03956338917316053
recursive_vs_action,calibration,gov_report,16,42,1.0,372,4,-0.021308980716829157,-0.02048270219728845,-0.010752688172043012,-0.04580509196369122
recursive_vs_action,calibration,gov_report,32,42,0.5,372,4,-0.016523535557457253,-0.009320944366526415,-0.008064516129032258,-0.014395441501856052
recursive_vs_action,calibration,gov_report,32,42,0.8,372,4,-0.02174385787431543,-0.013557737260402058,-0.013440860215053764,-0.026530118962732045
recursive_vs_action,calibration,gov_report,32,42,0.95,372,4,-0.01999999999999999,-0.01624590930341281,-0.010752688172043012,-0.03430746744368872
recursive_vs_action,calibration,gov_report,32,42,1.0,372,4,-0.02130434782608697,-0.01670367773102696,-0.013440860215053764,-0.03086677880271109
recursive_vs_action,calibration,gov_report,64,42,0.5,372,4,-0.018697637698516824,-0.008756038647342994,0.0,0.0056412041125820595
recursive_vs_action,calibration,gov_report,64,42,0.8,372,4,-0.018697637698516883,-0.010694249649368862,0.008064516129032258,0.009670685847091798
recursive_vs_action,calibration,gov_report,64,42,0.95,372,4,-0.026527506606664857,-0.015778401122019635,0.005376344086021506,0.007112706797441289
recursive_vs_action,calibration,gov_report,64,42,1.0,372,4,-0.029130434782608704,-0.017200405173757205,0.010752688172043012,-0.0010135231797339726
recursive_vs_action,calibration,gov_report,128,42,0.5,372,4,-0.014350946197048187,-0.0065645940470624884,-0.010752688172043012,0.006426690066592723
recursive_vs_action,calibration,gov_report,128,42,0.8,372,4,-0.013043478260869573,-0.009749493532803492,-0.013440860215053764,-0.0018024177696741954
recursive_vs_action,calibration,gov_report,128,42,0.95,372,4,-0.018697637698516845,-0.012087034439769363,0.002688172043010753,0.007001327170956946
recursive_vs_action,calibration,gov_report,128,42,1.0,372,4,-0.01478260869565215,-0.01198963690197912,0.005376344086021506,0.004801206504332086
recursive_vs_action,calibration,niah_single_1,16,42,0.5,372,4,-0.010435917194183547,-0.007743104254324445,-0.002688172043010753,-0.02811506507224324
recursive_vs_action,calibration,niah_single_1,16,42,0.8,372,4,-0.024347826086956487,-0.014619370422315718,-0.024193548387096774,-0.0576444813294255
recursive_vs_action,calibration,niah_single_1,16,42,0.95,372,4,-0.033050663968959476,-0.025907745052205073,-0.021505376344086023,-0.0570230243587867
recursive_vs_action,calibration,niah_single_1,16,42,1.0,372,4,-0.04348771574863093,-0.032189886239675856,-0.01881720430107527,-0.06490790041775035
recursive_vs_action,calibration,niah_single_1,32,42,0.5,372,4,-0.007826937895637626,-0.004967274427302478,-0.005376344086021506,-0.02092566528216621
recursive_vs_action,calibration,niah_single_1,32,42,0.8,372,4,-0.01304489649272944,-0.011600046750818136,-0.013440860215053764,-0.029421201569346397
recursive_vs_action,calibration,niah_single_1,32,42,0.95,372,4,-0.03043809181636864,-0.02305399719495091,-0.02956989247311828,-0.05218829936155954
recursive_vs_action,calibration,niah_single_1,32,42,1.0,372,4,-0.03956947208688391,-0.03003740065451145,-0.024193548387096774,-0.06462388099197715
recursive_vs_action,calibration,niah_single_1,64,42,0.5,372,4,-0.006087712912064419,-0.005317905563347356,-0.008064516129032258,-0.016946203936267997
recursive_vs_action,calibration,niah_single_1,64,42,0.8,372,4,-0.008261720504333409,-0.008122954651706402,-0.01881720430107527,-0.02205239254735157
recursive_vs_action,calibration,niah_single_1,64,42,0.95,372,4,-0.019132514856003133,-0.015953716690042072,-0.026881720430107527,-0.03471036752249244
recursive_vs_action,calibration,niah_single_1,64,42,1.0,372,4,-0.027832138079123686,-0.020852812840891376,-0.03225806451612903,-0.050463256821000974
recursive_vs_action,calibration,niah_single_1,128,42,0.5,372,4,-0.0017395086299452078,-0.002376499922081968,0.01881720430107527,-0.011138342001156232
recursive_vs_action,calibration,niah_single_1,128,42,0.8,372,4,-0.006087618363273678,-0.005288686302010283,0.0,-0.012033752804318515
recursive_vs_action,calibration,niah_single_1,128,42,0.95,372,4,-0.014784216025093333,-0.012223390992675703,-0.005376344086021506,-0.024061477929989177
recursive_vs_action,calibration,niah_single_1,128,42,1.0,372,4,-0.022178735031801747,-0.016304347826086953,-0.016129032258064516,-0.039908069601549995
recursive_vs_action,evaluation,all,16,42,0.5,744,8,-0.013043478260869545,-0.008298270219728846,-0.01747311827956989,-0.029085994127560747
recursive_vs_action,evaluation,all,16,42,0.8,744,8,-0.022608695652173882,-0.012900303880317907,-0.024193548387096774,-0.03052642924227866
recursive_vs_action,evaluation,all,16,42,0.95,744,8,-0.02957808862464887,-0.017215014804425745,-0.026881720430107527,-0.0407818422834159
recursive_vs_action,evaluation,all,16,42,1.0,744,8,-0.03304347826086956,-0.019162965560230637,-0.025537634408602152,-0.04540165519857327
recursive_vs_action,evaluation,all,32,42,0.5,744,8,-0.01391304347826091,-0.00883395667757519,0.0,-0.00568607761499166
recursive_vs_action,evaluation,all,32,42,0.8,744,8,-0.016963714487175915,-0.011799711703288139,0.0013440860215053765,-0.013123185208700055
recursive_vs_action,evaluation,all,32,42,0.95,744,8,-0.024787997976719572,-0.017935756584073554,-0.009408602150537635,-0.034325477361827714
recursive_vs_action,evaluation,all,32,42,1.0,744,8,-0.027826086956521723,-0.019927536231884056,-0.0228494623655914,-0.035358739349946086
recursive_vs_action,evaluation,all,64,42,0.5,744,8,-0.009565217391304337,-0.0053714742091319915,-0.010752688172043012,-0.013589568293282752
recursive_vs_action,evaluation,all,64,42,0.8,744,8,-0.00869565217391307,-0.007655446470313227,-0.01478494623655914,-0.008910376825774963
recursive_vs_action,evaluation,all,64,42,0.95,744,8,-0.01565217391304352,-0.012413316191366678,-0.0228494623655914,-0.02281694946568742
recursive_vs_action,evaluation,all,64,42,1.0,744,8,-0.020869565217391278,-0.014955391927692062,-0.01881720430107527,-0.026119828899621264
recursive_vs_action,evaluation,all,128,42,0.5,744,8,-0.006958034519780887,-0.0041491351098644205,-0.012096774193548387,-0.005683906195107053
recursive_vs_action,evaluation,all,128,42,0.8,744,8,-0.01522382692102008,-0.007071061243571759,-0.01478494623655914,-0.005892732388766779
recursive_vs_action,evaluation,all,128,42,0.95,744,8,-0.02086956521739125,-0.012978221910550099,-0.025537634408602152,-0.0185924140371468
recursive_vs_action,evaluation,all,128,42,1.0,744,8,-0.023478260869565337,-0.014629110176094744,-0.026881720430107527,-0.022220625261567963
recursive_vs_action,evaluation,gov_report,16,42,0.5,372,4,-0.015655577669507106,-0.007743104254324448,-0.01881720430107527,-0.029254709062813456
recursive_vs_action,evaluation,gov_report,16,42,0.8,372,4,-0.025652173913043474,-0.009437821411874709,-0.03225806451612903,-0.04128877899769291
recursive_vs_action,evaluation,gov_report,16,42,0.95,372,4,-0.02782608695652175,-0.00981767180925666,-0.02956989247311828,-0.042629517310569076
recursive_vs_action,evaluation,gov_report,16,42,1.0,372,4,-0.026086956521739146,-0.00927224559763129,-0.026881720430107527,-0.03658489010480767
recursive_vs_action,evaluation,gov_report,32,42,0.5,372,4,-0.010870794351669849,-0.006496415770609322,0.002688172043010753,-0.001485012142500004
recursive_vs_action,evaluation,gov_report,32,42,0.8,372,4,-0.010434782608695653,-0.00647693626305127,0.005376344086021506,-0.010376876306948174
recursive_vs_action,evaluation,gov_report,32,42,0.95,372,4,-0.019130434782608702,-0.00970079476390837,0.002688172043010753,-0.02896289711095174
recursive_vs_action,evaluation,gov_report,32,42,1.0,372,4,-0.020869565217391292,-0.009408602150537633,-0.008064516129032258,-0.02358765815870646
recursive_vs_action,evaluation,gov_report,64,42,0.5,372,4,-0.012610113884033727,-0.004110176094748323,-0.010752688172043012,-0.016577634821441378
recursive_vs_action,evaluation,gov_report,64,42,0.8,372,4,-0.012173913043478202,-0.0053958235935795545,-0.005376344086021506,-0.0018297562889510093
recursive_vs_action,evaluation,gov_report,64,42,0.95,372,4,-0.014349338867607036,-0.008132694405485431,-0.010752688172043012,-0.017159755549491167
recursive_vs_action,evaluation,gov_report,64,42,1.0,372,4,-0.020000000000000004,-0.008736559139784944,-0.002688172043010753,-0.016224781879141212
recursive_vs_action,evaluation,gov_report,128,42,0.5,372,4,-0.009131380270515268,-0.0029121863799283134,-0.021505376344086023,-0.0064502768830354456
recursive_vs_action,evaluation,gov_report,128,42,0.8,372,4,-0.013046314724589309,-0.004772479351721987,-0.016129032258064516,-0.005870781903869359
recursive_vs_action,evaluation,gov_report,128,42,0.95,372,4,-0.020434782608695634,-0.009281985351410314,-0.026881720430107527,-0.010763597380760773
recursive_vs_action,evaluation,gov_report,128,42,1.0,372,4,-0.024347826086956514,-0.009846891070593732,-0.02956989247311828,-0.008842139689680461
recursive_vs_action,evaluation,niah_single_1,16,42,0.5,372,4,-0.010437051779671427,-0.008853436185133243,-0.016129032258064516,-0.02891727919230803
recursive_vs_action,evaluation,niah_single_1,16,42,0.8,372,4,-0.019132514856003202,-0.016362786348761104,-0.016129032258064516,-0.019764079486864407
recursive_vs_action,evaluation,niah_single_1,16,42,0.95,372,4,-0.03130434782608693,-0.024612357799594833,-0.024193548387096774,-0.03893416725626272
recursive_vs_action,evaluation,niah_single_1,16,42,1.0,372,4,-0.03652173913043484,-0.029053685522829983,-0.024193548387096774,-0.05421842029233887
recursive_vs_action,evaluation,niah_single_1,32,42,0.5,372,4,-0.014349338867607087,-0.011171497584541059,-0.002688172043010753,-0.009887143087483318
recursive_vs_action,evaluation,niah_single_1,32,42,0.8,372,4,-0.02260869565217393,-0.017122487143525007,-0.002688172043010753,-0.01586949411045193
recursive_vs_action,evaluation,niah_single_1,32,42,0.95,372,4,-0.028708144841570964,-0.02617071840423874,-0.021505376344086023,-0.03968805761270368
recursive_vs_action,evaluation,niah_single_1,32,42,1.0,372,4,-0.03261219395742826,-0.03044647031323048,-0.03763440860215054,-0.04712982054118573
recursive_vs_action,evaluation,niah_single_1,64,42,0.5,372,4,-0.0065217391304348005,-0.006632772323515659,-0.010752688172043012,-0.010601501765124123
recursive_vs_action,evaluation,niah_single_1,64,42,0.8,372,4,-0.0056527412057874316,-0.009915069347046904,-0.024193548387096774,-0.01599099736259892
recursive_vs_action,evaluation,niah_single_1,64,42,0.95,372,4,-0.018260869565217455,-0.01669393797724793,-0.03494623655913978,-0.02847414338188366
recursive_vs_action,evaluation,niah_single_1,64,42,1.0,372,4,-0.02217391304347832,-0.021174224715599186,-0.03494623655913978,-0.036014875920101316
recursive_vs_action,evaluation,niah_single_1,128,42,0.5,372,4,-0.00608761836327381,-0.005386083839800527,-0.002688172043010753,-0.00491753550717866
recursive_vs_action,evaluation,niah_single_1,128,42,0.8,372,4,-0.01652173913043477,-0.009369643135421534,-0.013440860215053764,-0.005914682873664199
recursive_vs_action,evaluation,niah_single_1,128,42,0.95,372,4,-0.02086956521739125,-0.016674458469689884,-0.024193548387096774,-0.026421230693532825
recursive_vs_action,evaluation,niah_single_1,128,42,1.0,372,4,-0.023478260869565185,-0.01941132928159576,-0.024193548387096774,-0.03559911083345546
recursive_vs_action,replication,all,16,42,0.5,744,8,-0.0134839393548642,-0.008785257908680068,-0.012096774193548387,-0.024145725231085387
recursive_vs_action,replication,all,16,42,0.8,744,8,-0.0269594527516408,-0.01394245753467352,-0.01881720430107527,-0.03325246923576781
recursive_vs_action,replication,all,16,42,0.95,744,8,-0.033931494942873994,-0.02073593579554309,-0.01881720430107527,-0.03860525300207239
recursive_vs_action,replication,all,16,42,1.0,744,8,-0.04175730158773956,-0.024665926445379464,-0.024193548387096774,-0.04485696531246229
recursive_vs_action,replication,all,32,42,0.5,744,8,-0.009565217391304337,-0.00879012778556958,-0.021505376344086023,-0.013311894702026737
recursive_vs_action,replication,all,32,42,0.8,744,8,-0.013054835231467665,-0.011765622565061555,-0.020161290322580645,-0.023650194577422633
recursive_vs_action,replication,all,32,42,0.95,744,8,-0.029565217391304327,-0.018612669471715755,-0.01881720430107527,-0.01688644075481548
recursive_vs_action,replication,all,32,42,1.0,744,8,-0.0395694720868839,-0.022552399875331156,-0.021505376344086023,-0.02205279459187934
recursive_vs_action,replication,all,64,42,0.5,744,8,-0.010434782608695643,-0.0058633317749727295,-0.009408602150537635,-0.007975531176822884
recursive_vs_action,replication,all,64,42,0.8,744,8,-0.013913043478260834,-0.009754363409693002,-0.024193548387096774,-0.012366871576817774
recursive_vs_action,replication,all,64,42,0.95,744,8,-0.021739130434782573,-0.01515992675705158,-0.024193548387096774,-0.013359333813552995
recursive_vs_action,replication,all,64,42,1.0,744,8,-0.026956521739130428,-0.0180721131369799,-0.024193548387096774,-0.013770591080251686
recursive_vs_action,replication,all,128,42,0.5,744,8,-0.005217391304347837,-0.005405563347358577,-0.010752688172043012,-0.0070752103436875
recursive_vs_action,replication,all,128,42,0.8,744,8,-0.012173913043478236,-0.007587268193860058,-0.025537634408602152,-0.016396297024081092
recursive_vs_action,replication,all,128,42,0.95,744,8,-0.019565217391304346,-0.012291569269128874,-0.02956989247311828,-0.024137696459427718
recursive_vs_action,replication,all,128,42,1.0,744,8,-0.023478260869565205,-0.01574918186068256,-0.030913978494623656,-0.027657907255000974
recursive_vs_action,replication,gov_report,16,42,0.5,372,4,-0.022608695652173896,-0.009515739442106904,-0.005376344086021506,-0.020838563098455887
recursive_vs_action,replication,gov_report,16,42,0.8,372,4,-0.028260869565217395,-0.014229780271154745,-0.008064516129032258,-0.038242676672721125
recursive_vs_action,replication,gov_report,16,42,0.95,372,4,-0.032173913043478275,-0.019177575190899174,-0.005376344086021506,-0.04251298565824809
recursive_vs_action,replication,gov_report,16,42,1.0,372,4,-0.02913043478260871,-0.021203443976936267,-0.013440860215053764,-0.05497959844105681
recursive_vs_action,replication,gov_report,32,42,0.5,372,4,-0.0017391304347825903,-0.005931510051425901,-0.01881720430107527,-0.012802605800455976
recursive_vs_action,replication,gov_report,32,42,0.8,372,4,-0.010434782608695597,-0.006924964936886396,-0.013440860215053764,-0.024952922483535023
recursive_vs_action,replication,gov_report,32,42,0.95,372,4,-0.016956521739130453,-0.011424731182795694,-0.010752688172043012,-0.020944195773564836
recursive_vs_action,replication,gov_report,32,42,1.0,372,4,-0.025217391304347775,-0.014327177808944989,-0.013440860215053764,-0.024659435341224816
recursive_vs_action,replication,gov_report,64,42,0.5,372,4,-0.0060869565217391355,-0.004217313386317594,-0.016129032258064516,-0.011747599954340054
recursive_vs_action,replication,gov_report,64,42,0.8,372,4,-0.014782608695652233,-0.008327489481065918,-0.03225806451612903,-0.018017427338966118
recursive_vs_action,replication,gov_report,64,42,0.95,372,4,-0.016086956521739165,-0.011298114383668378,-0.02956989247311828,-0.023338825663865546
recursive_vs_action,replication,gov_report,64,42,1.0,372,4,-0.01913043478260866,-0.012281829515349856,-0.03494623655913978,-0.02655701835228478
recursive_vs_action,replication,gov_report,128,42,0.5,372,4,-0.0026086956521738924,-0.0035744896369019775,-0.016129032258064516,-0.010477149020627616
recursive_vs_action,replication,gov_report,128,42,0.8,372,4,-0.011739130434782606,-0.00578541374474053,-0.026881720430107527,-0.02592940046163597
recursive_vs_action,replication,gov_report,128,42,0.95,372,4,-0.013043478260869532,-0.008308009973507868,-0.03763440860215054,-0.04201693064646899
recursive_vs_action,replication,gov_report,128,42,1.0,372,4,-0.016956521739130426,-0.010236481221754716,-0.03763440860215054,-0.04279367470257361
recursive_vs_action,replication,niah_single_1,16,42,0.5,372,4,-0.009565217391304337,-0.008054776375253234,-0.01881720430107527,-0.0274528873637149
recursive_vs_action,replication,niah_single_1,16,42,0.8,372,4,-0.026092629449178516,-0.013655134798192302,-0.02956989247311828,-0.02826226179881449
recursive_vs_action,replication,niah_single_1,16,42,0.95,372,4,-0.03610247771488978,-0.022294296400187007,-0.03225806451612903,-0.0346975203458967
recursive_vs_action,replication,niah_single_1,16,42,1.0,372,4,-0.05089152202721428,-0.028128408913822654,-0.03494623655913978,-0.034734332183867775
recursive_vs_action,replication,niah_single_1,32,42,0.5,372,4,-0.015653875791275362,-0.01164874551971326,-0.024193548387096774,-0.013821183603597503
recursive_vs_action,replication,niah_single_1,32,42,0.8,372,4,-0.01478260869565217,-0.016606280193236712,-0.026881720430107527,-0.022347466671310243
recursive_vs_action,replication,niah_single_1,32,42,0.95,372,4,-0.04260869565217393,-0.025800607760635804,-0.026881720430107527,-0.012828685736066126
recursive_vs_action,replication,niah_single_1,32,42,1.0,372,4,-0.04915163446105851,-0.030777621941717317,-0.02956989247311828,-0.019446153842533866
recursive_vs_action,replication,niah_single_1,64,42,0.5,372,4,-0.013043478260869518,-0.0075093501636278644,-0.002688172043010753,-0.0042034623993057125
recursive_vs_action,replication,niah_single_1,64,42,0.8,372,4,-0.013043478260869601,-0.011181237338320089,-0.016129032258064516,-0.0067163158146694235
recursive_vs_action,replication,niah_single_1,64,42,0.95,372,4,-0.02349103496045126,-0.019021739130434777,-0.01881720430107527,-0.0033798419632404433
recursive_vs_action,replication,niah_single_1,64,42,1.0,372,4,-0.03304707111491449,-0.023862396758609943,-0.013440860215053764,-0.0009841638082185896
recursive_vs_action,replication,niah_single_1,128,42,0.5,372,4,-0.00826427665639673,-0.007236637057815175,-0.005376344086021506,-0.003673271666747386
recursive_vs_action,replication,niah_single_1,128,42,0.8,372,4,-0.012173913043478247,-0.009389122642979584,-0.024193548387096774,-0.006863193586526213
recursive_vs_action,replication,niah_single_1,128,42,0.95,372,4,-0.0230434782608695,-0.016275128564749882,-0.021505376344086023,-0.006258462272386447
recursive_vs_action,replication,niah_single_1,128,42,1.0,372,4,-0.02521739130434781,-0.021261882499610408,-0.024193548387096774,-0.012522139807428345
reference_state_vs_action,calibration,all,16,42,0.5,744,8,-0.09826086956521737,-0.05668049711703288,-0.04838709677419355,-0.1250707382949518
reference_state_vs_action,calibration,all,16,42,0.8,744,8,-0.09826086956521737,-0.05668049711703288,-0.04838709677419355,-0.1250707382949518
reference_state_vs_action,calibration,all,16,42,0.95,744,8,-0.09826086956521737,-0.05668049711703288,-0.04838709677419355,-0.1250707382949518
reference_state_vs_action,calibration,all,16,42,1.0,744,8,-0.09826086956521737,-0.05668049711703288,-0.04838709677419355,-0.1250707382949518
reference_state_vs_action,calibration,all,32,42,0.5,744,8,-0.0937610326626523,-0.05791744584696898,-0.030913978494623656,-0.12665199850424777
reference_state_vs_action,calibration,all,32,42,0.8,744,8,-0.0937610326626523,-0.05791744584696898,-0.030913978494623656,-0.12665199850424777
reference_state_vs_action,calibration,all,32,42,0.95,744,8,-0.0937610326626523,-0.05791744584696898,-0.030913978494623656,-0.12665199850424777
reference_state_vs_action,calibration,all,32,42,1.0,744,8,-0.0937610326626523,-0.05791744584696898,-0.030913978494623656,-0.12665199850424777
reference_state_vs_action,calibration,all,64,42,0.5,744,8,-0.05153237586938366,-0.036855228299828575,-0.03494623655913978,-0.10311826298216328
reference_state_vs_action,calibration,all,64,42,0.8,744,8,-0.05153237586938366,-0.036855228299828575,-0.03494623655913978,-0.10311826298216328
reference_state_vs_action,calibration,all,64,42,0.95,744,8,-0.05153237586938366,-0.036855228299828575,-0.03494623655913978,-0.10311826298216328
reference_state_vs_action,calibration,all,64,42,1.0,744,8,-0.05153237586938366,-0.036855228299828575,-0.03494623655913978,-0.10311826298216328
reference_state_vs_action,calibration,all,128,42,0.5,744,8,-0.03718993906349458,-0.024461391616019946,-0.03225806451612903,-0.07883043579293109
reference_state_vs_action,calibration,all,128,42,0.8,744,8,-0.03718993906349458,-0.024461391616019946,-0.03225806451612903,-0.07883043579293109
reference_state_vs_action,calibration,all,128,42,0.95,744,8,-0.03718993906349458,-0.024461391616019946,-0.03225806451612903,-0.07883043579293109
reference_state_vs_action,calibration,all,128,42,1.0,744,8,-0.03718993906349458,-0.024461391616019946,-0.03225806451612903,-0.07883043579293109
reference_state_vs_action,calibration,gov_report,16,42,0.5,372,4,-0.12217391304347827,-0.04806568489948574,-0.051075268817204304,-0.13503236275584402
reference_state_vs_action,calibration,gov_report,16,42,0.8,372,4,-0.12217391304347827,-0.04806568489948574,-0.051075268817204304,-0.13503236275584402
reference_state_vs_action,calibration,gov_report,16,42,0.95,372,4,-0.12217391304347827,-0.04806568489948574,-0.051075268817204304,-0.13503236275584402
reference_state_vs_action,calibration,gov_report,16,42,1.0,372,4,-0.12217391304347827,-0.04806568489948574,-0.051075268817204304,-0.13503236275584402
reference_state_vs_action,calibration,gov_report,32,42,0.5,372,4,-0.12150845502534749,-0.054172510518934076,-0.04838709677419355,-0.15029927377106486
reference_state_vs_action,calibration,gov_report,32,42,0.8,372,4,-0.12150845502534749,-0.054172510518934076,-0.04838709677419355,-0.15029927377106486
reference_state_vs_action,calibration,gov_report,32,42,0.95,372,4,-0.12150845502534749,-0.054172510518934076,-0.04838709677419355,-0.15029927377106486
reference_state_vs_action,calibration,gov_report,32,42,1.0,372,4,-0.12150845502534749,-0.054172510518934076,-0.04838709677419355,-0.15029927377106486
reference_state_vs_action,calibration,gov_report,64,42,0.5,372,4,-0.07260869565217393,-0.04285491662770765,-0.04032258064516129,-0.12783246331116122
reference_state_vs_action,calibration,gov_report,64,42,0.8,372,4,-0.07260869565217393,-0.04285491662770765,-0.04032258064516129,-0.12783246331116122
reference_state_vs_action,calibration,gov_report,64,42,0.95,372,4,-0.07260869565217393,-0.04285491662770765,-0.04032258064516129,-0.12783246331116122
reference_state_vs_action,calibration,gov_report,64,42,1.0,372,4,-0.07260869565217393,-0.04285491662770765,-0.04032258064516129,-0.12783246331116122
reference_state_vs_action,calibration,gov_report,128,42,0.5,372,4,-0.07695652173913034,-0.03769284712482468,-0.03763440860215054,-0.09832407206071551
reference_state_vs_action,calibration,gov_report,128,42,0.8,372,4,-0.07695652173913034,-0.03769284712482468,-0.03763440860215054,-0.09832407206071551
reference_state_vs_action,calibration,gov_report,128,42,0.95,372,4,-0.07695652173913034,-0.03769284712482468,-0.03763440860215054,-0.09832407206071551
reference_state_vs_action,calibration,gov_report,128,42,1.0,372,4,-0.07695652173913034,-0.03769284712482468,-0.03763440860215054,-0.09832407206071551
reference_state_vs_action,calibration,niah_single_1,16,42,0.5,372,4,-0.08244193522522276,-0.06529530933458001,-0.0456989247311828,-0.11510911383405958
reference_state_vs_action,calibration,niah_single_1,16,42,0.8,372,4,-0.08244193522522276,-0.06529530933458001,-0.0456989247311828,-0.11510911383405958
reference_state_vs_action,calibration,niah_single_1,16,42,0.95,372,4,-0.08244193522522276,-0.06529530933458001,-0.0456989247311828,-0.11510911383405958
reference_state_vs_action,calibration,niah_single_1,16,42,1.0,372,4,-0.08244193522522276,-0.06529530933458001,-0.0456989247311828,-0.11510911383405958
reference_state_vs_action,calibration,niah_single_1,32,42,0.5,372,4,-0.08504306697414415,-0.0616623811750039,-0.013440860215053764,-0.10300472323743068
reference_state_vs_action,calibration,niah_single_1,32,42,0.8,372,4,-0.08504306697414415,-0.0616623811750039,-0.013440860215053764,-0.10300472323743068
reference_state_vs_action,calibration,niah_single_1,32,42,0.95,372,4,-0.08504306697414415,-0.0616623811750039,-0.013440860215053764,-0.10300472323743068
reference_state_vs_action,calibration,niah_single_1,32,42,1.0,372,4,-0.08504306697414415,-0.0616623811750039,-0.013440860215053764,-0.10300472323743068
reference_state_vs_action,calibration,niah_single_1,64,42,0.5,372,4,-0.031136452813647908,-0.030855539971949508,-0.02956989247311828,-0.07840406265316534
reference_state_vs_action,calibration,niah_single_1,64,42,0.8,372,4,-0.031136452813647908,-0.030855539971949508,-0.02956989247311828,-0.07840406265316534
reference_state_vs_action,calibration,niah_single_1,64,42,0.95,372,4,-0.031136452813647908,-0.030855539971949508,-0.02956989247311828,-0.07840406265316534
reference_state_vs_action,calibration,niah_single_1,64,42,1.0,372,4,-0.031136452813647908,-0.030855539971949508,-0.02956989247311828,-0.07840406265316534
reference_state_vs_action,calibration,niah_single_1,128,42,0.5,372,4,-0.01972689582332743,-0.011229936107215207,-0.026881720430107527,-0.059336799525146644
reference_state_vs_action,calibration,niah_single_1,128,42,0.8,372,4,-0.01972689582332743,-0.011229936107215207,-0.026881720430107527,-0.059336799525146644
reference_state_vs_action,calibration,niah_single_1,128,42,0.95,372,4,-0.01972689582332743,-0.011229936107215207,-0.026881720430107527,-0.059336799525146644
reference_state_vs_action,calibration,niah_single_1,128,42,1.0,372,4,-0.01972689582332743,-0.011229936107215207,-0.026881720430107527,-0.059336799525146644
reference_state_vs_action,evaluation,all,16,42,0.5,744,8,-0.12521739130434778,-0.06825132460651394,-0.051075268817204304,-0.11353559714005937
reference_state_vs_action,evaluation,all,16,42,0.8,744,8,-0.12521739130434778,-0.06825132460651394,-0.051075268817204304,-0.11353559714005937
reference_state_vs_action,evaluation,all,16,42,0.95,744,8,-0.12521739130434778,-0.06825132460651394,-0.051075268817204304,-0.11353559714005937
reference_state_vs_action,evaluation,all,16,42,1.0,744,8,-0.12521739130434778,-0.06825132460651394,-0.051075268817204304,-0.11353559714005937
reference_state_vs_action,evaluation,all,32,42,0.5,744,8,-0.11260869565217389,-0.06516869253545271,-0.053763440860215055,-0.12292843010002959
reference_state_vs_action,evaluation,all,32,42,0.8,744,8,-0.11260869565217389,-0.06516869253545271,-0.053763440860215055,-0.12292843010002959
reference_state_vs_action,evaluation,all,32,42,0.95,744,8,-0.11260869565217389,-0.06516869253545271,-0.053763440860215055,-0.12292843010002959
reference_state_vs_action,evaluation,all,32,42,1.0,744,8,-0.11260869565217389,-0.06516869253545271,-0.053763440860215055,-0.12292843010002959
reference_state_vs_action,evaluation,all,64,42,0.5,744,8,-0.042565160598214455,-0.03940704378993299,-0.04973118279569892,-0.06796437766824992
reference_state_vs_action,evaluation,all,64,42,0.8,744,8,-0.042565160598214455,-0.03940704378993299,-0.04973118279569892,-0.06796437766824992
reference_state_vs_action,evaluation,all,64,42,0.95,744,8,-0.042565160598214455,-0.03940704378993299,-0.04973118279569892,-0.06796437766824992
reference_state_vs_action,evaluation,all,64,42,1.0,744,8,-0.042565160598214455,-0.03940704378993299,-0.04973118279569892,-0.06796437766824992
reference_state_vs_action,evaluation,all,128,42,0.5,744,8,-0.04086956521739127,-0.032399290945924884,-0.028225806451612902,-0.0638421662872782
reference_state_vs_action,evaluation,all,128,42,0.8,744,8,-0.04086956521739127,-0.032399290945924884,-0.028225806451612902,-0.0638421662872782
reference_state_vs_action,evaluation,all,128,42,0.95,744,8,-0.04086956521739127,-0.032399290945924884,-0.028225806451612902,-0.0638421662872782
reference_state_vs_action,evaluation,all,128,42,1.0,744,8,-0.04086956521739127,-0.032399290945924884,-0.028225806451612902,-0.0638421662872782
reference_state_vs_action,evaluation,gov_report,16,42,0.5,372,4,-0.11989961282408998,-0.06320126227208976,-0.05913978494623656,-0.12915044986968532
reference_state_vs_action,evaluation,gov_report,16,42,0.8,372,4,-0.11989961282408998,-0.06320126227208976,-0.05913978494623656,-0.12915044986968532
reference_state_vs_action,evaluation,gov_report,16,42,0.95,372,4,-0.11989961282408998,-0.06320126227208976,-0.05913978494623656,-0.12915044986968532
reference_state_vs_action,evaluation,gov_report,16,42,1.0,372,4,-0.11989961282408998,-0.06320126227208976,-0.05913978494623656,-0.12915044986968532
reference_state_vs_action,evaluation,gov_report,32,42,0.5,372,4,-0.09956521739130433,-0.05574061087735702,-0.043010752688172046,-0.14263908880638476
reference_state_vs_action,evaluation,gov_report,32,42,0.8,372,4,-0.09956521739130433,-0.05574061087735702,-0.043010752688172046,-0.14263908880638476
reference_state_vs_action,evaluation,gov_report,32,42,0.95,372,4,-0.09956521739130433,-0.05574061087735702,-0.043010752688172046,-0.14263908880638476
reference_state_vs_action,evaluation,gov_report,32,42,1.0,372,4,-0.09956521739130433,-0.05574061087735702,-0.043010752688172046,-0.14263908880638476
reference_state_vs_action,evaluation,gov_report,64,42,0.5,372,4,-0.10966316993842476,-0.055312061711079934,-0.06720430107526881,-0.09773509465297948
reference_state_vs_action,evaluation,gov_report,64,42,0.8,372,4,-0.10966316993842476,-0.055312061711079934,-0.06720430107526881,-0.09773509465297948
reference_state_vs_action,evaluation,gov_report,64,42,0.95,372,4,-0.10966316993842476,-0.055312061711079934,-0.06720430107526881,-0.09773509465297948
reference_state_vs_action,evaluation,gov_report,64,42,1.0,372,4,-0.10966316993842476,-0.055312061711079934,-0.06720430107526881,-0.09773509465297948
reference_state_vs_action,evaluation,gov_report,128,42,0.5,372,4,-0.10846157300801433,-0.054318606825619446,-0.06182795698924731,-0.097798963454979
reference_state_vs_action,evaluation,gov_report,128,42,0.8,372,4,-0.10846157300801433,-0.054318606825619446,-0.06182795698924731,-0.097798963454979
reference_state_vs_action,evaluation,gov_report,128,42,0.95,372,4,-0.10846157300801433,-0.054318606825619446,-0.06182795698924731,-0.097798963454979
reference_state_vs_action,evaluation,gov_report,128,42,1.0,372,4,-0.10846157300801433,-0.054318606825619446,-0.06182795698924731,-0.097798963454979
reference_state_vs_action,evaluation,niah_single_1,16,42,0.5,372,4,-0.1269565217391304,-0.07330138694093813,-0.043010752688172046,-0.09792074441043343
reference_state_vs_action,evaluation,niah_single_1,16,42,0.8,372,4,-0.1269565217391304,-0.07330138694093813,-0.043010752688172046,-0.09792074441043343
reference_state_vs_action,evaluation,niah_single_1,16,42,0.95,372,4,-0.1269565217391304,-0.07330138694093813,-0.043010752688172046,-0.09792074441043343
reference_state_vs_action,evaluation,niah_single_1,16,42,1.0,372,4,-0.1269565217391304,-0.07330138694093813,-0.043010752688172046,-0.09792074441043343
reference_state_vs_action,evaluation,niah_single_1,32,42,0.5,372,4,-0.12217391304347823,-0.07459677419354838,-0.06451612903225806,-0.10321777139367438
reference_state_vs_action,evaluation,niah_single_1,32,42,0.8,372,4,-0.12217391304347823,-0.07459677419354838,-0.06451612903225806,-0.10321777139367438
reference_state_vs_action,evaluation,niah_single_1,32,42,0.95,372,4,-0.12217391304347823,-0.07459677419354838,-0.06451612903225806,-0.10321777139367438
reference_state_vs_action,evaluation,niah_single_1,32,42,1.0,372,4,-0.12217391304347823,-0.07459677419354838,-0.06451612903225806,-0.10321777139367438
reference_state_vs_action,evaluation,niah_single_1,64,42,0.5,372,4,-0.014782325049280206,-0.02350202586878604,-0.03225806451612903,-0.03819366068352037
reference_state_vs_action,evaluation,niah_single_1,64,42,0.8,372,4,-0.014782325049280206,-0.02350202586878604,-0.03225806451612903,-0.03819366068352037
reference_state_vs_action,evaluation,niah_single_1,64,42,0.95,372,4,-0.014782325049280206,-0.02350202586878604,-0.03225806451612903,-0.03819366068352037
reference_state_vs_action,evaluation,niah_single_1,64,42,1.0,372,4,-0.014782325049280206,-0.02350202586878604,-0.03225806451612903,-0.03819366068352037
reference_state_vs_action,evaluation,niah_single_1,128,42,0.5,372,4,-0.003478260869565153,-0.01047997506623032,0.005376344086021506,-0.029885369119577388
reference_state_vs_action,evaluation,niah_single_1,128,42,0.8,372,4,-0.003478260869565153,-0.01047997506623032,0.005376344086021506,-0.029885369119577388
reference_state_vs_action,evaluation,niah_single_1,128,42,0.95,372,4,-0.003478260869565153,-0.01047997506623032,0.005376344086021506,-0.029885369119577388
reference_state_vs_action,evaluation,niah_single_1,128,42,1.0,372,4,-0.003478260869565153,-0.01047997506623032,0.005376344086021506,-0.029885369119577388
reference_state_vs_action,replication,all,16,42,0.5,744,8,-0.11521739130434783,-0.05701164874551972,-0.056451612903225805,-0.11823835394837258
reference_state_vs_action,replication,all,16,42,0.8,744,8,-0.11521739130434783,-0.05701164874551972,-0.056451612903225805,-0.11823835394837258
reference_state_vs_action,replication,all,16,42,0.95,744,8,-0.11521739130434783,-0.05701164874551972,-0.056451612903225805,-0.11823835394837258
reference_state_vs_action,replication,all,16,42,1.0,744,8,-0.11521739130434783,-0.05701164874551972,-0.056451612903225805,-0.11823835394837258
reference_state_vs_action,replication,all,32,42,0.5,744,8,-0.09521739130434771,-0.05033991740688796,-0.041666666666666664,-0.10249380931914363
reference_state_vs_action,replication,all,32,42,0.8,744,8,-0.09521739130434771,-0.05033991740688796,-0.041666666666666664,-0.10249380931914363
reference_state_vs_action,replication,all,32,42,0.95,744,8,-0.09521739130434771,-0.05033991740688796,-0.041666666666666664,-0.10249380931914363
reference_state_vs_action,replication,all,32,42,1.0,744,8,-0.09521739130434771,-0.05033991740688796,-0.041666666666666664,-0.10249380931914363
reference_state_vs_action,replication,all,64,42,0.5,744,8,-0.03478260869565222,-0.029360487766869257,-0.02956989247311828,-0.05680483518595735
reference_state_vs_action,replication,all,64,42,0.8,744,8,-0.03478260869565222,-0.029360487766869257,-0.02956989247311828,-0.05680483518595735
reference_state_vs_action,replication,all,64,42,0.95,744,8,-0.03478260869565222,-0.029360487766869257,-0.02956989247311828,-0.05680483518595735
reference_state_vs_action,replication,all,64,42,1.0,744,8,-0.03478260869565222,-0.029360487766869257,-0.02956989247311828,-0.05680483518595735
reference_state_vs_action,replication,all,128,42,0.5,744,8,-0.017826086956521735,-0.02112552594670407,-0.038978494623655914,-0.04835955299398597
reference_state_vs_action,replication,all,128,42,0.8,744,8,-0.017826086956521735,-0.02112552594670407,-0.038978494623655914,-0.04835955299398597
reference_state_vs_action,replication,all,128,42,0.95,744,8,-0.017826086956521735,-0.02112552594670407,-0.038978494623655914,-0.04835955299398597
reference_state_vs_action,replication,all,128,42,1.0,744,8,-0.017826086956521735,-0.02112552594670407,-0.038978494623655914,-0.04835955299398597
reference_state_vs_action,replication,gov_report,16,42,0.5,372,4,-0.12652173913043477,-0.04859163160355307,-0.06720430107526881,-0.14691237468772433
reference_state_vs_action,replication,gov_report,16,42,0.8,372,4,-0.12652173913043477,-0.04859163160355307,-0.06720430107526881,-0.14691237468772433
reference_state_vs_action,replication,gov_report,16,42,0.95,372,4,-0.12652173913043477,-0.04859163160355307,-0.06720430107526881,-0.14691237468772433
reference_state_vs_action,replication,gov_report,16,42,1.0,372,4,-0.12652173913043477,-0.04859163160355307,-0.06720430107526881,-0.14691237468772433
reference_state_vs_action,replication,gov_report,32,42,0.5,372,4,-0.1482608695652174,-0.055448418263986284,-0.043010752688172046,-0.1405961061338777
reference_state_vs_action,replication,gov_report,32,42,0.8,372,4,-0.1482608695652174,-0.055448418263986284,-0.043010752688172046,-0.1405961061338777
reference_state_vs_action,replication,gov_report,32,42,0.95,372,4,-0.1482608695652174,-0.055448418263986284,-0.043010752688172046,-0.1405961061338777
reference_state_vs_action,replication,gov_report,32,42,1.0,372,4,-0.1482608695652174,-0.055448418263986284,-0.043010752688172046,-0.1405961061338777
reference_state_vs_action,replication,gov_report,64,42,0.5,372,4,-0.09304347826086959,-0.04313736948729936,-0.05913978494623656,-0.10870255338814937
reference_state_vs_action,replication,gov_report,64,42,0.8,372,4,-0.09304347826086959,-0.04313736948729936,-0.05913978494623656,-0.10870255338814937
reference_state_vs_action,replication,gov_report,64,42,0.95,372,4,-0.09304347826086959,-0.04313736948729936,-0.05913978494623656,-0.10870255338814937
reference_state_vs_action,replication,gov_report,64,42,1.0,372,4,-0.09304347826086959,-0.04313736948729936,-0.05913978494623656,-0.10870255338814937
reference_state_vs_action,replication,gov_report,128,42,0.5,372,4,-0.07391304347826085,-0.02990104410160511,-0.06182795698924731,-0.0813386201050305
reference_state_vs_action,replication,gov_report,128,42,0.8,372,4,-0.07391304347826085,-0.02990104410160511,-0.06182795698924731,-0.0813386201050305
reference_state_vs_action,replication,gov_report,128,42,0.95,372,4,-0.07391304347826085,-0.02990104410160511,-0.06182795698924731,-0.0813386201050305
reference_state_vs_action,replication,gov_report,128,42,1.0,372,4,-0.07391304347826085,-0.02990104410160511,-0.06182795698924731,-0.0813386201050305
reference_state_vs_action,replication,niah_single_1,16,42,0.5,372,4,-0.10434782608695652,-0.06543166588748638,-0.0456989247311828,-0.08956433320902078
reference_state_vs_action,replication,niah_single_1,16,42,0.8,372,4,-0.10434782608695652,-0.06543166588748638,-0.0456989247311828,-0.08956433320902078
reference_state_vs_action,replication,niah_single_1,16,42,0.95,372,4,-0.10434782608695652,-0.06543166588748638,-0.0456989247311828,-0.08956433320902078
reference_state_vs_action,replication,niah_single_1,16,42,1.0,372,4,-0.10434782608695652,-0.06543166588748638,-0.0456989247311828,-0.08956433320902078
reference_state_vs_action,replication,niah_single_1,32,42,0.5,372,4,-0.05930409727127772,-0.04523141654978962,-0.04032258064516129,-0.06439151250440958
reference_state_vs_action,replication,niah_single_1,32,42,0.8,372,4,-0.05930409727127772,-0.04523141654978962,-0.04032258064516129,-0.06439151250440958
reference_state_vs_action,replication,niah_single_1,32,42,0.95,372,4,-0.05930409727127772,-0.04523141654978962,-0.04032258064516129,-0.06439151250440958
reference_state_vs_action,replication,niah_single_1,32,42,1.0,372,4,-0.05930409727127772,-0.04523141654978962,-0.04032258064516129,-0.06439151250440958
reference_state_vs_action,replication,niah_single_1,64,42,0.5,372,4,0.009830402572401559,-0.015583606046439148,0.0,-0.004907116983765324
reference_state_vs_action,replication,niah_single_1,64,42,0.8,372,4,0.009830402572401559,-0.015583606046439148,0.0,-0.004907116983765324
reference_state_vs_action,replication,niah_single_1,64,42,0.95,372,4,0.009830402572401559,-0.015583606046439148,0.0,-0.004907116983765324
reference_state_vs_action,replication,niah_single_1,64,42,1.0,372,4,0.009830402572401559,-0.015583606046439148,0.0,-0.004907116983765324
reference_state_vs_action,replication,niah_single_1,128,42,0.5,372,4,0.013478260869565212,-0.012350007791803024,-0.016129032258064516,-0.015380485882941435
reference_state_vs_action,replication,niah_single_1,128,42,0.8,372,4,0.013478260869565212,-0.012350007791803024,-0.016129032258064516,-0.015380485882941435
reference_state_vs_action,replication,niah_single_1,128,42,0.95,372,4,0.013478260869565212,-0.012350007791803024,-0.016129032258064516,-0.015380485882941435
reference_state_vs_action,replication,niah_single_1,128,42,1.0,372,4,0.013478260869565212,-0.012350007791803024,-0.016129032258064516,-0.015380485882941435
