sample_id,task,stage,target_anchor,history_start_anchor,history_length,candidate_id,candidate_source,deleted_position,candidate_raw_rank,candidate_deduplicated,exact_physical_kl,action_only_risk,adjacent_only_risk,dense_actual_boundary_energy,eligible_count,cache_length_prequery,cache_length_baseline,cache_length_candidate,candidate_replay_max_abs_error,multi_all_endpoint_risk,multi_uniform8_endpoint_risk,multi_inherited3_endpoint_risk,multi_pair_endpoint_risk,multi_three_endpoint_risk,probe_b18_path_k1_risk,theory_b1_risk,probe_b1_risk,theory_b5_risk,probe_b5_risk,theory_b8_risk,probe_b8_risk,theory_b11_risk,probe_b11_risk,theory_b15_risk,probe_b15_risk,theory_b18_risk,probe_b18_risk,theory_b19_risk,probe_b19_risk,theory_b23_risk,probe_b23_risk,theory_b27_risk,probe_b27_risk,b1_theory_u_norm,b1_local_r_norm,b1_actual_boundary_norm,b1_deleted_attention_mass_mean,b1_deleted_value_norm,b1_deleted_key_norm,b1_action_state_ratio,b5_theory_u_norm,b5_local_r_norm,b5_actual_boundary_norm,b5_deleted_attention_mass_mean,b5_deleted_value_norm,b5_deleted_key_norm,b5_action_state_ratio,b8_theory_u_norm,b8_local_r_norm,b8_actual_boundary_norm,b8_deleted_attention_mass_mean,b8_deleted_value_norm,b8_deleted_key_norm,b8_action_state_ratio,b11_theory_u_norm,b11_local_r_norm,b11_actual_boundary_norm,b11_deleted_attention_mass_mean,b11_deleted_value_norm,b11_deleted_key_norm,b11_action_state_ratio,b15_theory_u_norm,b15_local_r_norm,b15_actual_boundary_norm,b15_deleted_attention_mass_mean,b15_deleted_value_norm,b15_deleted_key_norm,b15_action_state_ratio,b19_theory_u_norm,b19_local_r_norm,b19_actual_boundary_norm,b19_deleted_attention_mass_mean,b19_deleted_value_norm,b19_deleted_key_norm,b19_action_state_ratio,b23_theory_u_norm,b23_local_r_norm,b23_actual_boundary_norm,b23_deleted_attention_mass_mean,b23_deleted_value_norm,b23_deleted_key_norm,b23_action_state_ratio,b27_theory_u_norm,b27_local_r_norm,b27_actual_boundary_norm,b27_deleted_attention_mass_mean,b27_deleted_value_norm,b27_deleted_key_norm,b27_action_state_ratio
gov_report:116,gov_report,replication,64,32,32,physical_delete_attention_43,attention,43,0,False,2.005491125891439e-07,0.0008181927645740816,0.0008123232570521063,0.008054929747714913,93,128,129,128,0.0,2.0053553088475212e-07,3.3103674661650613e-09,2.1045977988935223e-09,2.2137842262651383e-10,9.954940422157336e-10,1.5600901300238381e-07,9.494606806120614e-12,5.6573674272025924e-12,1.0283348216199818e-11,1.419970284065541e-09,3.689723524414353e-11,1.2187386332666948e-09,9.108600904235951e-12,1.2050568544262821e-09,2.582618745360229e-10,2.977003131669073e-09,1.2780257584475315e-07,1.5628972871358852e-07,5.117518113539292e-10,1.6969140339671517e-07,2.2182029081941444e-10,1.8501830636021436e-07,2.2996887277449736e-09,2.037985659240988e-07,0.0007160889483177705,0.0010463359844669845,0.0010521388024664867,2.8161703085061163e-05,4.457978248596191,778.362548828125,5.038309247543283e-05,0.0025419132625898026,0.0025681098834569684,0.011520792099526085,6.002337977406569e-05,7.351544380187988,19.48427391052246,5.9039037211136084e-05,0.0016999404062451274,0.00148063915660499,0.008705391058438228,4.0969247493194416e-05,6.814271926879883,34.51654052734375,3.314019619299696e-05,0.0010810230654877565,0.0009849445472995492,0.007298491889491591,2.9704058761126362e-05,6.127108573913574,19.330726623535156,1.9204374994305035e-05,0.0019407573290455649,0.0017416984382344642,0.007029716400252533,4.1661598515929654e-05,8.760499954223633,19.258190155029297,3.201298059257469e-05,0.0018340832536117766,0.001905508860660028,0.015156565195098068,3.506276698317379e-05,8.904603958129883,21.780506134033203,2.774728146081561e-05,0.0015313720246057148,0.0014312220312811884,0.0196479770145753,2.3955481083248742e-05,10.904350280761719,20.978958129882812,1.1460590922729054e-05,0.014058017742703892,0.015134176348634338,0.03736858817302967,3.988779280916788e-05,33.267887115478516,19.39350128173828,5.666373158670598e-05
gov_report:116,gov_report,replication,64,32,32,physical_delete_value_norm_82,value_norm,82,0,False,7.593806640604972e-05,1.240922144063674,1.0610643089144005,7.6190793591428,93,128,129,128,,7.278494197775296e-05,9.52378647842947e-06,8.232353642703065e-06,1.1069896416315009e-07,6.892447030944042e-06,7.326499543853495e-05,2.0483227791380648e-11,2.476566371219697e-11,4.0249180211760933e-10,3.988683412486558e-07,8.071086187233577e-09,3.363087989798202e-07,4.837764492150599e-07,2.1498168788575893e-06,6.199299618582792e-06,4.0784515812666974e-05,1.0996018231119076e-05,7.327615307646139e-05,6.75516130712716e-08,7.446877011256254e-05,7.968457352771095e-08,7.09842170077764e-05,1.6177747548746434e-06,9.326756108356173e-05,0.0011004243403216333,0.0015122245285777876,0.0015073220938337307,0.00014676207501906902,3.1908457279205322,779.73486328125,7.281652298880347e-05,0.014422454110404765,0.014790810886462783,0.16018627120921128,0.0005496222293004394,4.5620269775390625,15.232492446899414,0.000340030323442889,0.021000979799009306,0.019051233634461068,0.107591842400551,0.0008162043523043394,4.53766393661499,33.099544525146484,0.00042641153825239477,0.27930767436954623,0.24775954043369108,0.34178593428098986,0.006753254681825638,7.432943344116211,16.89640235900879,0.004830796958012118,0.47542519047012893,0.4118668353034442,0.6262685521339126,0.014373399317264557,7.526973247528076,16.58145523071289,0.007570245638309152,0.033422539303864,0.03214513972177821,0.5250551140536296,0.0009839873528108,8.130814552307129,21.039920806884766,0.0004680850652924672,0.05073038075500231,0.04996801934772688,0.5554308871814373,0.0015896238619461656,6.724061012268066,16.619461059570312,0.00040012172566312234,0.3956039070863113,0.37962421479587555,0.9268497192381517,0.012143279425799847,10.186994552612305,15.267797470092773,0.0014213475590264674
gov_report:116,gov_report,replication,64,32,32,physical_delete_aov_22,aov,22,0,False,7.33717350293341e-09,0.00028539356251425577,0.00029002115982648224,0.0013007563939081458,93,128,129,128,,7.509407719842756e-09,4.606221543560037e-10,4.500835924530829e-10,2.98628655613264e-11,2.6795263242648017e-11,1.688399168099591e-09,1.4615858587569356e-10,1.5747296879203845e-10,1.782626628177213e-12,5.269630822995874e-10,3.346550378035323e-12,6.959954532583714e-10,6.018515849383844e-13,6.785244367397658e-10,3.831332647388145e-13,4.205002172324192e-10,9.652414674525852e-10,1.6657803675448334e-09,7.924096720096288e-12,1.613643958860625e-09,3.074944554761345e-11,4.087901457096818e-09,6.300351526258552e-10,5.8174347173695054e-09,0.002132097714724973,0.003362253912050138,0.0033609734788335767,8.169305510818958e-05,4.2228803634643555,778.3533935546875,0.00016189900021741353,0.0009497574763132929,0.0008996526188161726,0.005039731548951393,1.8561151591711678e-05,6.882534503936768,18.55060577392578,2.0682379979740472e-05,0.00043178639988629777,0.000440915304888024,0.0034449531599240893,8.481648364977445e-06,6.982377052307129,34.85817337036133,9.868724356843705e-06,0.0001376937504999889,0.0001138487521925596,0.0029028525162602273,2.624132321216166e-06,8.699039459228516,20.047637939453125,2.2198144410607904e-06,7.715246357269188e-05,6.561297600800485e-05,0.0025933275214863813,1.560777377562772e-06,10.90955638885498,19.68105697631836,1.2059877194898e-06,0.00018645359825608955,0.00017814745101170143,0.004531389926915663,3.2431480576633476e-06,10.571054458618164,23.656131744384766,2.594114132345914e-06,0.0011050481915808295,0.0010474749863528907,0.007283540667887246,1.2350399629212916e-05,12.627809524536133,20.460262298583984,8.387714874424784e-06,0.007192017609786782,0.0076555799801655096,0.01466865074109487,4.009867552667856e-05,26.07683753967285,16.38519859313965,2.8663187156253968e-05
gov_report:116,gov_report,replication,64,32,32,physical_delete_aor_36,aor,36,1,True,4.350665159129271e-08,0.0012979995767532517,0.0014289533549776254,0.006576776180175277,93,128,129,128,,4.332742252238282e-08,6.639375280816272e-10,2.8068933693441793e-10,1.3393431035400201e-10,1.5358326937075636e-10,3.6115133237105812e-09,1.0333249762171622e-11,4.777827943965359e-12,1.5136228079880915e-11,1.1847359828346546e-09,3.67821770636802e-11,1.3102046787311554e-09,1.3690167206318574e-12,1.378077538149296e-09,2.487726173014236e-12,1.2393415785687877e-09,2.1650820491329133e-09,3.587075172617769e-09,2.0659066285212935e-10,4.156852104648877e-09,1.411205135671796e-10,3.656605946444639e-09,2.4395060765295545e-10,4.441544871563281e-08,0.0008390318635240535,0.001141627892364826,0.0011477102552964384,4.480851930566132e-05,4.183609962463379,778.8078002929688,5.497158133470026e-05,0.0019423825017926405,0.0019428882988754529,0.01351390911928542,5.110765414428897e-05,7.265463829040527,19.44835662841797,4.46656333957101e-05,0.0031073643641558886,0.0025766927727126137,0.010291036286785437,5.21603760716971e-05,6.376445293426514,34.20205307006836,5.7672461001620354e-05,0.0001591862885013899,0.00015385909111938963,0.008167963026103857,3.885082605847856e-06,7.848747253417969,20.042484283447266,2.9999330320076168e-06,0.00021526271550497962,0.0001848296871831856,0.007372836478592631,4.215075477986829e-06,9.061243057250977,18.450368881225586,3.397229427802037e-06,0.0014243288471441,0.0013319385429303358,0.007576715510776671,1.4724177162861452e-05,9.202240943908691,21.395496368408203,1.939517280774822e-05,0.0027660181042591,0.002928683519982498,0.009981977751490338,2.6753294150694273e-05,14.981851577758789,20.802291870117188,2.3451598026765752e-05,0.004160508380012575,0.004472869659658623,0.03714783354676106,2.0778294128831476e-05,40.6054801940918,16.07292938232422,1.6746830483449973e-05
gov_report:116,gov_report,replication,64,32,32,physical_delete_v_ridge_58,v_ridge,58,0,False,0.00018911997833032882,0.6199348238977463,0.5371774031463992,4.874728220215172,93,128,129,128,,0.00019107230914875112,4.156587458899782e-06,1.9357615411351664e-07,4.62526584318681e-08,9.323847785688472e-08,5.414135454340316e-06,1.9625466685864218e-11,3.444913962334901e-11,2.896090244982691e-09,2.7328103968008437e-09,1.63319970759332e-08,2.3236206921155414e-08,2.2890909634700916e-06,2.3469746433110662e-06,2.2962089358801935e-08,3.3239034082152693e-06,1.7794503761638103e-07,5.41062144483246e-06,5.287080520525826e-07,8.210716105396746e-06,3.9616270701009313e-08,0.00019647726697776067,1.9786506057507792e-07,0.00019940099752939954,0.0005883142692865328,0.0008780038309916937,0.0008755519607120538,9.79321266640909e-05,3.3373770713806152,780.2392578125,4.227757514539979e-05,0.013950920187062017,0.014769582447215986,0.018590334308158252,0.0003847629122901708,5.9538702964782715,16.86767578125,0.00033954229657819004,0.04816545200362974,0.0407135086179094,0.05192481303099746,0.0015432225773110986,5.822487831115723,32.26234436035156,0.0009112643396494669,0.5304897329953924,0.4665175531663928,0.4828817104528181,0.014872933737933636,8.020761489868164,17.941741943359375,0.009096124301613407,0.018281564140290307,0.015520796467998879,0.3314612706525233,0.0003805355227086693,9.920621871948242,21.045551300048828,0.0002852772587974627,0.034734485295321,0.03244212567253832,0.27861650524136267,0.0007015124429017305,8.737798690795898,21.858346939086914,0.0004724096595967909,0.033120248461529105,0.033596534149231735,0.596982370344542,0.001198096084408462,7.729692459106445,17.288734436035156,0.0002690261370286263,0.15223924582110876,0.143724288564882,0.8106347352660352,0.004349810071289539,11.38821792602539,15.749188423156738,0.0005381167975134396
gov_report:116,gov_report,replication,64,32,32,physical_delete_key_query_50,key_query,50,0,False,1.5041203250637058e-06,0.2410481383770697,0.2086640254133873,0.517363398958528,93,128,129,128,,1.4894494158143492e-06,7.984407212723038e-07,5.608994551512752e-07,2.1394526734797698e-07,7.67645659350718e-08,2.6827968308638234e-06,3.2216602959952778e-12,3.213946101743911e-12,2.5793308387150494e-09,7.99506935787944e-09,3.3610622156079475e-07,4.4843870962568157e-07,3.8877561175106256e-08,9.705867280304582e-07,7.227469131148781e-09,2.5011484202378193e-06,2.353476419611033e-08,2.6817908922276146e-06,2.1753583563125523e-08,2.509461917054017e-06,1.1834070718149519e-07,2.2051103675837754e-06,6.184502588535677e-07,2.2586896809333006e-06,0.00047450557898638305,0.0006678467975263868,0.0006624472616713551,3.5647379263537005e-05,2.9391822814941406,779.7255859375,3.215810930590749e-05,0.022437517463099542,0.021976732849245905,0.029763501109511228,0.0005817460478283465,7.065099716186523,17.698095321655273,0.0005052296075116782,0.13984300742390599,0.12877490357047763,0.13633777931053703,0.0026303352788090706,6.300914764404297,33.270084381103516,0.0028822860384465875,0.04598567956870881,0.039777411112350364,0.13606284287793016,0.001394946128129959,6.820609092712402,17.122028350830078,0.0007755769818703196,0.013434154360432089,0.013664769364376227,0.11527457771068764,0.0002079249097732827,10.096575736999512,19.91655921936035,0.00025116288035902605,0.00912815827352643,0.008940435028618833,0.09395999105023257,0.0002337705227546394,8.464237213134766,22.255069732666016,0.0001301871496075304,0.03443337384034212,0.0339133409690024,0.11181294458249144,0.0010615942301228642,7.907926559448242,17.283601760864258,0.00027156298545854613,0.2253824702402331,0.2188727570820897,0.27645135188136927,0.007563612889498472,10.320446014404297,15.461114883422852,0.0008194794928539975
gov_report:116,gov_report,replication,64,32,32,physical_delete_age_4,age,4,0,False,5.3659255570167645e-08,0.0010187700796155707,0.0009333421244924415,0.008186669961945427,93,128,129,128,,5.367026299388128e-08,3.3297984166710966e-09,3.0824136995802508e-09,3.6376114727252904e-11,3.528314756621634e-11,5.080335311158917e-08,3.100333001393566e-11,3.389910951115903e-11,1.7287192379527455e-11,1.1727594963672951e-09,2.366450392835485e-11,1.92916691234518e-09,8.512164915793047e-13,1.9957057042927835e-09,2.900382385696521e-12,5.0528578577400225e-09,2.860046073493852e-08,5.139173428240071e-08,6.451883949609388e-11,5.223404043703335e-08,7.213257715610524e-12,5.512267562592251e-08,2.9583283477530205e-09,4.8388232946161124e-08,0.0018870658166954414,0.0025430472554308866,0.0025513613050521773,0.00025313234073109925,3.5669851303100586,778.8583984375,0.00012245262223781702,0.0015403624698320044,0.0014919005084906955,0.021408856542896385,3.1802057492313907e-05,7.620412826538086,18.461536407470703,3.42977417763483e-05,0.0015968014973747142,0.0016529571432979174,0.01377602320139649,3.8958340155659243e-05,6.296531677246094,33.97175979614258,3.699707912163705e-05,0.00017735587749090695,0.00015919706425441293,0.011005641421565291,4.008974883618066e-06,8.479736328125,18.977916717529297,3.1040124322901757e-06,4.650932887932243e-05,4.0679066412057245e-05,0.012636978522322406,9.742861948325299e-07,9.230497360229492,19.743364334106445,7.47694397023934e-07,0.000790386454977517,0.000755441145117334,0.015506328120299628,7.258449841174297e-06,10.128425598144531,23.026649475097656,1.1000441149032977e-05,0.0006654803905610565,0.0006639466479858896,0.017283636459566473,1.0417959856567904e-05,11.252368927001953,19.28680992126465,5.316590131212496e-06,0.008656782789614749,0.008055113007571302,0.023985261379090163,5.716341911465861e-05,19.834800720214844,15.525497436523438,3.0159075118930496e-05
gov_report:116,gov_report,replication,64,32,32,physical_delete_random_59,random,59,0,False,1.8410165929528115e-05,0.18480634232766824,0.15950442992204084,0.9252548631887607,93,128,129,128,,1.8305740977388044e-05,1.4147956913143612e-06,2.6201662246581956e-07,6.383096129370031e-08,1.2038209713518763e-07,5.210313113701538e-06,6.422791405913687e-12,6.684213061383618e-12,6.883577703038112e-09,4.446982004979575e-09,5.4156940752744966e-09,3.086471456085683e-08,6.579618870949759e-07,8.686304943271634e-07,8.585713645353939e-09,3.4635352592309173e-06,4.226523014805479e-07,5.206680379770214e-06,6.192328694437958e-07,6.458420821979272e-06,6.615544646385626e-08,1.8678996232138437e-05,2.3842087360050393e-07,2.153834054531819e-05,0.0009022740979838522,0.001197539737728524,0.0011989075621229933,0.00015449953207280487,3.5141372680664062,779.7246704101562,5.766384435274634e-05,0.03622588608789724,0.03416319416873426,0.05007675917101902,0.0006562575581483543,7.574169158935547,17.09940528869629,0.0007853877689470625,0.021516850259955412,0.01914349565778004,0.05410948208887642,0.0008947341702878475,5.464986801147461,32.23634338378906,0.0004284765799205919,0.15014356467464257,0.13530914474002056,0.16761286380438525,0.0037440878804773092,8.131292343139648,17.88226318359375,0.002638247567206204,0.014398223960626465,0.012479453971290655,0.15953660982174137,0.0003206153342034668,9.306588172912598,19.908615112304688,0.00022937640008096298,0.05959401989327044,0.05854004643647841,0.17368695043301616,0.0008911834447644651,9.774042129516602,22.113651275634766,0.000852437466304696,0.03400392454548288,0.034840009236772065,0.2216202643101578,0.0010856535518541932,7.635533332824707,17.336185455322266,0.00027898333373845295,0.16484115906235922,0.158193141518412,0.3459856354497743,0.0049970862455666065,11.591178894042969,15.124948501586914,0.0005922894978467697
gov_report:117,gov_report,replication,64,32,32,physical_delete_attention_14,attention,14,0,False,3.207083273466029e-07,0.0036603697045835236,0.003468608836843786,0.03808736400918318,93,128,129,128,0.0,3.203936063544971e-07,3.488367901133675e-09,8.37514601356528e-10,2.1318388107062752e-10,1.627238400676265e-09,2.724757964513917e-07,8.294538345441504e-10,8.467511612665277e-10,1.7262958382895652e-09,6.247444495980086e-08,1.9344613902665136e-11,7.889931963929469e-08,3.710871384520567e-12,8.237273477847053e-08,6.330285401575679e-11,8.658025925694979e-08,2.0539481646672406e-07,2.725865524166293e-07,2.2334397683258205e-09,2.8433786415215517e-07,2.2612419557516082e-10,3.1003903935648e-07,3.675862819615723e-10,3.1443288183756403e-07,0.002742166340671406,0.003729751033175175,0.0037401329938771826,0.0001560922246426344,3.5669851303100586,778.8583984375,0.0002954326387968687,0.009184136630969219,0.00828237604386548,0.04835802601615987,0.0002392985625192523,7.128814697265625,19.36896324157715,0.0003215382432053391,0.0012853053601050689,0.0012565444906035641,0.032102901625237004,2.9607863325509243e-05,5.726841449737549,33.79312515258789,3.5778076295616e-05,0.0002856928661805175,0.0003503075010858634,0.027628772035159083,5.7406527957937215e-06,7.44852352142334,20.68832015991211,9.316039091931608e-06,0.0007499413048459364,0.0006203485961498054,0.0247807156354954,1.5467121556866914e-05,10.04827880859375,20.109291076660156,1.3805414849087666e-05,0.0046446726754638835,0.0042732105538496115,0.0316792022626253,3.5733566619455814e-05,10.39979362487793,24.24416732788086,6.922139583299521e-05,0.001333128668637202,0.0012761160773617265,0.03757438377167416,1.7318185200565495e-05,11.399269104003906,22.081058502197266,1.074768466115685e-05,0.003197007862323638,0.0033338004400181144,0.045820452769591354,3.11899020744022e-05,25.282854080200195,18.130268096923828,1.379040020167365e-05
gov_report:117,gov_report,replication,64,32,32,physical_delete_value_norm_80,value_norm,80,0,False,0.0031474855495257636,14.853571317995542,10.054270025660722,158.87040080871907,93,128,129,128,,0.0027923837559235658,0.0001225416992150358,1.3718154200443938e-05,1.4746942344692754e-06,1.390169802671068e-05,0.00295479730744731,3.1898974870891693e-10,2.995048892292932e-10,8.881635280122668e-07,6.036415943184038e-06,4.076164753375891e-07,8.54478031842216e-06,0.00012555820704070382,8.233131455077252e-05,1.1270104442825718e-05,0.0006847295975074331,9.375722450875163e-06,0.002950507162917496,5.514850961892831e-06,0.0030346519060175953,1.0262454659103204e-06,0.0030448021790005463,2.1336084651380307e-06,0.0031441482909307806,0.0008382424858095063,0.002194551277780731,0.002162198084480862,0.00010967630078084767,3.1908457279205322,779.73486328125,0.00017382985330735633,0.3546160782197874,0.34241161689454086,0.5020667124599485,0.013751228339970112,5.054614067077637,15.602570533752441,0.013293097194121854,0.13406820729900046,0.10282480672329761,0.3328417833547063,0.00485521974042058,4.8110198974609375,33.13287353515625,0.002927770411265751,1.0587918914620464,0.9949510482180172,1.5282490831899245,0.03027748502790928,6.763489723205566,16.259746551513672,0.026459618566618888,0.39074518498309246,0.34022378255461494,2.4639602978807837,0.008979808539152145,8.467660903930664,16.360225677490234,0.007571437235199307,0.27725216050716733,0.24256170487553963,2.3566855078587583,0.00825174618512392,7.757203102111816,20.734088897705078,0.0039292376482572,0.14060914593052767,0.13443390784223483,3.003508229428565,0.005650672595947981,6.5066962242126465,16.55527687072754,0.0011322271342607687,0.2319469959217414,0.23968609133024685,4.193489144963984,0.0065904706716537476,10.53476619720459,15.59872817993164,0.0009914711998181406
gov_report:117,gov_report,replication,64,32,32,physical_delete_aov_15,aov,15,1,True,1.4558782005415357e-07,0.006213932786234215,0.005588728116681422,0.05158285092261703,93,128,129,128,,1.4530275338705704e-07,2.103157189352548e-08,1.5024545125918496e-08,5.042161453954498e-09,5.625842405902989e-09,1.0028924044870602e-07,3.1236132102905614e-10,2.980848501335187e-10,6.604290077196218e-11,8.595573127802346e-08,2.619390138112127e-10,9.730553893255646e-08,8.594365727591142e-12,9.154769903361727e-08,6.790757138836657e-12,9.70906360206098e-08,6.131103157612179e-09,1.0020980316970601e-07,1.7467416605124368e-09,9.32855001665588e-08,5.948346343740005e-09,1.0443446976203129e-07,1.5928490769421793e-08,1.4093128714148784e-07,0.002823093058127718,0.0036547766321158876,0.0036579281402217643,0.00014696958533022553,3.5796589851379395,779.8387451171875,0.0002894939353954506,0.0033126237631064485,0.00299876329167466,0.06060717609914513,0.00010398321319371462,6.929206371307373,18.795398712158203,0.00011641793073473139,0.002502344772535284,0.002219621537757544,0.03801228848246725,5.8400051784701645e-05,7.507174491882324,33.749351501464844,6.320014079814761e-05,0.0005873577820483376,0.0005834841746600673,0.034279725708557474,1.2220903045090381e-05,10.290916442871094,20.111194610595703,1.551711386084275e-05,0.00029636032647986226,0.0002450329158200834,0.03258360747806605,5.338523351383628e-06,11.527735710144043,20.021392822265625,5.45303249749103e-06,0.0034677531024877805,0.0030998579245214647,0.03250221995536489,2.606552152428776e-05,10.899359703063965,23.144588470458984,5.0214350478480775e-05,0.00856860267536428,0.008251728898230145,0.039833397038825956,0.00010204786667600274,12.869073867797852,19.355884552001953,6.949758073018442e-05,0.024597928267001676,0.022333376687719838,0.05453190115150004,0.0002903263957705349,15.582115173339844,14.851245880126953,9.238291491038131e-05
gov_report:117,gov_report,replication,64,32,32,physical_delete_aor_25,aor,25,2,True,6.605220381909657e-07,0.010605795402089365,0.010207146349847564,0.1270203106096658,93,128,129,128,,6.59301863973591e-07,2.184443176893595e-08,1.5213839485345e-08,3.0125845874162124e-09,4.619813394406182e-09,2.171196923729578e-07,4.67091252077203e-10,4.563931243276387e-10,1.3613491045678884e-09,6.069109947630114e-08,1.8423912596726273e-10,8.434646985539071e-08,6.529709010695428e-11,9.277728616556547e-08,7.806338644877595e-12,8.729473389964073e-08,7.301355455867563e-08,2.170577431844962e-07,8.241372718766669e-10,2.2012116237974533e-07,3.1087587022358683e-09,5.834554697959439e-07,1.5509035009739984e-08,6.604865688301866e-07,0.0020511701391551173,0.0027812605603749554,0.002790204512276661,0.00012175270239822567,3.5669851303100586,778.8583984375,0.00022030294762965196,0.012145409667671333,0.010961969636428745,0.07614067993336157,0.00031610814039595425,7.46737813949585,19.053112030029297,0.00042556537403034335,0.0023244212351351346,0.0024075274653314075,0.053010872651576,5.0239676056662574e-05,6.399224758148193,35.06977844238281,6.855045880392465e-05,0.0010738531729328673,0.0009978066902349878,0.044330768936128424,2.7219119147048332e-05,8.493221282958984,19.83211326599121,2.6535561195823796e-05,0.00035773621520637257,0.00031477025923895395,0.03948523625204868,6.9989596340747084e-06,9.438623428344727,21.53679656982422,7.004987257034502e-06,0.003463325819257823,0.0031253177706005446,0.04741147853557363,4.124833503738046e-05,10.002145767211914,23.374126434326172,5.0626772487899304e-05,0.006948560597375823,0.0065598131340695535,0.06887485559945071,9.921163291437551e-05,10.538175582885742,19.761188507080078,5.524795451747133e-05,0.02201286680765595,0.021951356656615063,0.105491761590634,0.00037920832983218133,15.130158424377441,14.930953979492188,9.08026736185654e-05
gov_report:117,gov_report,replication,64,32,32,physical_delete_v_ridge_72,v_ridge,72,0,False,0.0009269664858407377,13.68780969009977,14.477830745438567,50.757283079892446,93,128,129,128,,0.000831673968923199,0.00044451351877165167,0.0004169335340318913,2.522024324803389e-06,3.0696858895658133e-06,4.882187330203458e-06,2.5322433579600878e-11,2.622659193406173e-11,9.225721806972815e-09,4.964816154450414e-08,3.430974510348786e-08,1.9906607116417254e-07,4.028816763446789e-07,9.052860919481654e-07,3.26753101551576e-07,2.9436965608381184e-06,9.817736707683157e-07,4.882491816546525e-06,5.019823407348768e-07,5.332607575730486e-06,2.4711014101174832e-06,7.53537194490611e-05,0.000417767040608824,0.0007433545319054827,0.0014830201416061181,0.0018362305776318517,0.0018376237949219126,4.4191518099978566e-05,5.178380012512207,778.88720703125,0.00014544736100721866,0.0240280726164946,0.020053686526646068,0.03881475482617632,0.00039166733040474355,8.104618072509766,17.033554077148438,0.0007785238319798611,0.06218542995061891,0.056413147171520864,0.07283924770927012,0.0007390831597149372,8.136220932006836,34.0322265625,0.0016062733143726558,0.14073367982497761,0.12346434344004922,0.15900340893302473,0.0024490959476679564,8.265120506286621,17.355892181396484,0.003283397147882496,0.13431315086189793,0.11124056624462804,0.2588369824549908,0.0021288192365318537,8.987568855285645,19.24168586730957,0.0024755793348868204,0.06396650752695354,0.06254203020295983,0.22261332181794416,0.001654903986491263,8.915836334228516,20.475021362304688,0.0010131133428419837,0.2164459593069486,0.2134564344840036,0.8126044411136861,0.0024143874179571867,10.533394813537598,17.45962905883789,0.0017977694094035435,2.7922130927280278,2.9559408584658464,3.9111418131228604,0.014751438982784748,36.7239990234375,14.601632118225098,0.01222736877750886
gov_report:117,gov_report,replication,64,32,32,physical_delete_key_query_55,key_query,55,0,False,0.0005603122385880567,1.852519050403097,1.6037806192393589,23.378569879072355,93,128,129,128,,0.0005701663019393958,9.589934147751034e-06,4.231324312335553e-06,8.335119788453429e-07,4.50707912913585e-06,0.000431676433698968,1.0379935378910547e-09,1.0530492595547396e-09,1.2433323919919703e-06,2.477744152771139e-06,1.2860747385847067e-07,4.757126193206203e-06,1.2005233919647803e-06,7.066804381161034e-06,2.035158920034999e-06,2.9441971189884432e-05,5.9492388090792974e-05,0.0004316789158103013,5.922933546172402e-07,0.00042330765628946585,7.464793779016992e-07,0.0005434889165060793,1.3943341705074011e-06,0.000574834202050528,0.006068943009444741,0.007441472200442022,0.007428446596651385,0.0005582098965533078,3.373161792755127,779.1807250976562,0.0005894371364617765,0.17796558368785206,0.1613692613860437,0.22517168988261585,0.0032347969245165586,6.261223316192627,16.374847412109375,0.006264674356562502,0.06825568049834925,0.05399657999390043,0.1716199906870298,0.0021965589839965105,5.147365570068359,32.5239143371582,0.0015374654643514796,0.26508595761712356,0.23060468534654274,0.3276413933511203,0.008372045122087002,7.524144172668457,16.78732681274414,0.006132675597330152,0.19444380926588126,0.188334748057194,0.5441566005309937,0.005180044565349817,8.72765827178955,18.863510131835938,0.004191255277379717,0.08558875128692497,0.07471076871580708,0.8038904694746154,0.002177039859816432,8.503416061401367,21.377079010009766,0.0012102337643075667,0.1292157059289431,0.12208115703165608,1.1660411334904737,0.002404710976406932,8.750860214233398,16.600521087646484,0.0010281899915860768,0.22228364762386826,0.2007123684394251,1.8478472548449227,0.005329154897481203,11.80337142944336,14.389013290405273,0.0008302548205886026
gov_report:117,gov_report,replication,64,32,32,physical_delete_age_4,age,4,0,False,1.905459178520554e-06,0.04915131998171231,0.05017915693525917,0.5820738432542039,93,128,129,128,,1.9043897722981917e-06,1.241267677432117e-07,2.869740724981273e-08,5.2009087187923706e-08,5.745353058422877e-08,1.5709467516330779e-06,6.777303740488507e-10,6.437727178547144e-10,1.0639989646726233e-09,5.555768957783207e-07,6.477387761572498e-10,8.142270008545176e-07,1.9577682965134675e-10,8.010962586660309e-07,3.565462130094653e-11,8.14962359108035e-07,6.679949972631695e-07,1.570835811120354e-06,3.0809073070770312e-09,1.6255157652162808e-06,5.2634133709242894e-08,1.8836260900974694e-06,2.7189186389402095e-08,1.961561879408876e-06,0.0024594391529602043,0.0033490933782118317,0.0033579550445962275,0.00012733311450574547,3.5669851303100586,778.8583984375,0.00026528084193864484,0.008440112619850629,0.007982056391862103,0.19071271640840784,0.00023024457914289087,7.620412826538086,18.461536407470703,0.0003098792394612714,0.004535625343927297,0.004845053001588049,0.1405023989022907,0.00010058825864689425,6.296531677246094,33.97175979614258,0.00013795506426028401,0.001900839614860231,0.002270550187782573,0.12374140629704038,4.002091372967698e-05,8.479736328125,18.977916717529297,6.0382761556654285e-05,0.000528924278812825,0.00046321893526048385,0.11198724767025041,1.3141564522811677e-05,9.230497360229492,19.743364334106445,1.030860649466091e-05,0.003967347654366748,0.0038895226057689,0.11736629726959653,3.903163087670691e-05,10.128425598144531,23.026649475097656,6.300606546353378e-05,0.0218762372584966,0.022417910285592427,0.14010265753575502,0.00021801992261316627,11.252368927001953,19.28680992126465,0.00018880776975224595,0.027304857202806027,0.02548049867128013,0.16877956550164386,0.00028933127759955823,19.834800720214844,15.525497436523438,0.00010540111213533147
gov_report:117,gov_report,replication,64,32,32,physical_delete_random_74,random,74,0,False,2.018415517864025e-05,0.30681020045746304,0.2918855172471988,1.790613155493881,93,128,129,128,,1.9983684970418332e-05,2.4751053544290916e-06,1.4236152307819857e-06,4.457294459405435e-07,1.1449868590102422e-06,5.694663023262015e-06,1.1884645219370455e-08,1.1884919739416433e-08,6.275930356184213e-07,2.973428427974602e-07,1.4113468908175748e-08,2.509656514672791e-07,2.948642676184175e-07,5.030981423758316e-07,3.098827676348936e-07,1.1845471305760145e-06,3.118699625441056e-06,5.694113061083055e-06,1.1027258837267471e-07,5.390017747950978e-06,4.1178660020530693e-07,7.174742801992166e-06,8.385245018148181e-07,1.977405637418252e-05,0.018673378760443473,0.0216318113447556,0.02163337073556799,0.0008350810967385769,4.1365556716918945,778.963623046875,0.0017134503216684367,0.23700658722805754,0.21005793148310464,0.21382982902500478,0.003736274316906929,6.756214141845703,17.685527801513672,0.008154864969026749,0.031175155703564387,0.026145465707331353,0.1256420608210957,0.001076358836144209,5.087098121643066,32.429317474365234,0.0007444499369950599,0.08388205822774017,0.07925290820605359,0.13407519361573692,0.0013496699975803494,6.695220947265625,17.15599250793457,0.0021076431098627636,0.09685509443307644,0.08232755304283537,0.1582726173092893,0.0029575966764241457,9.560831069946289,18.441360473632812,0.0018321408806608265,0.028076678608336285,0.02745847229625862,0.17862899790645925,0.0005782246589660645,9.243738174438477,21.540359497070312,0.0004447975955868482,0.10512725050608794,0.09694543836342019,0.24522124338760135,0.0014956049853935838,9.264607429504395,17.054719924926758,0.0008164923390212184,0.12749315696771232,0.1301357470290878,0.569406490076995,0.0031078176107257605,12.353940963745117,14.361738204956055,0.0005383117749138975
synthetic_niah_116,niah_single_1,replication,64,32,32,physical_delete_attention_84,attention,84,0,False,1.990867813531701e-07,0.000632919863562702,0.000708841955635294,0.023072429606204942,93,128,129,128,0.0,1.9985578851946552e-07,4.516051280422805e-08,6.698049013225669e-11,4.878124872621388e-10,7.142729794758093e-10,5.5602176145365465e-08,1.1980696862369447e-10,1.1152437942919131e-10,8.989150881128634e-12,7.193564228114931e-10,5.288570727599201e-11,7.157373544092427e-10,4.755723362982782e-11,1.3536007187590503e-09,1.995903216261493e-11,3.6742375674028304e-09,1.627618287164217e-09,5.5754896953729696e-08,4.5103546816276386e-08,1.385578190911884e-07,7.170077563981104e-10,1.9766297698105154e-07,9.423275696184118e-12,1.98139245292814e-07,0.001146090592635164,0.0017581610477059005,0.0017571594925403936,0.00011464338604127988,3.605106830596924,779.23828125,0.0001100750300045859,0.0003848074309506553,0.0003900380518321348,0.008469483701465544,8.736111340112984e-06,7.175924301147461,21.891307830810547,1.1474623389995485e-05,0.0011451329294441205,0.0010789044562373846,0.006202452743822343,3.899873627233319e-05,6.544585227966309,33.058616638183594,2.6260525971726977e-05,0.00043329456229298136,0.0004167341381042259,0.00584617382839519,1.0115793884324376e-05,8.16086483001709,24.341474533081055,1.0907127761889226e-05,0.00040264690785228846,0.0003565098285840529,0.004984022432967547,8.221213647630066e-06,10.548833847045898,25.900789260864258,7.504124688538223e-06,0.008854754953782153,0.009739483598108842,0.024913131316586037,9.810508345253766e-05,10.611759185791016,26.165393829345703,0.0001706339273390333,0.002428166414807573,0.0023807563535743113,0.03175088495571711,4.8106787289725617e-05,11.866604804992676,23.881771087646484,2.2014691694857274e-05,0.000539256067654973,0.0004232024046211482,0.06097434552594324,7.383927822957048e-06,15.365121841430664,22.669357299804688,1.5507351777345123e-06
synthetic_niah_116,niah_single_1,replication,64,32,32,physical_delete_value_norm_24,value_norm,24,0,False,0.0007822686365818437,1.4828957850181608,1.4430268831969675,18.428638276535917,93,128,129,128,,0.0007736234635093171,2.8994793849532402e-05,3.650049458201062e-05,6.442194639014274e-06,1.3418159923420277e-05,0.00010375278555414943,3.8271613601973993e-10,3.722385476058621e-10,6.774621361138079e-08,5.879365013637076e-07,1.5112874320218242e-08,1.4626258171203601e-06,3.328644892329485e-08,1.6211389638582735e-06,2.2656196757012614e-06,7.488248788445903e-05,8.529084861213853e-06,0.00010373221972469768,3.1416685266717e-05,4.480817211491154e-05,6.411892635988349e-06,0.00023451407691255782,2.3558269189044882e-05,0.0006152774034514016,0.0020672899314412687,0.0030945159028148705,0.003084059361922537,0.00019268020696472377,3.519266128540039,779.1580810546875,0.00019374159795911618,0.046630201680710935,0.04794889148090074,0.20356993213145846,0.0013881229097023606,4.169556140899658,15.419534683227539,0.0014106199872721467,0.01739073560701748,0.015841748477675784,0.1446620923576042,0.0006065689376555383,5.18339729309082,32.840999603271484,0.00038558803324104405,0.024462530115191745,0.02273233366222052,0.12351772687111288,0.0010816070716828108,6.132535934448242,16.047853469848633,0.0005949703777752978,0.14103691293050566,0.12256026018375409,0.5316579442651849,0.0037108873948454857,8.330575942993164,15.186332702636719,0.0025797534893536363,0.14646293106464178,0.1740704627012452,0.6099164163807723,0.0037300337571650743,6.347468376159668,19.326704025268555,0.0030496818835655326,0.21202428983993718,0.21351046180996738,0.9333587312207686,0.005630605388432741,7.168334007263184,16.52153205871582,0.001974316684408385,0.5386520563622228,0.5250302614685599,1.9078978014941324,0.016247494146227837,9.333333969116211,13.7108154296875,0.00192386169583158
synthetic_niah_116,niah_single_1,replication,64,32,32,physical_delete_aov_66,aov,66,1,True,1.7062488448829052e-07,0.0009149192120983737,0.0008398961103587211,0.022475780887429728,93,128,129,128,,1.7149432134071902e-07,4.7438435800011125e-08,1.6775685573547383e-09,1.4140315819662372e-09,2.133488554046666e-09,1.2403050594153727e-08,2.0128051633468234e-09,1.9886762908958317e-09,8.00393386729095e-12,2.2166489432880703e-09,2.153517456955219e-10,2.4071002673635097e-09,3.6080771497844654e-11,4.474430770264143e-09,1.8946226552736977e-11,1.1345574450264653e-08,2.273266059243359e-09,1.2404704418193926e-08,6.15326989479442e-08,7.714860391185457e-08,1.757263112476878e-09,1.6701887723855838e-07,3.086189276428993e-11,1.7009141031785276e-07,0.0038254824089535727,0.0054135145009545525,0.005415129620366773,0.00014326957170851529,3.605106830596924,779.2382202148438,0.000338929571838923,0.0005001609607505702,0.0005101794310018961,0.01187068277356452,1.4141751307761297e-05,7.160902500152588,21.1774845123291,1.5009091560606114e-05,0.0023844129378634044,0.0022615234001509893,0.00857017599170042,6.568937533302233e-05,6.513489723205566,33.073646545410156,5.504546175705702e-05,0.00043326675120136795,0.00039775705007842144,0.008161988568818366,8.532945685146842e-06,8.182523727416992,23.63412857055664,1.0410442934033103e-05,0.00045543908992452586,0.0003874653037878779,0.00664490536806991,8.638369763502851e-06,10.999448776245117,25.233280181884766,8.155702084440758e-06,0.00900468864407114,0.009860702538129111,0.017751342759720793,0.00010440160258440301,10.600218772888184,26.174297332763672,0.000172757660450258,0.003437974782409324,0.0033666445637336754,0.031238261485101948,7.89018304203637e-05,11.44443130493164,23.14698028564453,3.1131132761860225e-05,0.0011345590278069155,0.0010003992136769833,0.0599735009750393,1.6298587070195936e-05,15.716611862182617,21.932926177978516,3.665750089051642e-06
synthetic_niah_116,niah_single_1,replication,64,32,32,physical_delete_aor_48,aor,48,2,True,4.58827609073261e-07,0.0021870325875132583,0.0021482490436696942,0.06377966435516583,93,128,129,128,,4.601561999659177e-07,5.960275309302832e-08,1.6938709094274258e-09,6.655446182632829e-09,8.405688765714485e-09,1.5972605636964518e-07,1.958567270701872e-09,1.9463504369924853e-09,1.4709249643684933e-11,2.441325875310351e-09,4.376194097846018e-10,3.7953055762442265e-09,2.917792584617865e-10,5.015978995864531e-08,6.876235009009221e-10,1.266391564472528e-07,1.5515027785225465e-08,1.5983073372357465e-07,9.100490541578987e-08,2.3345496992896897e-07,6.978431527507873e-09,4.586360069171907e-07,2.4497288832293565e-10,4.630817782849618e-07,0.003770586073519747,0.005401941677607766,0.005403912836928461,0.00012071965466020629,3.605106830596924,779.23828125,0.0003382050199676383,0.0008381949616005257,0.0008091469720059956,0.013832696167078702,2.3008391508483328e-05,7.153000354766846,20.176959991455078,2.380448965763977e-05,0.0031156181944072495,0.0030246286282637693,0.01021048974038255,7.486803224310279e-05,6.454477310180664,33.01234817504883,7.36194370021895e-05,0.002198236189857603,0.0019540125498931503,0.017258622256330184,2.8966343961656094e-05,8.144197463989258,21.892114639282227,5.11421133554679e-05,0.001979477906757159,0.0016474259874250674,0.013631986150144966,2.891624899348244e-05,11.378799438476562,23.658077239990234,3.467643535628711e-05,0.010005204808448454,0.010906706120665941,0.030785236062184227,0.00013558240607380867,10.455628395080566,25.29393768310547,0.00019108344718227885,0.00463440891151001,0.004874020733702091,0.05002101055705737,9.08680958673358e-05,11.10141372680664,22.191856384277344,4.5069737441086865e-05,0.0022818828478571402,0.002125692550300741,0.09708589881492381,3.5872639273293316e-05,15.852449417114258,21.08913230895996,7.789148121099361e-06
synthetic_niah_116,niah_single_1,replication,64,32,32,physical_delete_v_ridge_74,v_ridge,74,0,False,2.1730204156377212e-05,0.03987249570989069,0.042659767655015224,1.117113815392027,93,128,129,128,,2.1992409780893736e-05,8.02231917299733e-06,1.282629684428208e-06,2.6000637363580515e-07,2.6544358809877354e-07,6.281737993830085e-08,2.483972733375805e-09,2.509499680406131e-09,5.1097089377685165e-12,1.718727221952046e-09,4.4109750994721753e-10,2.6556518273785523e-09,2.8036307460522578e-12,1.6059580781217704e-09,7.835108014174287e-11,1.1547976145786425e-09,1.7018400730365007e-09,6.264386821243961e-08,3.1489981909951378e-06,3.85077264821401e-06,2.6509963383975106e-07,1.0211865993840522e-05,1.2658961304265058e-06,2.05558270751842e-05,0.003630619494426495,0.005506340141958771,0.005506793670157727,9.4136870757211e-05,4.92659854888916,778.4987182617188,0.0003447412039599206,0.00047755365776245125,0.000482152942014416,0.007982873915585552,8.216667083615903e-06,7.088335990905762,21.978317260742188,1.4184573530725279e-05,0.0016411331959403125,0.002119086457232699,0.005309866627976872,5.380290895118378e-05,6.326544284820557,33.85591125488281,5.1578547687683515e-05,0.000249493710262066,0.00022709709581216847,0.0042690553809122235,4.306059054215439e-06,9.123833656311035,24.42937469482422,5.943782406801106e-06,0.000863535970718122,0.0008201668317111266,0.00452115408739439,1.6601357856416143e-05,11.328709602355957,22.090229034423828,1.7263575018416597e-05,0.06560488939041198,0.07549508665990325,0.08156240048719719,0.0006443181773647666,10.548992156982422,25.277250289916992,0.0013226597695673837,0.06254298681043406,0.06433491734652595,0.19685246940546672,0.0005799976643174887,13.781806945800781,22.331607818603516,0.0005949005947087085,0.09970173436571853,0.10099533401529479,0.5074038043006347,0.0003311160544399172,36.90471649169922,19.948440551757812,0.00037007591529345993
synthetic_niah_116,niah_single_1,replication,64,32,32,physical_delete_key_query_33,key_query,33,1,True,0.0004094051318226464,1.341687821965099,1.3183870780750733,11.974368059711438,93,128,129,128,,0.00039870937518172306,0.00017517858101172182,2.1428249947864257e-05,9.473684835650288e-06,8.647871206343694e-06,3.513304431853768e-06,7.84679730942493e-10,7.567681971155156e-10,2.304187195394289e-08,9.584406301433885e-08,4.206558363746617e-09,1.4873565571666124e-07,4.801525886034119e-09,1.4966333552780413e-07,2.428410432478244e-07,2.4302505996016597e-06,2.746379901336403e-06,3.5122187707148714e-06,0.00016900398908242207,0.00019309939700732582,9.501498453188097e-06,0.0002149501071571562,2.223962439262372e-05,0.00027237702211872685,0.002823461298914809,0.004704781473262272,0.004695243544311232,0.00019895510922651738,3.609076499938965,779.1220703125,0.00029455718093067065,0.045393139477212824,0.04813507233446212,0.06266972429180001,0.0010196537477895617,4.29323673248291,17.043724060058594,0.0014160972866459117,0.008204026799920723,0.007387001293583508,0.03873508876674754,0.00032401710632257164,5.0304155349731445,32.52262878417969,0.00017979955333565593,0.006581063728885855,0.0058777546022305595,0.035625870447603535,0.0001339875889243558,5.698949813842773,18.12371063232422,0.00015383769779745576,0.04823883331197456,0.042887482747091345,0.10449136209662983,0.000791942875366658,9.167121887207031,21.021228790283203,0.0009027325260286,0.33449453479944463,0.3874921724061302,0.4451832012967346,0.0059880283661186695,7.451329231262207,21.19512176513672,0.006788790239723846,0.19746143978005057,0.18863004158264765,0.7921420105005864,0.004967309068888426,8.189162254333496,17.96274757385254,0.001744249134774168,0.5093557391112686,0.5206271358247285,1.6480234924146768,0.013377477414906025,11.243951797485352,14.970094680786133,0.001907727378650687
synthetic_niah_116,niah_single_1,replication,64,32,32,physical_delete_age_4,age,4,0,False,2.6618286191846e-06,0.06959595988420532,0.08309595485186146,1.0356414668527005,93,128,129,128,,2.581753135095827e-06,1.996611793311567e-08,1.496187119085445e-08,1.4355588635878288e-08,9.621637209414826e-09,2.0193142600330037e-06,1.6583040569420728e-10,1.6745874566568006e-10,1.6150466754628897e-09,3.2800565422140353e-06,3.5834954781884356e-09,3.687972555725563e-06,1.4183796977072507e-09,3.8036011906416797e-06,6.310822484811932e-09,2.6174326426200317e-06,1.109878283889185e-06,2.0162432199899677e-06,9.689418577724363e-09,2.101023874884558e-06,6.1142119867372896e-09,2.632420759662922e-06,8.784734882283623e-09,2.7597674167886095e-06,0.0014489199462640638,0.0020614568657325682,0.0020623733549601873,6.285141716944054e-05,3.5669851303100586,778.8583984375,0.00012906378892010902,0.007719197353989336,0.007612631609461533,0.29153909422144847,0.0001974678016267717,7.620412826538086,18.461536407470703,0.00022395784286949777,0.006516187087406208,0.006259274652030531,0.1928957387773007,9.239794599125162e-05,6.296531677246094,33.97175979614258,0.00015235069575767363,0.0017227905302518132,0.0016520358993834514,0.15607491083421615,4.953705138177611e-05,8.479736328125,18.977916717529297,4.323851821637013e-05,0.008423794932863035,0.007021469943513196,0.14263199910403426,0.0001915402099257335,9.230497360229492,19.743364334106445,0.00014779392243466285,0.005386461534611437,0.005331421782940209,0.14223007315166453,7.213534991024062e-05,10.128425598144531,23.026649475097656,9.340551046264953e-05,0.010789138427652752,0.010399873216178478,0.15375118979583713,0.000148350081872195,11.252368927001953,19.28680992126465,9.616691862484897e-05,0.01576054186111352,0.01593778390622905,0.2133456097154632,0.00019347247143741697,19.834800720214844,15.525497436523438,5.8400618447916275e-05
synthetic_niah_116,niah_single_1,replication,64,32,32,physical_delete_random_62,random,62,0,False,3.2792514815840586e-06,0.009702363444519413,0.010893010456998888,0.14466676065637507,93,128,129,128,,3.2797392914037235e-06,1.0004941948948292e-06,7.849116267113564e-09,2.731212719371136e-07,2.7446085985102425e-07,3.7679347117798795e-08,2.0028712033565998e-09,1.9672476982342753e-09,3.541395080128862e-12,3.669584324862181e-09,6.047495438959628e-11,3.382418175516454e-09,7.533859471423424e-12,4.167657105557022e-09,1.2340594583340527e-10,8.72505002579516e-09,1.9732762876530068e-09,3.788177125211442e-08,1.0176915668273713e-06,1.185531717659414e-06,2.714966031439917e-07,2.912641696922909e-06,6.561194836131333e-09,3.070337373643978e-06,0.003784911159618158,0.005394801137066055,0.005397536219013039,0.0001311675296165049,3.605106830596924,779.23828125,0.00033775796466778196,0.0002604409104971503,0.0002741164527899277,0.015350725901240958,1.1666509635688271e-05,6.368405342102051,21.60030174255371,8.064297947318259e-06,0.0014388244182541182,0.001453407419545514,0.01002920281696351,5.261057231109589e-05,5.897830963134766,32.910003662109375,3.537592515057511e-05,0.00022555044646656734,0.00020055480234984266,0.008120414419498666,2.892569682444446e-06,9.128288269042969,23.64157485961914,5.249094452499794e-06,0.0009278145194801407,0.0007955917413967528,0.007266895454611034,2.151127227989491e-05,10.354846954345703,21.274322509765625,1.674629743680381e-05,0.02880120652731353,0.0321898580473435,0.03553451361257183,0.0003914471308235079,9.944204330444336,25.056825637817383,0.0005639602802114421,0.018635957947240923,0.01961704455297113,0.10379697137391974,0.00035867784754373133,10.513650894165039,22.36150360107422,0.0001813974736010124,0.01801712258364783,0.017994026194481327,0.15682664306810717,0.00020912014588247985,16.904327392578125,20.318275451660156,6.593528085890289e-05
synthetic_niah_117,niah_single_1,replication,64,32,32,physical_delete_attention_93,attention,93,0,False,4.826978365696913e-09,0.00042420255277214386,0.00041223942188473684,0.003965066275537846,93,128,129,128,0.0,4.921245768639661e-09,1.389796287627761e-10,6.767106486576526e-12,5.178368131729035e-11,3.72517376471914e-12,5.6291330522417196e-09,2.995625636572496e-12,3.175262598983661e-12,8.517126657582888e-13,3.4649215287859032e-09,5.7223152729251935e-11,3.6183822793119027e-09,2.6218339073879473e-11,4.8069026746771874e-09,1.0303055320607262e-12,5.090465669639466e-09,6.022629539801661e-12,5.6032853707670225e-09,1.9902553894443138e-11,5.322312026835082e-09,3.442794390450485e-12,4.364901609274145e-09,3.6490596613762796e-12,4.885448116402117e-09,0.0005275941596161681,0.0006802697999441815,0.0006865193281934474,8.246374636655673e-05,3.605106830596924,779.23828125,3.6846939713006566e-05,0.0001865761876805048,0.00017055953490664047,0.0163331647130122,5.249990863376297e-06,7.228839874267578,22.152610778808594,4.233961485942251e-06,0.0008010924891283336,0.0006968595603252956,0.009462959785680269,2.6836030883714557e-05,6.50049352645874,33.01581573486328,1.6182018474599616e-05,0.0008838047772520616,0.0007635733541479609,0.008789528501817393,2.699324431887362e-05,8.273910522460938,24.451847076416016,1.83798021894797e-05,6.91512112283091e-05,5.591314686035354e-05,0.008640816012439831,1.478899775975151e-06,10.443340301513672,26.052017211914062,9.997220418666887e-07,0.00041308472409714534,0.00039938103885117095,0.00820034784164641,8.824884389468934e-06,10.51605224609375,25.937763214111328,5.609011516058913e-06,0.0004989288112504729,0.00047863267790194226,0.012016538258546152,1.0184627171838656e-05,11.849374771118164,23.818580627441406,3.621740270140723e-06,0.0006847684940532201,0.00048220703595108484,0.015674635990312283,7.384483978967182e-06,15.185367584228516,22.531442642211914,2.09002885541892e-06
synthetic_niah_117,niah_single_1,replication,64,32,32,physical_delete_value_norm_24,value_norm,24,0,False,7.935375688827728e-06,0.10661710992285704,0.09716824391714267,0.961047622522228,93,128,129,128,,7.934815397076555e-06,7.173730122464028e-07,5.370980397979445e-08,4.65082894841473e-08,1.2058507064967216e-07,4.815554832025173e-06,1.56045441687841e-11,2.4276810550546083e-11,2.8215184032610792e-09,6.7226159669811305e-09,7.476449708366396e-09,1.4640777493307585e-08,1.5629384726957915e-07,3.4098343142525663e-07,5.565053612437777e-08,1.8602087167070686e-06,2.9271933988579797e-08,4.818030295017031e-06,1.5682285311873848e-07,4.7203897970916505e-06,3.36906409186116e-08,6.6380791434760065e-06,1.641595527196865e-08,6.417864591803048e-06,0.000610329387022434,0.000750325691763695,0.0007415990631196853,6.74809780321084e-05,3.519266128540039,779.1580810546875,4.064153006910694e-05,0.018031692800467892,0.01632428148516748,0.037581453186805794,0.0005118125700391829,4.169556140899658,15.419534683227539,0.0004052331588011872,0.014168310473530331,0.012536377815106301,0.028157789973641576,0.0005285156075842679,5.18339729309082,32.840999603271484,0.00029111159401173117,0.06865104951133945,0.05448083742956066,0.08672966114268925,0.0026268705260008574,6.132535934448242,16.047853469848633,0.0013113959642945992,0.03027701959270857,0.02550166413100816,0.1266790499719212,0.0007291786023415625,8.330575942993164,15.186332702636719,0.00045596746324659955,0.03789300340026705,0.034439964026280225,0.1604850843559315,0.0011242463951930404,6.347468376159668,19.326704025268555,0.00048368384085466476,0.051038629012028096,0.05553806343825589,0.26880111297260795,0.0012187131214886904,7.168334007263184,16.52153205871582,0.0004202480318762733,0.06672808108771197,0.0665416161199814,0.3536202957617559,0.0024643559008836746,9.333333969116211,13.7108154296875,0.00028841117488604534
synthetic_niah_117,niah_single_1,replication,64,32,32,physical_delete_aov_84,aov,84,1,True,7.82860781104576e-09,0.0003535064345370272,0.00033304773423779144,0.0032910060859077488,93,128,129,128,,7.951586076267374e-09,2.453013785190327e-10,3.890318276364728e-12,2.999187317950575e-11,5.4851199028124035e-12,1.0136183922191644e-08,2.392536938124139e-12,2.0468904181174754e-12,5.749582484238546e-13,2.513293687759646e-09,2.335154570825777e-11,2.5062017034747566e-09,2.0977536915400922e-10,4.068164387195509e-09,1.1708590117425194e-12,7.402647686310239e-09,1.0078281739704985e-11,1.0160565280398734e-08,3.126409812631206e-11,9.897386689988959e-09,4.9711888154161114e-12,7.429292837724565e-09,2.9039048169746926e-12,8.205227569784865e-09,0.00044790008452420425,0.0005668593004994399,0.0005701358362193203,6.559152825502679e-05,3.605106830596924,779.23828125,3.070403900477985e-05,0.00015416746078579112,0.0001431306756454442,0.013610661654176681,4.433875801623799e-06,7.175924301147461,21.891307830810547,3.5530688358842923e-06,0.0007380776990767411,0.0006394785648696217,0.00791828076049808,3.294557609478943e-05,6.544585227966309,33.058616638183594,1.4849554400889864e-05,0.0021083536030370954,0.0018285022566630067,0.007699924418573619,7.728888158453628e-05,8.16086483001709,24.341474533081055,4.40134658941635e-05,0.00015348988880339832,0.00012375529247157842,0.008291261906964848,3.1366234907181934e-06,10.548833847045898,25.900789260864258,2.2127335095357097e-06,0.0006438913318290498,0.0006001397583222648,0.008011039467895668,1.6862040865817107e-05,10.611759185791016,26.165393829345703,8.428519354242063e-06,0.0006013979243021309,0.000570515344589834,0.011743998069338011,1.2214116395625751e-05,11.866604804992676,23.881771087646484,4.3170023561523905e-06,0.0005508224829388179,0.0003689147065517076,0.015211733543207408,6.147586191218579e-06,15.365121841430664,22.669357299804688,1.5989861706615307e-06
synthetic_niah_117,niah_single_1,replication,64,32,32,physical_delete_aor_75,aor,75,2,True,3.143524119018967e-09,0.0002853577985725197,0.00026949366964271426,0.002680374136161002,93,128,129,128,,3.144077820262358e-09,6.344404138366197e-10,1.1418369977976239e-11,1.914464948975363e-10,9.297465814230829e-12,5.0029297256631736e-09,3.336036988530538e-12,5.36045471181165e-12,2.5801886468719226e-13,1.88680236220073e-09,1.532981217467029e-10,2.2106516617694216e-09,1.8177542724561458e-10,3.791095952653996e-09,3.919931144108269e-12,4.5441148865498475e-09,6.124334769106131e-12,5.0787519607944074e-09,5.5037980724800825e-11,4.393344540603435e-09,7.371749591233693e-12,2.994059788932055e-09,1.7231624480582742e-12,3.3150832211759034e-09,0.0005344002151768798,0.000685584837913538,0.0006962984529186144,8.328993135364726e-05,3.605106830596924,779.23828125,3.713482972906385e-05,0.00016885393871991078,0.00015385323422606852,0.011601547783010428,4.376748165668687e-06,7.190672874450684,21.669692993164062,3.819245101467879e-06,0.0016811609372328652,0.001505119626144219,0.00686747799158931,5.350002902559936e-05,6.492498397827148,33.041419982910156,3.49509068733718e-05,0.002037463885554808,0.0017779734540344777,0.007007833182556668,7.322792225750163e-05,8.231961250305176,23.96486473083496,4.2797198469248005e-05,0.0001771497647171521,0.00014666219284519032,0.0078045131127300405,3.257983962612343e-06,10.711479187011719,25.57354736328125,2.6223068299488776e-06,0.0006293651814852383,0.0006206973689661242,0.007281652096706337,1.3867117559129838e-05,10.60267448425293,26.282798767089844,8.717235802012715e-06,0.0008667267614598995,0.0008663610826896939,0.011154886459058629,1.5972154869814403e-05,11.763350486755371,23.54751205444336,6.555621808803473e-06,0.0005324588758380744,0.00037181487518195787,0.014166406012720746,6.5320073190378025e-06,15.825553894042969,22.462867736816406,1.6115563649367937e-06
synthetic_niah_117,niah_single_1,replication,64,32,32,physical_delete_v_ridge_74,v_ridge,74,0,False,1.8401376290692835e-08,0.00045038791045388016,0.0004819528022202616,0.004610669152313705,93,128,129,128,,1.8305006375650694e-08,1.6546049584724036e-09,1.6925354819548596e-10,7.08065870837094e-10,1.5603376201866452e-10,1.3018252066113415e-08,1.7118781029919171e-10,1.6872714792765574e-10,6.400824241860175e-13,2.2260704078481363e-10,6.909852785034416e-10,1.0212814410574208e-09,3.7549201664849847e-10,2.384344579424462e-09,1.5107777326670132e-12,8.45770217842565e-09,2.1066373330696474e-12,1.3133616262951638e-08,1.008467974816316e-09,9.892711062403066e-09,1.5079263920518058e-10,1.5869411702352338e-08,2.9268024949010555e-11,1.8818260274372918e-08,0.005531311361269407,0.008068236164912437,0.008082178251590627,0.00015303563850466162,4.92659854888916,778.4987182617188,0.0004370175062647519,0.0002971528494393927,0.00028022153030807863,0.007902990351420584,6.083834250603104e-06,7.088335990905762,21.978317260742188,6.956205453454316e-06,0.00330214020294713,0.0032692549169069224,0.005587441750003483,8.08507829788141e-05,6.326544284820557,33.85591125488281,7.59165066758475e-05,0.0031422293031378016,0.0025588147253305118,0.005186500114711949,4.8818837967701256e-05,9.123833656311035,24.42937469482422,6.159265280227331e-05,0.00026150110773402627,0.0002027485233701504,0.007873434520821853,3.8122450405353447e-06,11.328709602355957,22.090229034423828,3.6251253801775593e-06,0.0019920781014916354,0.0021050770622948185,0.008486983785888783,3.867472696583718e-05,10.548992156982422,25.277250289916992,2.956425151921927e-05,0.003487417700874607,0.003418242876285539,0.017776085148380433,3.0439667170867324e-05,13.781806945800781,22.331607818603516,2.586532104834949e-05,0.0028384112220171545,0.0031056437844791318,0.02482820414516081,1.450230774935335e-05,36.90471649169922,19.948440551757812,1.3460784767297007e-05
synthetic_niah_117,niah_single_1,replication,64,32,32,physical_delete_key_query_41,key_query,41,0,False,0.0001748658953099169,1.096918744981125,0.8846622143802392,16.042495986115217,93,128,129,128,,0.00017114926491607112,3.5989870414821596e-06,6.677881361068049e-07,3.626236539679908e-08,9.644707910953914e-07,0.0002100453170057062,8.1956158473498e-12,7.919208936455532e-12,1.635747666770662e-10,1.7583287094503984e-09,2.441991843576348e-09,6.553695273654073e-08,1.0038952612690527e-06,1.7866537496526462e-05,8.207433163398987e-07,5.2594423623327326e-05,2.494963119194413e-08,0.00021004673664926638,1.3717103392119618e-07,0.0002029476322626335,2.8385278186562158e-08,0.00017725559390451977,1.030702289584575e-07,0.00016896069701684676,0.0012806722934349622,0.001685019455840358,0.0016817839263012229,6.139399920357391e-05,3.1908457279205322,779.73486328125,9.126939092355315e-05,0.005364835382824986,0.004772473329765124,0.012450383080628557,0.00014452690083999187,5.303289890289307,17.127832412719727,0.00011847164265529081,0.01920438644088837,0.016473829618168553,0.033910109370174746,0.0009564536157995462,4.492206573486328,32.79692840576172,0.00038254453322584804,0.18762432956983316,0.14935002895871224,0.39385858949835223,0.005489621311426163,11.055191040039062,17.63402557373047,0.003594970901410319,0.07622842776343045,0.061906798623430785,0.45455276628332736,0.0013540354557335377,11.580015182495117,21.82056999206543,0.0011068879968394397,0.03759929279171446,0.03469526202157754,0.724056285479361,0.0009327679290436208,8.640506744384766,21.355520248413086,0.00048726931251293,0.0462007874418765,0.04499776084307976,1.069222535799076,0.0012727889697998762,6.943716049194336,16.35081672668457,0.0003404911742046395,0.1442284983586127,0.12016456462517747,1.4461090055130745,0.0030168418306857347,11.09400463104248,15.217702865600586,0.0005208289982126038
synthetic_niah_117,niah_single_1,replication,64,32,32,physical_delete_age_4,age,4,0,False,2.3316024491714826e-07,0.011897699275104558,0.011565018875293745,0.1337460831253155,93,128,129,128,,2.3218925644376645e-07,3.365746853253435e-09,5.242473184733846e-10,5.800969152805624e-10,4.3391703376770873e-10,2.1891524929029204e-07,8.542065050187995e-13,9.748347001436969e-13,2.912618052134281e-11,2.2909116524153493e-07,1.703492223458604e-10,2.4305183427242e-07,1.77963791035005e-11,2.4748163005056895e-07,9.973802913855221e-11,1.875731372308207e-07,1.658086768341342e-08,2.192255863041219e-07,2.2777693989619395e-09,2.1377132168611534e-07,3.0441862572156334e-10,2.3344768193678267e-07,9.250884567568175e-10,2.3324145147055355e-07,0.0002444487058282431,0.0003069747537873151,0.0003057350285120498,2.881375257857144e-05,3.5669851303100586,778.8583984375,1.662734439650907e-05,0.002326474548595417,0.002211956248730578,0.09969158364522068,6.023110108799301e-05,7.620412826538086,18.461536407470703,5.490949286910808e-05,0.0025033484960879987,0.002164575963996293,0.05811830406911367,6.257271888898686e-05,6.296531677246094,33.97175979614258,5.026437209631093e-05,0.0007252463547551913,0.0005995961697526913,0.04944257839441818,2.429421328997705e-05,8.479736328125,18.977916717529297,1.443274432476945e-05,0.0010481498576540153,0.0009105728526475721,0.04616167117405897,2.4672821382409893e-05,9.230497360229492,19.743364334106445,1.6280960787107636e-05,0.004808728423908306,0.004716251296466515,0.04823984785821554,9.339297685073689e-05,10.128425598144531,23.026649475097656,6.623626377106586e-05,0.006117950235771232,0.006212536709283054,0.06820016744287202,7.331041706493124e-05,11.252368927001953,19.28680992126465,4.700931511481042e-05,0.0099315296078815,0.009761699728521592,0.09336556456388158,0.00010555840708548203,19.834800720214844,15.525497436523438,4.2310112854957956e-05
synthetic_niah_117,niah_single_1,replication,64,32,32,physical_delete_random_20,random,20,0,False,0.0001467281417220094,3.2528437546501743,2.888735934864375,26.236956095540236,93,128,129,128,,0.0001410822121841594,7.917871686057902e-08,7.19434057514041e-08,2.7223947619467037e-09,1.1741296480947968e-08,0.00016645429280402052,8.105635696568112e-11,7.039237696387953e-11,4.877288755844064e-11,3.441544718321918e-07,2.9738083502191946e-09,4.3714214942589655e-07,3.281320954512201e-10,4.0580644073778693e-07,9.279182572548253e-09,3.5925600361474756e-07,6.628731539184865e-06,0.00016647144395592656,3.479483462866676e-08,0.00016255774199486922,7.327888810254209e-10,0.00016221576178780043,9.096888886167165e-08,0.00015521420845101414,0.00213121956645269,0.002730788344080569,0.0027199741346838977,0.0001328322832705453,3.102302074432373,778.75634765625,0.0001479136564515639,0.003087417436380345,0.0026852177230197102,0.13160151434006467,8.18006883491762e-05,6.911189079284668,16.469003677368164,6.665771237508436e-05,0.014023736113266396,0.012446702815301882,0.07891655933958991,0.0003581584896892309,5.168752670288086,34.38236618041992,0.00028902921961929633,0.004153006617808165,0.003477942561441761,0.0854435953435265,0.0001536043855594471,9.051709175109863,18.007665634155273,8.371677188369398e-05,0.009352266745680342,0.007753243754404939,0.07816706940693277,0.00020975565712433308,11.044252395629883,20.543903350830078,0.00013862730167204986,0.01930052016179112,0.01851705134709321,1.2012495549683035,0.0004036227473989129,9.646291732788086,21.10961151123047,0.0002600583005844808,0.007825669724819082,0.007895347792700094,1.3286902958086455,0.000158695547725074,10.523124694824219,18.27403450012207,5.9742889208761566e-05,0.13759565044592476,0.12096513152657701,1.8994560298947738,0.0029924800619482994,13.875926971435547,11.297719955444336,0.0005242988935062678
