sample_id,task,stage,target_anchor,candidate_pool_variant,history_start_anchor,history_length,candidate_id,candidate_source,deleted_position,candidate_raw_rank,candidate_deduplicated,exact_physical_kl,action_only_risk,adjacent_only_risk,dense_actual_boundary_energy,eligible_count,cache_length_prequery,cache_length_baseline,cache_length_candidate,candidate_replay_max_abs_error,multi_all_endpoint_risk,multi_uniform8_endpoint_risk,multi_inherited3_endpoint_risk,multi_pair_endpoint_risk,multi_three_endpoint_risk,probe_b18_path_k1_risk,theory_b1_risk,probe_b1_risk,theory_b5_risk,probe_b5_risk,theory_b8_risk,probe_b8_risk,theory_b11_risk,probe_b11_risk,theory_b15_risk,probe_b15_risk,theory_b18_risk,probe_b18_risk,theory_b19_risk,probe_b19_risk,theory_b23_risk,probe_b23_risk,theory_b27_risk,probe_b27_risk,b1_theory_u_norm,b1_local_r_norm,b1_actual_boundary_norm,b1_deleted_attention_mass_mean,b1_deleted_value_norm,b1_deleted_key_norm,b1_action_state_ratio,b5_theory_u_norm,b5_local_r_norm,b5_actual_boundary_norm,b5_deleted_attention_mass_mean,b5_deleted_value_norm,b5_deleted_key_norm,b5_action_state_ratio,b8_theory_u_norm,b8_local_r_norm,b8_actual_boundary_norm,b8_deleted_attention_mass_mean,b8_deleted_value_norm,b8_deleted_key_norm,b8_action_state_ratio,b11_theory_u_norm,b11_local_r_norm,b11_actual_boundary_norm,b11_deleted_attention_mass_mean,b11_deleted_value_norm,b11_deleted_key_norm,b11_action_state_ratio,b15_theory_u_norm,b15_local_r_norm,b15_actual_boundary_norm,b15_deleted_attention_mass_mean,b15_deleted_value_norm,b15_deleted_key_norm,b15_action_state_ratio,b19_theory_u_norm,b19_local_r_norm,b19_actual_boundary_norm,b19_deleted_attention_mass_mean,b19_deleted_value_norm,b19_deleted_key_norm,b19_action_state_ratio,b23_theory_u_norm,b23_local_r_norm,b23_actual_boundary_norm,b23_deleted_attention_mass_mean,b23_deleted_value_norm,b23_deleted_key_norm,b23_action_state_ratio,b27_theory_u_norm,b27_local_r_norm,b27_actual_boundary_norm,b27_deleted_attention_mass_mean,b27_deleted_value_norm,b27_deleted_key_norm,b27_action_state_ratio
gov_report:122,gov_report,scope_budget,64,primary_low_importance,32,32,physical_delete_attention_13,attention,13,0,False,1.7510808261706574e-08,8.189031057760704e-05,7.455108208619742e-05,0.0018430505043712832,61,96,97,96,0.0,1.7944928195873613e-08,4.0623191637156855e-11,3.2426540916821714e-11,2.0143852228553488e-11,8.550747524927881e-11,1.7275911771894557e-08,2.4415423328164992e-11,1.0991258239546667e-11,1.0074746714001123e-10,4.244173165345001e-09,7.977874714386066e-12,4.14582293488729e-09,5.014508335550684e-13,4.229670857482104e-09,6.259548969193368e-13,4.570251254510218e-09,4.929406216452382e-09,1.7311921492585414e-08,8.419298213401176e-12,1.6576478332512514e-08,6.511370811126602e-12,1.7037274476619838e-08,5.095512602720043e-13,1.7353816874795516e-08,0.0001989331526017952,0.00031980345185494237,0.00028746381697395356,1.0098095117427874e-05,4.000922679901123,778.2821655273438,1.5134187257763006e-05,0.0009962920530584944,0.0010533574737219512,0.006636059764984703,2.1521433154703118e-05,5.538603782653809,18.762252807617188,2.522970706315267e-05,0.000509048716591623,0.0005253592750537263,0.005744865742202548,1.441516633349238e-05,5.941125869750977,34.16374588012695,1.1071243955693445e-05,3.5240641113474885e-05,3.6274494316693323e-05,0.005309833636162206,6.663431122433394e-07,8.144611358642578,20.75873374938965,6.34347967858852e-07,1.3736136886602741e-05,1.4081915526470573e-05,0.004772387048807676,2.5414601623197086e-07,10.663002014160156,18.76111602783203,2.3096693228928282e-07,0.0006335128012232986,0.000540418874893654,0.00681509324840108,5.0916428335767705e-06,9.839171409606934,23.22308349609375,7.589577896306598e-06,0.0005557830702046434,0.0005584068569716253,0.009683053159328955,4.92037588628591e-06,11.32736587524414,21.142738342285156,4.295216447510945e-06,0.00016559375597113293,0.00015144236494641736,0.014490289022874518,7.403323820653895e-07,26.67971420288086,18.247100830078125,5.458762679698934e-07
gov_report:122,gov_report,scope_budget,64,primary_low_importance,32,32,physical_delete_value_norm_40,value_norm,40,0,False,1.5047719574302752e-07,0.06612936336445041,0.06319365835566554,0.06990927565678523,61,96,97,96,,1.5073469460526005e-07,3.575109447666566e-08,4.721557222136052e-08,1.7088021445866997e-09,5.021087815873041e-09,2.6275514511205533e-08,5.406887224873778e-11,4.255112122850181e-11,1.2978343094963854e-09,2.2120580925501102e-08,1.4384156178756075e-09,1.923687293765413e-08,2.807421715818675e-13,1.6501227344620516e-08,1.1064768229852216e-12,1.5816398685626057e-08,3.7213704237628307e-09,2.619556041455809e-08,2.4997534270088235e-10,2.7261637007650616e-08,2.1754208889686414e-09,1.5552421824283758e-08,4.57243701590706e-08,6.825290545869078e-08,0.0004889968306066928,0.0008762350908198173,0.0008599026211625485,3.076610664720647e-05,3.67757511138916,779.9898681640625,4.146642529770164e-05,0.007560453318085425,0.008275713365384112,0.018010539504487742,0.00012128819798817858,4.986553192138672,17.6741943359375,0.00019821744199478917,0.005179528057709787,0.005104077067832632,0.017123490397391118,0.0001218998440890573,5.881315231323242,33.388607025146484,0.00010756159654906,0.0001042835915920363,0.0001115279206529877,0.016203407921170733,1.6630284562779707e-06,7.675694465637207,19.346406936645508,1.9503375900456982e-06,0.00029679294363826636,0.0002840779769841509,0.015359683696049486,7.5032207860203926e-06,8.314203262329102,19.711200714111328,4.659353250034704e-06,0.005908291167999269,0.005324878903142686,0.016925159219860483,0.00012578383029904217,7.506573677062988,21.251792907714844,7.478196099600299e-05,0.011634458014101465,0.01225667583061647,0.03316426706700272,0.0002530452038627118,7.750916481018066,16.996646881103516,9.42772728561763e-05,0.07227063767568484,0.06677989710573635,0.08605913903889562,0.0019459923496469855,11.14824104309082,15.250812530517578,0.00024070913723772526
gov_report:122,gov_report,scope_budget,64,primary_low_importance,32,32,physical_delete_aov_14,aov,14,1,True,1.37908004035183e-08,6.937241131384167e-05,6.6591078013139e-05,0.0015630285572100534,61,96,97,96,,1.4321241383988292e-08,9.443070285854167e-11,3.3194986561217114e-11,5.9142780857994994e-12,3.27143701121109e-12,1.2770095570770347e-08,3.2530185722085235e-11,2.9607850447560134e-11,2.239711682133747e-12,2.884054859551643e-09,4.642285107694202e-12,2.866794029536928e-09,5.314083623598918e-13,2.8610240111762516e-09,4.0202083932902277e-13,3.1632958775843384e-09,4.14683244989577e-09,1.2808171499868238e-08,6.88697850182242e-12,1.2882377865441766e-08,2.5810432866713516e-12,1.2914300358722803e-08,8.688034967760152e-13,1.3798196197019439e-08,0.0005426017690840074,0.0008521012802444674,0.0008462901673230536,3.931265382561833e-05,3.5669851303100586,778.8583984375,4.0324331282229915e-05,0.0002061593805137049,0.00022066875420462083,0.007117688499946525,5.968656751065282e-06,7.128814697265625,19.36896324157715,5.285392818167843e-06,0.0002873313944134549,0.00030058757191082865,0.005768155533747242,9.016362128022593e-06,5.726841449737549,33.79312515258789,6.334480986052834e-06,7.632830187806755e-06,9.275779500114032e-06,0.0054723264454586236,1.5549304066553304e-07,7.44852352142334,20.68832015991211,1.6220961827430123e-07,7.256656967621824e-06,9.137255093666404e-06,0.005302555845004498,7.687234671038823e-08,10.04827880859375,20.109291076660156,1.4986624330771673e-07,0.0006223530034076181,0.0005287772540447652,0.006588538350904863,4.570792043523397e-06,10.39979362487793,24.24416732788086,7.426084368643828e-06,0.000531963568615022,0.0005137078831095384,0.008528015051801466,4.702068054029951e-06,11.399269104003906,22.081058502197266,3.951395870592325e-06,0.00026784680231203806,0.00021531639169207053,0.012335880833641486,1.685196934886335e-06,25.282854080200195,18.130268096923828,7.761111520623526e-07
gov_report:122,gov_report,scope_budget,64,primary_low_importance,32,32,physical_delete_aor_36,aor,36,2,True,4.243476613447148e-09,0.00023371705724413712,0.0002421518381469774,0.002486185495250995,61,96,97,96,,4.018680288817359e-09,2.587643382195611e-10,1.959110876311488e-11,2.1926896715876567e-10,6.77422023645238e-11,1.325261535127822e-09,1.1556586266116453e-11,9.824889525660248e-12,1.9856011792210648e-11,9.146191628107964e-10,1.3044373983437066e-10,9.311043175302356e-10,2.0187300831393937e-13,9.778367701877207e-10,6.474194094270371e-13,1.2395591538518004e-09,1.2919323005322138e-10,1.276176804291103e-09,1.3736068838431692e-11,1.5428895283774025e-09,3.254762393379513e-11,1.2583096299042631e-09,8.275906578040738e-12,4.460469505914339e-09,0.0004105990428812676,0.0005779349339340333,0.0005590258391291396,1.9873898054356687e-05,4.183609962463379,778.8078002929688,2.7349847108366596e-05,0.0009110584974192844,0.0008642566827153078,0.009513763413823517,2.2337308109854348e-05,7.265463829040527,19.44835662841797,2.0700420774756877e-05,0.0032515395882775984,0.0033296314800602142,0.007998743983903532,5.8579371398082e-05,6.376445293426514,34.20205307006836,7.016752943884625e-05,5.763226414987551e-05,7.388978027789458e-05,0.007375348789991896,7.840496323296975e-07,7.848747253417969,20.042484283447266,1.2921429463800779e-06,8.644300892720961e-05,7.853282253810242e-05,0.006392469230560975,1.3737256949752918e-06,9.061243057250977,18.450368881225586,1.2880694442136248e-06,0.0006299168153397297,0.0005523827846741847,0.006147363760041064,5.572903319261968e-06,9.202240943908691,21.395496368408203,7.757597611090968e-06,0.0011533469034949915,0.0011607269589419638,0.00891207089289566,5.884041911485838e-06,14.981851577758789,20.802291870117188,8.928209714606386e-06,0.0013433972544778928,0.001475716459147575,0.017606247146597063,4.218034064251697e-06,40.6054801940918,16.07292938232422,5.319242033669e-06
gov_report:122,gov_report,scope_budget,64,primary_low_importance,32,32,physical_delete_v_ridge_57,v_ridge,57,0,False,8.782134932123131e-07,0.245754348580539,0.2643050373445572,0.4747904173886556,61,96,97,96,,8.706927396148138e-07,7.719898031854959e-08,1.212002224123881e-07,3.662793068617386e-09,1.6054048041447765e-08,8.131053044391667e-08,2.7961690948954023e-10,3.2171239646500277e-10,4.264747680452299e-09,7.689816955488841e-08,7.751392462678215e-10,7.909436742874459e-08,2.5036513640954035e-10,1.651391146251566e-07,1.0763592725305027e-09,1.9785808386965035e-07,1.3964384625473957e-07,8.129285053483574e-08,2.154499123754019e-09,9.15599796470602e-08,2.429318866495399e-09,1.7401957500560642e-07,1.406282738656672e-07,4.601706113015273e-07,0.0009500697979109574,0.0015842036638080217,0.0015782905231669407,3.929219383280724e-05,4.464895725250244,778.2316284179688,7.496990655804362e-05,0.009676037585692444,0.010138556758509311,0.02715513550594754,0.0002630984818097204,7.07230281829834,17.09817886352539,0.00024283571668838494,0.010421386660101237,0.010550142370373014,0.031174252548057564,0.0002585006586741656,6.900519371032715,33.53907012939453,0.00022233013767150597,0.0034431855720337616,0.0035194314425210267,0.03911251988001322,7.24060446373187e-05,8.729726791381836,17.548965454101562,6.154583890517136e-05,0.008491797124042237,0.007925084963927983,0.040125172398595144,0.00023908029834274203,8.251632690429688,20.579782485961914,0.00012998462878218524,0.012405268247916698,0.011338074980813923,0.05876776708342018,0.00017373624723404646,9.603605270385742,22.052629470825195,0.0001592305658790799,0.012908052184076533,0.01277210501028669,0.07593781786602388,0.00017519404354970902,10.578393936157227,19.275142669677734,9.824190878857335e-05,0.10929435447809036,0.11692293678385209,0.23353854384789036,0.0006629340350627899,35.84418487548828,16.152271270751953,0.00042145047321620594
gov_report:122,gov_report,scope_budget,64,primary_low_importance,32,32,physical_delete_key_query_47,key_query,47,0,False,1.684215436342963e-05,2.0132632706476423,1.853235727070615,18.443094782933894,61,96,97,96,,1.6527623767034728e-05,9.638929659517626e-07,1.8943242518599195e-08,2.9895060829463236e-07,6.08148192360745e-07,1.532467546634663e-05,1.2561012619430237e-10,1.4301699174342606e-10,3.63860754647858e-07,1.2192318443847715e-06,2.0325796917127062e-08,1.0911724972855936e-06,2.0073071769777047e-08,1.0421658548686924e-06,6.705379734394934e-10,6.097312700037684e-06,7.421759971096276e-06,1.532362407250115e-05,4.894281617817198e-07,1.5359773056445206e-05,3.1138779478801897e-07,1.597397119005499e-05,1.8434640837676605e-08,1.6596616669344293e-05,0.0014780587254580677,0.0019654406939425134,0.0019555500401022244,6.089633461670019e-05,4.985556602478027,778.1181640625,9.301133972639442e-05,0.14825341687675245,0.15813661877521548,0.2023276154339717,0.002989105647429824,6.728945732116699,16.07016944885254,0.0037876415815029235,0.061201633230813964,0.067738665309705,0.26378996961803125,0.001976293046027422,6.264262676239014,33.702476501464844,0.0014275017582969641,0.041750536650790634,0.04338830629070482,0.2901602721839153,0.0012102689361199737,6.859688758850098,17.815549850463867,0.0007587503132105685,0.00806365375208261,0.007400704804536231,0.7144294394617665,0.00018281083612237126,8.205503463745117,16.526390075683594,0.00012138391842140991,0.11679306185796016,0.10821781288488662,0.6441723065794839,0.0021130365785211325,8.583311080932617,20.70094108581543,0.001519797991547581,0.1771271197292615,0.1751697444254161,0.9412005538880114,0.0011817851336672902,13.538286209106445,16.661579132080078,0.0013473902728249765,0.07609564760385114,0.08330939249377435,1.549873444510555,0.0004999588709324598,45.884037017822266,12.659563064575195,0.00030028995042061664
gov_report:122,gov_report,scope_budget,64,primary_low_importance,32,32,physical_delete_age_4,age,4,0,False,4.954608343923082e-07,0.002124669771110506,0.002310295137019653,0.041701347757229563,61,96,97,96,,4.963326467738449e-07,3.634782130481636e-10,3.0037894576492483e-10,2.866609459294622e-11,7.694738060415756e-12,4.5767229080135663e-07,6.732178548218273e-11,5.8076614167917294e-11,1.9257399346521724e-12,1.004130334346796e-08,2.067030830338766e-11,1.0350381594752061e-08,1.858893111450265e-12,1.0304547054151885e-08,3.225455078131259e-13,1.2038834899854027e-08,3.7091811278764384e-07,4.576504266511907e-07,1.7246431126404655e-11,4.5584212892137393e-07,7.050690562301937e-12,4.592566153469903e-07,1.4816362425239453e-10,5.053149231450528e-07,0.0008072271283325407,0.0012782127640432418,0.0012765228510451922,5.294982474879362e-05,3.5669851303100586,778.8583984375,6.0489376253098444e-05,0.0006246865132695198,0.0006397286994823344,0.012823414514507124,1.5633899238309823e-05,7.620412826538086,18.461536407470703,1.5322592842865568e-05,0.0009695902586240888,0.0011968067958926622,0.01092781486274788,2.8307249522185884e-05,6.296531677246094,33.97175979614258,2.5221102271020985e-05,0.00014587054073333236,0.00014535600160246634,0.010285229672182058,3.421783731027972e-06,8.479736328125,18.977916717529297,2.54190405599065e-06,1.652597226399544e-05,1.9141309725134332e-05,0.011251542801971071,2.549668067786115e-07,9.230497360229492,19.743364334106445,3.1394944664331144e-07,0.0012712816358804867,0.0011714103137584443,0.03846347774264447,1.2347124538791832e-05,10.128425598144531,23.026649475097656,1.6451146023639864e-05,0.0010524518483899196,0.0010347165169148373,0.046656862961891796,1.2109780072933063e-05,11.252368927001953,19.28680992126465,7.95894847363896e-06,0.00521347972941022,0.003954781013496943,0.07596293178911293,2.7986940040136687e-05,19.834800720214844,15.525497436523438,1.4255067272950528e-05
gov_report:122,gov_report,scope_budget,64,primary_low_importance,32,32,physical_delete_random_9,random,9,1,True,7.792056280187632e-09,0.0008159404189012297,0.0008091579467095025,0.010479482687678558,61,96,97,96,,8.193256507382345e-09,6.293020130005087e-10,1.171915915623096e-10,5.451670641042802e-10,5.727976720202101e-10,8.980643740999267e-09,4.774451401535236e-11,2.8714119680118656e-11,2.35083859628233e-10,3.5073453457740034e-09,3.0553041301047777e-10,3.3490583843915034e-09,6.057734352976657e-13,4.524524773299725e-09,9.265652977459537e-13,4.5730544291913906e-09,1.7181867295291774e-09,9.092737860965646e-09,6.894228961898783e-11,7.824069070497828e-09,2.4793814333899505e-10,9.574918503659077e-09,2.472452653802705e-11,8.077108310656475e-09,0.0005256566477418104,0.0008092711297109874,0.0007997605971954628,2.4144641429302283e-05,3.60839581489563,778.689453125,3.829746285822717e-05,0.0030642265055181523,0.0033115796271137787,0.019006651879352784,7.750433724140748e-05,8.204062461853027,16.404132843017578,7.931797703315983e-05,0.004057302948944562,0.004488292164947468,0.0179328937524636,9.641265933169052e-05,7.060494899749756,33.451053619384766,9.458475344796988e-05,0.00013471220642932632,0.00014515466977066817,0.017645364611261826,3.4861488984461175e-06,8.693018913269043,18.47051239013672,2.538383278078449e-06,0.00010029937829560843,8.965608183091553e-05,0.015178131437039138,1.0907718888120144e-06,10.949797630310059,20.124526977539062,1.470509473135117e-06,0.0015488340183337924,0.0012818963395141232,0.014788763833878988,1.4688875126012135e-05,10.249578475952148,21.97511863708496,1.800279852484289e-05,0.004392132291692514,0.004376358795722351,0.02134312509480156,3.37134042638354e-05,12.091865539550781,18.558841705322266,3.366256707795227e-05,0.001782249099180255,0.0018274122781857516,0.030874794603752625,1.8922552044386975e-05,23.29620361328125,15.478327751159668,6.586934869983998e-06
gov_report:123,gov_report,scope_budget,64,primary_low_importance,32,32,physical_delete_attention_14,attention,14,0,False,8.052865382091043e-09,0.0003777842220112007,0.00036579477682635006,0.003028623539623864,61,96,97,96,0.0,8.031186818653122e-09,1.06080765225698e-09,5.4558785094001354e-11,1.9624780024756538e-10,9.914125573339657e-11,3.5146967646488265e-09,1.9019845968820232e-11,1.4323816242104897e-11,8.34605728210547e-12,6.74684252481903e-10,1.0018116586083247e-10,1.0844726706554387e-09,5.7165590742895996e-12,4.192738905074205e-09,2.6465653463441695e-11,4.29037158090707e-09,3.4715946116798955e-09,3.5094869370652948e-09,4.0078070427385627e-10,4.705350469930346e-09,9.584633172846319e-11,5.603381421883268e-09,6.565244344642133e-11,6.9138962856926705e-09,0.0006877892235465256,0.0011885029112698555,0.001208884208937997,8.632929529994726e-05,3.5669851303100586,778.8583984375,7.22890298686247e-05,0.001501702213859243,0.0014678462312252487,0.012860930410988115,4.1594848880777135e-05,7.128814697265625,19.36896324157715,4.981518646773595e-05,0.0022833130632567518,0.002550821136985726,0.009863069176959843,7.370240200543776e-05,5.726841449737549,33.79312515258789,7.226679811524257e-05,0.0007240552862693046,0.0006172762428665015,0.010314727931507724,2.2559275748790242e-05,7.44852352142334,20.68832015991211,1.6127642543888298e-05,0.00041051814592255883,0.0003634465530417514,0.00755173214853777,7.602303867315641e-06,10.04827880859375,20.109291076660156,7.640937833503721e-06,0.002200168660385679,0.0019675812719573147,0.008713564628365875,2.1659858248312958e-05,10.39979362487793,24.24416732788086,3.4063089875131455e-05,0.0010759167696939224,0.001149350386700375,0.008833831614796952,1.224228890350787e-05,11.399269104003906,22.081058502197266,9.60611800314891e-06,0.0016015010331032684,0.0015701639282285035,0.013118388175048847,1.6931297068367712e-05,25.282854080200195,18.130268096923828,5.965497780786319e-06
gov_report:123,gov_report,scope_budget,64,primary_low_importance,32,32,physical_delete_value_norm_60,value_norm,60,0,False,0.0009832086596193801,4.009553601760251,3.2195140309377397,87.58381577236173,61,96,97,96,,0.0009574236948795998,1.4813111444048673e-05,5.954244149466612e-06,1.9650080168093697e-06,2.130265745079745e-06,0.0009039985668110959,2.4038929631916623e-10,2.443241421523741e-10,3.236957479441765e-10,7.900186772714274e-09,9.889707139615486e-08,1.0238997075773609e-07,6.233214067222518e-07,8.89344461427248e-07,1.8617537713080132e-07,0.00020636108292376265,4.395424113598869e-06,0.0009038549005709016,1.3189082775715466e-05,0.0007632582295532971,1.5397726227992214e-06,0.0009256529552693982,5.835223606654393e-06,0.001204975480028075,0.004644335965286954,0.006471967001132806,0.0064632631062486595,0.00035777510493062437,3.3373770713806152,780.2392578125,0.00039364835493231257,0.01143822701915956,0.010535182749192693,0.06250622061192994,0.00040925355278886855,5.175782203674316,14.80572509765625,0.0003575388770011931,0.05380443428948344,0.053765622404677124,0.07463737257507619,0.0013859703904017806,5.20591926574707,32.890419006347656,0.001523222982404237,0.3262320032256351,0.2581382429258351,0.26836344910794524,0.011509775184094906,6.865386009216309,16.492456436157227,0.0067444055346799385,0.10710893458546185,0.08114540762912241,0.7432387101650341,0.0022454310674220324,8.308046340942383,17.90374755859375,0.0017059647697283747,0.12569819647369374,0.12027569048819461,1.4915497845939056,0.0026199601124972105,8.36111831665039,21.40391731262207,0.002082232491884456,0.11321402066456952,0.11298350306308486,2.294079855964876,0.0040549105033278465,7.2121477127075195,16.44261932373047,0.0009443011246978992,0.4425423113966776,0.39624148158017036,3.8920034876180116,0.012034240178763866,11.647286415100098,15.739032745361328,0.0015054336916839376
gov_report:123,gov_report,scope_budget,64,primary_low_importance,32,32,physical_delete_aov_15,aov,15,1,True,1.318995340507582e-07,0.008589655497679786,0.008427399113624277,0.04541708048062934,61,96,97,96,,1.317193479556894e-07,2.099953523769269e-08,1.8918918085902858e-08,1.417539313529721e-08,1.4837151649012772e-08,1.8556872539275766e-08,4.379700754181765e-12,4.435099762873092e-12,2.609017541622065e-11,2.0566845097364394e-08,3.661202545176809e-10,2.872479253506857e-08,1.1891518209271967e-10,1.629378475460393e-08,1.3662926043870329e-12,1.542253588483105e-08,2.8539134286372203e-09,1.829871187155665e-08,3.0308714464474333e-10,1.8540798733093346e-08,1.4809152500852705e-08,5.967059796753736e-08,1.9258582844390912e-08,1.303487612145293e-07,0.000808144965687105,0.0012622833342232774,0.0012494990542672015,0.00011043940321542323,3.5796589851379395,779.8387451171875,7.677662106257566e-05,0.001829745905902647,0.0016554660267806807,0.05065030295682344,4.907539187115617e-05,6.929206371307373,18.795398712158203,5.618255309089424e-05,0.007330494017365293,0.00676813308250718,0.03206002377544748,0.00017125038721133024,7.507174491882324,33.749351501464844,0.00019174661053209617,0.0035177518098707997,0.0028368694325739637,0.027032438492920235,7.391410326818004e-05,10.290916442871094,20.111194610595703,7.411919166007968e-05,0.00017745815908538554,0.0001376057162613736,0.022422516965011588,5.4820534387545194e-06,11.527735710144043,20.021392822265625,2.892961054901304e-06,0.001255412372373918,0.0011671452626670145,0.02179389570752305,1.7806705727707595e-05,10.899359703063965,23.144588470458984,2.0205810324679143e-05,0.011981244642368199,0.01138600423785301,0.03181737341468804,0.00014130691124591976,12.869073867797852,19.355884552001953,9.516271239719234e-05,0.028368674620797747,0.02586329818223163,0.07784634531412672,0.00029285982600413263,15.582115173339844,14.851245880126953,9.82619999963879e-05
gov_report:123,gov_report,scope_budget,64,primary_low_importance,32,32,physical_delete_aor_18,aor,18,1,True,4.961045042068595e-07,0.01023128850567514,0.0075998338821326086,0.04290421287116485,61,96,97,96,,4.942700834346741e-07,1.1221142863751502e-08,5.2184289800297245e-09,2.125939059044674e-09,9.797680153515772e-10,2.138807456435372e-07,5.908673629570614e-12,5.691770769380575e-12,3.1955032200868153e-10,1.6125559005938346e-09,1.820210637505762e-09,1.7944529168725077e-08,3.3487587012514646e-09,8.116082295513355e-08,2.00032836682971e-12,1.410830480702899e-07,3.2564166439492514e-08,2.134936079273384e-07,3.673387070394986e-10,2.2683461672009012e-07,3.507711733737385e-10,2.2092019475445485e-07,5.1324053584981015e-09,3.408644735731429e-07,0.0006628435270556811,0.0011098481174249403,0.0011027987120114028,0.00011037243530154228,3.1908457279205322,779.73486328125,6.750496187211428e-05,0.007407008180843748,0.0067803594413442326,0.03410006216876914,0.00015158865426201373,7.107852935791016,17.724145889282227,0.0002301091645048514,0.00926039219409868,0.008494330135147159,0.04874972212447598,0.00019986492407042533,5.491649627685547,33.94053649902344,0.00024065115036889232,0.020876796076030418,0.017155516730792127,0.044208546125544944,0.0003226987028028816,10.26175308227539,19.81529998779297,0.0004482240239881512,4.7825450096960086e-05,3.753219706006164e-05,0.03397263483021675,8.344632647094841e-07,10.835468292236328,21.86777114868164,7.890601302739492e-07,0.001571799327117146,0.0012687454712612472,0.02921596523277705,1.944689756783191e-05,11.225141525268555,23.026330947875977,2.196472980922714e-05,0.0019965063243834085,0.001993146249900466,0.028388599939353023,3.096987711614929e-05,8.901174545288086,19.854877471923828,1.665845184865187e-05,0.022107337425362826,0.013444421096300596,0.04926497114541074,0.0001303053431911394,15.558337211608887,16.348405838012695,5.1079166176250484e-05
gov_report:123,gov_report,scope_budget,64,primary_low_importance,32,32,physical_delete_v_ridge_61,v_ridge,61,0,False,0.029531295278006027,105.1752356505575,103.9911802186816,395.6530652818659,61,96,97,96,,0.017778147720413567,0.003314091705592547,0.0030090083554024797,3.0433072657424414e-05,3.900141416232454e-05,0.00013958001129580646,2.563368591718747e-09,2.566196588599457e-09,7.496265759530458e-10,2.5142297949118622e-08,3.529375978242998e-09,2.7345223509312414e-08,5.052721439280689e-08,8.394149694683367e-08,2.154309666793381e-06,3.672807165365445e-06,1.4314520019868718e-06,0.00013956711077906924,9.446269784866353e-07,0.0001441932560007188,3.052958763495925e-05,0.003145988313107962,0.0029199113809472658,0.006736036960052802,0.01831381126761752,0.025818717137046265,0.025832623216188896,0.00048284747754223645,5.416987419128418,778.0927734375,0.0015703874147816304,0.01630942607766368,0.015731210010552794,0.055294068181116866,0.0003137293679174036,8.238753318786621,15.924654006958008,0.0005338796008521046,0.01986734206887882,0.0205724635880596,0.04158229876096014,0.0003917886351700872,7.568812370300293,34.3558349609375,0.0005828343082527158,0.07272402879212045,0.06503091808320847,0.07204770027406845,0.0016433378914371133,8.21894359588623,18.291690826416016,0.001699069765388154,0.18523893114763335,0.16552774239653953,0.215769758733289,0.005456601735204458,10.109642028808594,17.05570411682129,0.003479981248375969,0.07953164957465167,0.07375417545652992,0.6873572555864477,0.0018149148672819138,9.429166793823242,21.60604476928711,0.0012768443891228985,0.7175673542267784,0.6877402763055664,3.2088769093494083,0.006429909262806177,11.802754402160645,17.19186019897461,0.00574804196018578,5.5055658843437305,5.527382257435078,9.566891834374342,0.029324760660529137,37.24247360229492,13.88870620727539,0.021000091772257323
gov_report:123,gov_report,scope_budget,64,primary_low_importance,32,32,physical_delete_key_query_45,key_query,45,0,False,0.0006063176027950872,4.393451943354792,4.827672651297472,35.4203989948038,61,96,97,96,,0.0005881358804856966,7.645046829533414e-06,7.78585486527867e-06,9.985114531715824e-07,5.405728630062474e-06,0.00010446420908382173,1.9415801937566594e-10,1.8437038302624967e-10,5.574665578070656e-09,7.455188925487683e-08,3.584125464977748e-08,7.797944267972075e-08,9.199680859769922e-07,1.199235740022392e-06,4.3377619730861045e-06,7.507487628116997e-06,1.28597907616165e-05,0.00010444980019821927,8.199782958390254e-07,9.537032177922566e-05,1.0217696231787e-06,0.00029302137811732486,3.005159476483874e-06,0.0005646788865536329,0.005252478720936796,0.007582890802405506,0.007597477312791295,0.00025441934121772647,4.461867809295654,778.58740234375,0.00046121874377230595,0.03256894608300551,0.029918486990176504,0.11800040928481871,0.0009214298916049302,7.617134094238281,16.951614379882812,0.0010153618114372267,0.05823580233341176,0.054734546012359706,0.10391072594243717,0.0015313919866457582,5.236821174621582,33.064632415771484,0.001550673361315646,0.18611918298888222,0.176902591238245,0.20096517618887164,0.006992836017161608,6.717820167541504,16.091867446899414,0.004621952957932038,0.34462148709073903,0.2799702451226637,0.349626472428624,0.006569271441549063,8.031049728393555,16.433929443359375,0.005885969258229077,0.05616042290435947,0.05028333365610277,0.5277792742801964,0.0010152860777452588,8.959033966064453,21.08386993408203,0.0008705133241307906,0.18049661871921033,0.1674539180393195,0.989078197323428,0.0017146122409030795,10.682056427001953,17.18478775024414,0.0013995576243667036,0.27062549410358194,0.2614907182372424,2.929384574854073,0.0054430593736469746,13.920233726501465,14.431432723999023,0.000993477350546724
gov_report:123,gov_report,scope_budget,64,primary_low_importance,32,32,physical_delete_age_4,age,4,0,False,1.1220818521639903e-07,0.01780118165306098,0.017036438597179036,0.09676545118714573,61,96,97,96,,1.1193071627224632e-07,1.8262754550903973e-08,4.66462191611232e-09,7.1084960282254795e-09,3.423933575827966e-09,1.868842404706948e-07,3.873199700330181e-11,4.13316358601192e-11,4.64597975697932e-11,2.786521459709597e-08,2.2151809388320105e-09,3.104772424469861e-08,1.297079942955389e-10,3.7774533292192544e-08,1.6737465557516284e-11,6.918903001852241e-08,9.509991443861193e-08,1.8766045200683558e-07,1.8121866595778622e-09,1.9317387893069313e-07,3.530673278584516e-09,1.6318768795905845e-07,4.54011048859755e-09,1.7463313271209922e-07,0.0018887891563029865,0.002605043172600823,0.002606344684197477,0.0001505180262029171,3.5669851303100586,778.8583984375,0.00015844811310726327,0.005226281630037096,0.004903708357234963,0.10452662006339701,0.00011944831203436479,7.620412826538086,18.461536407470703,0.00016642012017508724,0.011540322458439013,0.01247536322420849,0.07244610224540499,0.0002529728808440268,6.296531677246094,33.97175979614258,0.0003534369942549373,0.0049011772883225295,0.004229625312007714,0.051486766317499814,0.00015111583343241364,8.479736328125,18.977916717529297,0.00011050787376794454,0.00038034993696821275,0.0003331204370136233,0.04255757840449169,5.36910874870955e-06,9.230497360229492,19.743364334106445,7.003375128992591e-06,0.00276784558859246,0.002561927037290524,0.04198981486928475,3.644285607151687e-05,10.128425598144531,23.026649475097656,4.4352501301226846e-05,0.006929544707067551,0.007006120489110742,0.042413264558637795,8.896466897567734e-05,11.252368927001953,19.28680992126465,5.8556225274253156e-05,0.013288522350244827,0.011859344415207144,0.05276450748650235,0.00017865945119410753,19.834800720214844,15.525497436523438,4.505701062074275e-05
gov_report:123,gov_report,scope_budget,64,primary_low_importance,32,32,physical_delete_random_46,random,46,0,False,0.6528940662373607,274.1576869839116,279.69136252864587,1503.9709577454717,61,96,97,96,,0.03808683736358113,0.04020703331553527,0.03649627861465736,0.0002811818804285375,0.00027652707470861813,0.00031023706560197014,3.5825775193133197e-10,3.6619793628419153e-10,6.145042209296283e-10,5.738380178280802e-08,4.246109776540505e-10,6.210768327312305e-08,6.0870113425856e-08,2.241867411934009e-07,1.942853606264343e-06,2.4005241029301266e-06,3.7941819247888165e-06,0.0003102105396221497,3.4072979891201284e-05,0.0002625114766179968,0.00028101660568771464,0.007349932039666834,0.036537205684288906,0.08716237139978189,0.006818427576050236,0.009635046583602177,0.009644750239968393,0.0001932063460117206,5.296911716461182,778.0975341796875,0.0005860382533883946,0.01175649695630502,0.011037627951795448,0.05612137096546529,0.0003683845279738307,6.8042144775390625,15.899007797241211,0.0003745906641196455,0.00938765092998184,0.009239971905900066,0.037389257860259546,0.00018400557746645063,7.172356605529785,33.435035705566406,0.00026177577668313394,0.056632437745698774,0.050352712209901035,0.059545060171769845,0.0016336521366611123,7.623846054077148,17.07974624633789,0.001315570707638898,0.2315183031488732,0.20337497781698397,0.2600536754609541,0.005799651145935059,8.34546947479248,17.51656150817871,0.004275664604284355,0.19083749404863448,0.18795388298972585,0.7560695031962124,0.004385027568787336,8.277055740356445,20.22528839111328,0.003253888466975542,2.1700576023392895,2.0776673758344373,4.785625391725823,0.020094342529773712,11.15451431274414,16.62343978881836,0.01736486820251211,6.797860513869431,7.034724444190263,17.237400095551365,0.037123169749975204,37.3804817199707,12.212923049926758,0.026726911952185094
synthetic_niah_122,niah_single_1,scope_budget,64,primary_low_importance,32,32,physical_delete_attention_21,attention,21,0,False,1.372192933733151e-09,0.0005414005459500731,0.0004946369425712777,0.004929954233629127,61,96,97,96,0.0,1.3801422122756304e-09,1.0999836604399744e-09,1.1949342617765156e-09,1.6838229752516132e-12,1.5283542289714543e-11,2.6135001698195566e-09,8.043180723322203e-10,7.886145037949186e-10,1.0793412271531653e-13,4.415863450982745e-10,2.176471315951171e-12,4.976577827707897e-10,3.3162069896116285e-11,6.177583201766358e-10,1.2110486991113341e-11,1.5281983850314414e-09,2.1141441080581185e-10,2.6407630780929876e-09,7.530344448328496e-12,2.5204051737787473e-09,1.0826138368168924e-12,1.177997860727989e-09,2.780252057099275e-11,1.508432093983806e-09,0.006396723817607159,0.01115210835816961,0.011161436287222649,0.00016566993144806474,5.808436393737793,776.9461059570312,0.00046295380354481245,4.156624001069237e-05,3.879527516280501e-05,0.011994643521107929,8.915449143387377e-07,6.7645440101623535,23.029098510742188,1.0820768148003258e-06,0.00038532197960481967,0.00044605631979846246,0.008679152007947628,1.024247376335552e-05,6.800115585327148,34.511775970458984,1.0523564090671592e-05,0.0019870336642140154,0.0018623171830134564,0.00830562492340183,4.355099008535035e-05,6.546737194061279,20.6613712310791,4.050853782711745e-05,0.0013363207309526352,0.0012241717998199282,0.009922330967806718,1.833054375310894e-05,11.035676956176758,19.33269691467285,2.2445261136623758e-05,0.0014785556638971997,0.0015034400542092811,0.011125184905421763,2.81181692116661e-05,11.35198974609375,25.189594268798828,2.339896251456311e-05,0.0006671576502099219,0.0006757574858427415,0.015615952166875812,1.3705378478334751e-05,11.950227737426758,21.709720611572266,5.309477299700506e-06,0.004534539514821159,0.0050991348873291676,0.02123912887043242,3.801068669417873e-05,22.016286849975586,18.77069854736328,1.7625891756659918e-05
synthetic_niah_122,niah_single_1,scope_budget,64,primary_low_importance,32,32,physical_delete_value_norm_24,value_norm,24,0,False,1.0159564063300119e-05,0.2769390462255582,0.23830135598441632,4.424997906747776,61,96,97,96,,1.0365906894054563e-05,2.1684885079282384e-07,1.0035027698463214e-07,1.0716338818593323e-09,8.413080279313825e-08,9.791921738231248e-06,1.939515422325774e-11,1.8667806618098394e-11,4.856960243653569e-10,1.340879095142517e-08,7.44437375756091e-10,6.605835809852097e-08,5.853030293684932e-08,3.1208451587279524e-07,6.948516958292365e-08,7.87220005017507e-06,2.225046508453386e-08,9.790046991865991e-06,2.419446979401278e-08,9.082494660408655e-06,5.562095023474599e-10,9.761881518827284e-06,1.0472513002388498e-08,9.44668431393362e-06,0.0012040353551388116,0.0022182456897112657,0.002229641829328226,0.00015600689221173525,3.519266128540039,779.1580810546875,9.208530317914418e-05,0.0180835305563623,0.0199245595571157,0.048043445237033536,0.0007265484891831875,4.169556140899658,15.419534683227539,0.0005557353015640862,0.021396619661401935,0.02062623567412372,0.046597005293065444,0.0007010942208580673,5.18339729309082,32.840999603271484,0.0004866235572315412,0.166772860723584,0.14642225874901565,0.19701274547888875,0.006220703478902578,6.132535934448242,16.047853469848633,0.0031849309351637024,0.08801291892754019,0.07895666878444045,0.4353838374906175,0.002104374812915921,8.330575942993164,15.186332702636719,0.0014476751135791242,0.03258433746024466,0.03095960123201892,0.40002160732030884,0.0010037345346063375,6.347468376159668,19.326704025268555,0.0004818433210327333,0.021464406399450308,0.020922759143571893,0.5383282561891866,0.000586758425924927,7.168334007263184,16.52153205871582,0.0001643916893963172,0.0933548587411175,0.09377113904193445,0.6798113237778567,0.003687940537929535,9.333333969116211,13.7108154296875,0.00032413340364046523
synthetic_niah_122,niah_single_1,scope_budget,64,primary_low_importance,32,32,physical_delete_aov_53,aov,53,0,False,5.1485190855521185e-09,0.000855771819312034,0.0007592234938431587,0.006221479463706037,61,96,97,96,,5.205222170150771e-09,9.0640194076386e-11,1.0781660346196376e-10,1.017405757569541e-11,1.638177580586463e-11,3.170781430137752e-09,4.630599394979998e-11,4.7095397438288804e-11,6.961686027652905e-12,1.8349226393061351e-09,1.3371506172182664e-11,2.484579878954701e-09,1.325728278969918e-13,2.379404064445662e-09,1.3703494087735612e-13,2.2594156836731313e-09,1.8522182114579957e-12,3.1876103153287437e-09,3.756100417906114e-12,3.0478561098900004e-09,1.3740239979070914e-12,3.9378016742182e-09,3.5275955076504466e-11,3.996714420056371e-09,0.0014682673300114365,0.003026631926864272,0.0030302083712689895,0.0001453933073207736,3.605106830596924,779.2382202148438,0.00012564357496091944,0.0009339631163584792,0.0009593109602700541,0.017082091704349038,2.2214144337340258e-05,6.373022556304932,21.144065856933594,2.6757076575327173e-05,0.0023216366646533274,0.002503416758876602,0.012698935256750575,7.318353891605511e-05,5.876001358032227,32.80126953125,5.9061749690268777e-05,0.00014406317169425397,0.00012808618758198528,0.010502323766977881,2.0242230220901547e-06,9.062994956970215,23.056087493896484,2.7860904802480266e-06,8.579526611983074e-05,6.763977975423822e-05,0.009866349378178221,2.097881861118367e-06,10.382494926452637,21.182464599609375,1.2401792951209258e-06,0.0007143594497696372,0.0007368166549222871,0.010198320401416147,1.1564628039195668e-05,10.19506549835205,25.091327667236328,1.1467530907110208e-05,0.000594843806239798,0.0005604714395110644,0.015490410309388233,1.5287312635337003e-05,10.459402084350586,22.025009155273438,4.403666178412081e-06,0.006474641680691977,0.005894268275639083,0.02418045496902797,7.882938371039927e-05,16.615402221679688,19.63365936279297,2.0374384460644373e-05
synthetic_niah_122,niah_single_1,scope_budget,64,primary_low_importance,32,32,physical_delete_aor_62,aor,62,1,True,4.859264438648488e-09,0.0008638457348822673,0.0008588697986114096,0.00863016516264746,61,96,97,96,,4.874905406675416e-09,7.990996036291041e-11,1.633410830454584e-10,7.077169774886051e-11,7.686328802078267e-12,3.934335547068311e-09,1.511767393542435e-10,1.6173082068926805e-10,1.1422368579539353e-12,2.94417703554453e-09,9.516481761807498e-11,2.92280136894746e-09,5.961508854180475e-13,2.931456129527618e-09,1.175828875896728e-13,2.5564479364682644e-09,2.297463331410504e-12,3.9343813781931896e-09,1.6731164920414805e-12,3.890997852667338e-09,4.276363356646635e-12,4.879605452347117e-09,2.1095915591765383e-11,4.508110383914406e-09,0.0021571871533884552,0.004513406310070912,0.004519267081486175,0.0001652638311497867,3.605106830596924,779.23828125,0.00018736355055766642,0.0003018188506696654,0.0003128113731904049,0.02129785668010143,9.46905402088305e-06,6.368405342102051,21.60030174255371,8.724926757568482e-06,0.003938005200760687,0.004598358091128619,0.01572002660836941,9.577914170222357e-05,5.897830963134766,32.910003662109375,0.00010848656085786302,0.0001743390834426239,0.00018913470885121214,0.01315157637397513,4.472979071579175e-06,9.128288269042969,23.64157485961914,4.113998720412823e-06,5.982883063822871e-05,5.095350814795347e-05,0.012820457543900958,1.6193340570680448e-06,10.354846954345703,21.274322509765625,9.342355348948011e-07,0.0005046357462403477,0.0004704397690591086,0.013084656223392969,1.3568028407462407e-05,9.944204330444336,25.056825637817383,7.321743551234072e-06,0.0012965543113188196,0.0013300668662031203,0.018396124880302674,2.2459653337136842e-05,10.513650894165039,22.36150360107422,1.0450435224379707e-05,0.0047814553264290275,0.004300997044956861,0.025456258231586298,5.371869701775722e-05,16.904327392578125,20.318275451660156,1.486701372589716e-05
synthetic_niah_122,niah_single_1,scope_budget,64,primary_low_importance,32,32,physical_delete_v_ridge_52,v_ridge,52,0,False,2.9710654933824823e-09,0.0007441089811283492,0.000865052795814247,0.009700800250744365,61,96,97,96,,2.9597387309175123e-09,3.028286946120262e-10,4.116704977189004e-10,1.3989713335389948e-10,1.2593852954125261e-11,6.010594704274169e-10,4.1154590141614957e-10,4.109801728553335e-10,2.390675824203421e-12,2.0610170628552344e-10,7.644221592637553e-11,4.61970884826596e-10,1.336984086348023e-13,4.6078413396083207e-10,1.5328704986967055e-13,4.5730801393148933e-10,1.1356255037928108e-12,5.964227884465533e-10,4.124653877630905e-11,6.294150562815096e-10,2.0793449308667416e-11,1.6697457313800902e-09,1.690919864646477e-11,3.0898302229346003e-09,0.005162813304641768,0.00939302388483811,0.009390401403946598,0.00013166177086532116,4.936966896057129,778.5771484375,0.0003899295088078571,0.0007850514356530923,0.0009001855023855957,0.011921545454958639,1.3743493582296651e-05,7.846585750579834,21.294952392578125,2.5107950828113376e-05,0.005414733063266061,0.005508963674417102,0.011723675331797382,0.0001539018703624606,7.030093193054199,34.50984191894531,0.00012996998299924072,0.00016007817307260377,0.00014328075957259338,0.009737859311746781,2.1921830466453684e-06,8.900398254394531,22.746623992919922,3.1165980328081317e-06,0.0003153059247903787,0.0002673671640381818,0.008682201918151014,5.95391747992835e-06,9.916586875915527,19.901615142822266,4.902192500332272e-06,0.001669564924236548,0.0017415260480276363,0.009240857143669286,2.5650459065218456e-05,10.72279167175293,25.274246215820312,2.7104441312338114e-05,0.0016656024627587146,0.0016341002658298172,0.02339536478609208,2.190793566114735e-05,13.274996757507324,21.710220336914062,1.283924847097744e-05,0.0029162585164435907,0.003279323948027935,0.03911374678555122,1.1435928172431886e-05,39.079994201660156,19.465076446533203,1.1335453997616865e-05
synthetic_niah_122,niah_single_1,scope_budget,64,primary_low_importance,32,32,physical_delete_key_query_32,key_query,32,1,True,1.5307661922927956e-06,0.2991222520959202,0.3325373071793339,2.9797188480451586,61,96,97,96,,1.525694572389048e-06,2.0086365835780042e-07,6.4289267095257845e-09,5.537833607630635e-08,2.3935462063400407e-09,9.593974528184008e-07,5.133193563795488e-12,4.834314158391458e-12,1.2656412881357015e-09,2.842747902974765e-09,4.4293135729863646e-08,9.293582458666172e-08,6.531621408820894e-08,1.2782086495598323e-06,5.205843169368142e-10,1.4886701906279897e-06,3.6512240345713877e-09,9.592301852082852e-07,4.0594105442513077e-10,9.490604651883581e-07,1.1976600246648245e-09,1.428432527529208e-06,6.272501734248958e-09,1.5090411666386492e-06,0.0005806673107849078,0.0011437580112532804,0.0011447369291263097,7.97909960965626e-05,3.1908457279205322,779.73486328125,4.748044985203716e-05,0.02402717788203981,0.022130188975117503,0.0365466242083356,0.0006172333378344774,5.0718770027160645,16.75384521484375,0.0006172546604356402,0.040656047927184004,0.04985881355892593,0.10199610378657668,0.0016529440181329846,4.487927436828613,33.053768157958984,0.0011762918642409768,0.11133730816076308,0.12196626607853825,0.41372695819910077,0.0022219002712517977,8.363929748535156,16.06328010559082,0.0026529718718914055,0.017942611659207464,0.01488427833397607,0.28911275044111107,0.000502013775985688,8.19268798828125,18.887104034423828,0.0002729041087904708,0.010870440229916485,0.010898199998682809,0.2673315780561499,0.000327050598571077,8.168009757995605,21.720478057861328,0.00016961539140282443,0.019891023278111306,0.019502579870149514,0.40640790669914606,0.0005599107826128602,7.04995059967041,16.782318115234375,0.00015323323422310132,0.11116252110576229,0.10599195354287301,0.5763375193731559,0.0030529836658388376,11.594392776489258,14.360940933227539,0.0003663764033514588
synthetic_niah_122,niah_single_1,scope_budget,64,primary_low_importance,32,32,physical_delete_age_4,age,4,0,False,8.809040740095491e-07,0.09362774391458455,0.08031589412933698,1.156158786129875,61,96,97,96,,8.757796449656197e-07,3.0233675811856956e-09,2.496010395277356e-09,1.544921044360925e-10,2.7533438013700877e-09,8.546809166974049e-07,6.785035053799045e-12,6.785715899586806e-12,5.148565717378513e-10,7.370774554253505e-08,1.2848949885784399e-10,1.2904993391930236e-07,1.9408256752340235e-09,1.0117061553773104e-07,1.6244478633954752e-09,8.764805396681123e-07,1.0980655557227616e-08,8.547733275923676e-07,3.1346283114360766e-10,8.566619226108864e-07,7.473558461152307e-11,8.798437444894401e-07,7.488658815097448e-10,8.791287631899463e-07,0.0009288155002020722,0.0018343006688186245,0.0018383677884201866,0.00010919635678874329,3.5669851303100586,778.8583984375,7.614671990272463e-05,0.014433954837599265,0.01423278990058884,0.15206127377220063,0.00032870276481844485,7.620412826538086,18.461536407470703,0.0003969806090231603,0.009180498871468547,0.008877320050965615,0.11102675324867822,0.00021423061843961477,6.296531677246094,33.97175979614258,0.00020943778254716854,0.012969737001900418,0.013060108650161936,0.09469804360780033,0.000267217488726601,8.479736328125,18.977916717529297,0.0002840793770829563,0.017176090155153458,0.014852031319456664,0.21846758172729103,0.0002559082640800625,9.230497360229492,19.743364334106445,0.0002723128579040584,0.003959055565620744,0.003987191932583444,0.19953090423735384,6.385723099811003e-05,10.128425598144531,23.026649475097656,6.205512105898802e-05,0.0041027575487780936,0.004045991105186101,0.23686433394584575,6.249764555832371e-05,11.252368927001953,19.28680992126465,3.178965587186253e-05,0.04279680435773942,0.04275766836617014,0.33188621276416336,0.0005881841643713415,19.834800720214844,15.525497436523438,0.00014779801888787072
synthetic_niah_122,niah_single_1,scope_budget,64,primary_low_importance,32,32,physical_delete_random_28,random,28,0,False,1.6688780870998288e-07,0.04400265340471508,0.051444728752859714,0.4579738611783359,61,96,97,96,,1.6630082388468072e-07,3.2261965538536434e-09,5.437585009680583e-10,2.400397365440327e-09,2.172953299627943e-09,2.325942612616497e-08,5.0575082443329866e-12,5.446720571837077e-12,3.931025742682163e-10,8.206745122577728e-10,1.210603168768892e-09,1.3223248472593336e-08,6.735054951032259e-10,3.111419667119806e-08,1.1578601607572295e-10,2.2113506914890282e-08,6.008946432408494e-10,2.3280285556281062e-08,3.316999479857478e-10,2.442243557160525e-08,8.502740559059735e-10,1.5381605323808636e-07,7.49396293998078e-10,1.6838049577638873e-07,0.0007522231167361929,0.0014365513916778706,0.0014305310527300758,0.00012752892507705837,3.5141372680664062,779.7246704101562,5.963508508036227e-05,0.02081203207857198,0.020447520588795273,0.027750737411546725,0.0005580764263868332,5.5844011306762695,17.303531646728516,0.0005703217171791266,0.02043794998561046,0.02145425792284463,0.03664711056821537,0.0006979457102715969,5.301264762878418,32.16197204589844,0.000506158635687225,0.014526895860254607,0.015072865827778146,0.08539730970282831,0.0002271168486913666,8.387277603149414,17.70374870300293,0.0003278602383722973,0.003595146542281932,0.003065758209801898,0.056755613320289826,7.470277341781184e-05,8.843805313110352,19.926115036010742,5.621085505390155e-05,0.008742097251223813,0.009704737776513234,0.05993696921786902,0.00017476918583270162,8.112787246704102,21.5216064453125,0.00015104080459378774,0.015240155649800873,0.014911040827876667,0.20378491360562245,0.0003956214932259172,8.417275428771973,17.94922637939453,0.00011715716725177732,0.032548570408630594,0.03021601979349194,0.2675526254371844,0.0006957356818020344,13.649430274963379,14.628847122192383,0.0001044460101498002
synthetic_niah_123,niah_single_1,scope_budget,64,primary_low_importance,32,32,physical_delete_attention_62,attention,62,0,False,2.1375957954248944e-08,0.0009342612623763936,0.0009800046278145133,0.0072326039635814895,61,96,97,96,0.0,2.1507888622145224e-08,1.4352275531112859e-09,1.1314337347408045e-09,4.6530553783211213e-10,2.1332572052168553e-10,1.8775043303276684e-08,3.335133791549645e-11,3.158554001898656e-11,1.6170776464937895e-12,1.585560154073685e-08,2.9050909753140166e-10,1.6884354906682273e-08,3.671409316302016e-11,1.6879875188917728e-08,1.6016711063588975e-12,1.8759600607654364e-08,4.852494633093377e-12,1.8672517474124647e-08,2.5877704619557644e-11,1.9180439972841528e-08,2.0983449364699655e-10,2.0692471661110882e-08,1.0646620931535152e-09,2.0083982964260346e-08,0.0007621846324841411,0.0010252780801506493,0.0010253321199983946,5.538371260627173e-05,3.605106830596924,779.23828125,6.136693302568596e-05,0.00031553222247169595,0.00032391388465173587,0.022211436508477716,1.1055381037294865e-05,6.368405342102051,21.60030174255371,1.033602003915228e-05,0.0026486239052775644,0.0023265762776228166,0.013241679190802876,7.698815170442685e-05,5.897830963134766,32.910003662109375,5.919090097195052e-05,0.0008157988911604356,0.000798432345222402,0.013957679207246531,1.0263161129842047e-05,9.128288269042969,23.64157485961914,2.0664033604328024e-05,6.533222093223082e-05,5.706780644309716e-05,0.01197717946213229,1.087324108084431e-06,10.354846954345703,21.274322509765625,1.1711867900348332e-06,0.00042747580511212906,0.00041027334871731274,0.011050116640131795,6.751557975803735e-06,9.944204330444336,25.056825637817383,6.209966633046542e-06,0.0019058545875972662,0.0018918188805650455,0.014796674767397622,3.423254020162858e-05,10.513650894165039,22.36150360107422,1.613032023090296e-05,0.0091688536550665,0.008993035735971404,0.020345837980057895,0.00012476863048505038,16.904327392578125,20.318275451660156,3.782420820510701e-05
synthetic_niah_123,niah_single_1,scope_budget,64,primary_low_importance,32,32,physical_delete_value_norm_24,value_norm,24,0,False,1.8573925864029758e-05,0.3319708082210243,0.29262308739645326,2.378105694616384,61,96,97,96,,1.840096669966342e-05,1.435304259379236e-06,8.955482271896624e-07,7.555108703969862e-08,7.37548517910058e-08,2.135212571938833e-05,2.513800592068044e-11,2.1516642974362055e-11,2.8074420302635295e-09,2.2942003351044917e-07,1.576708319468549e-08,1.741253159443098e-07,3.2214184274482636e-07,1.1307033421595358e-06,8.648217864331165e-09,1.8181367744938377e-05,1.7577483353901847e-07,2.135324209773953e-05,2.9061303066180575e-08,2.101324298326606e-05,4.428947056043836e-08,1.9321702985462634e-05,9.245439624929895e-07,1.829829614120547e-05,0.0007540390814013817,0.0011259966589269065,0.001131141447986572,6.975821452215314e-05,3.519266128540039,779.1580810546875,6.739533682936103e-05,0.021711711640264524,0.02207838260302406,0.0969393674784059,0.0005623647593893111,4.169556140899658,15.419534683227539,0.0007045162798818751,0.025225902525625135,0.021904293370646786,0.07616756297324627,0.0005773244774900377,5.18339729309082,32.840999603271484,0.000557271589258721,0.08195962335414718,0.06489896636560845,0.11329256087130939,0.003350210143253207,6.132535934448242,16.047853469848633,0.0016796343859184876,0.013225743796617987,0.011149329646191844,0.2975202166556169,0.0005482863052748144,8.330575942993164,15.186332702636719,0.0002288146051729504,0.01869557124355348,0.016702215604744566,0.26230698903421334,0.0004632214258890599,6.347468376159668,19.326704025268555,0.0002528075536168412,0.027862514349155956,0.027628029166170638,0.3356765562634584,0.0007588031585328281,7.168334007263184,16.52153205871582,0.00023556639717326085,0.23966393350071147,0.2500159714107705,0.5331659865754881,0.008502199314534664,9.333333969116211,13.7108154296875,0.001051553272430267
synthetic_niah_123,niah_single_1,scope_budget,64,primary_low_importance,32,32,physical_delete_aov_53,aov,53,1,True,4.244797874250483e-08,0.0016039753633097635,0.0015814158881494195,0.010716543400544502,61,96,97,96,,4.214316828557365e-08,2.208063042377779e-09,1.8997317962180783e-09,2.901501700214025e-10,7.903784265983407e-11,3.6097468908531866e-08,4.3762195238745644e-11,4.177105350221186e-11,4.145034271510038e-12,2.1130492708161647e-08,2.3474838811628093e-10,2.2889844625191026e-08,1.2586901302647854e-10,3.0037607549349436e-08,2.9693845310114347e-12,3.317102242387485e-08,4.0753242017348186e-11,3.6224719038717196e-08,2.4436006950455342e-11,3.686796823824186e-08,7.172488826845032e-11,3.8374794035212184e-08,1.7991141830386236e-09,3.8071507488205846e-08,0.0008553330290394283,0.0011461939756666072,0.0011466567391418133,3.778673999477178e-05,3.605106830596924,779.2382202148438,6.860422582022062e-05,0.0006557538954621134,0.0006519980225463411,0.02545490514637941,1.9854522179230116e-05,6.373022556304932,21.144065856933594,2.080511193205662e-05,0.0025915341266282647,0.0022431635961650273,0.015155574648168501,8.405576954828575e-05,5.876001358032227,32.80126953125,5.7068781952918184e-05,0.0012131126379117574,0.0012324193377969053,0.01789255528793535,2.038585807895288e-05,9.062994956970215,23.056087493896484,3.189594555286361e-05,0.00011481885051875907,0.00010168803985474134,0.015454652919779923,1.8107670030076406e-06,10.382494926452637,21.182464599609375,2.086915485373704e-06,0.00031539790028915033,0.0002868064738401067,0.013821565974545086,4.83884605273488e-06,10.19506549835205,25.091327667236328,4.341151181906253e-06,0.0011568356421817908,0.0011909974367677126,0.01809833819555244,1.7033122276188806e-05,10.459402084350586,22.025009155273438,1.0154867491072845e-05,0.011307728838725259,0.01130003969509544,0.02526813748195661,0.0001673016231507063,16.615402221679688,19.63365936279297,4.752733856528989e-05
synthetic_niah_123,niah_single_1,scope_budget,64,primary_low_importance,32,32,physical_delete_aor_14,aor,14,2,True,8.057895058457534e-08,0.0024822480313722406,0.0026136924083662565,0.027467127128191493,61,96,97,96,,8.049099502478838e-08,1.000200045141304e-09,7.085208505577052e-10,1.244999058119965e-10,3.707119611784531e-10,6.724222332294013e-08,5.7003303157323094e-11,5.210975295853436e-11,7.555024477731716e-11,6.14066873600832e-08,3.77589593674219e-11,5.596773813410611e-08,1.9671537275639325e-11,6.044197717183038e-08,2.6373344433513313e-10,5.3371769277100654e-08,2.6045904495793705e-09,6.717197486316739e-08,2.1031804836734353e-10,6.450261246316918e-08,7.841212262860739e-11,6.961355769640517e-08,3.5709734341065103e-10,7.309801638413684e-08,0.0008825084150078347,0.0012508301317921008,0.0012522442303758289,3.439331703702919e-05,3.5669851303100586,778.8583984375,7.486711206477476e-05,0.003893573856106682,0.0036157739207601813,0.04315143670913949,8.899678505258635e-05,7.128814697265625,19.36896324157715,0.00011537854186832296,0.0008227471756653551,0.0007680634480388401,0.02723692094373835,1.4509348147839773e-05,5.726841449737549,33.79312515258789,1.9540458625965665e-05,0.0006756113293737444,0.0005903147205098602,0.023477877461905612,1.4503583770419937e-05,7.44852352142334,20.68832015991211,1.5277791906523334e-05,0.0018366673853613914,0.0016518328825675492,0.022635676346689382,2.853356818377506e-05,10.04827880859375,20.109291076660156,3.390010887026622e-05,0.001043283085803937,0.0009695688898888671,0.023025410155256415,1.690549834165722e-05,10.39979362487793,24.24416732788086,1.4675558316117762e-05,0.0014503483960026122,0.001446129832734247,0.030507648067679864,2.1602048946078867e-05,11.399269104003906,22.081058502197266,1.2330216986997403e-05,0.004616820024864844,0.004913302227262047,0.03571077047754335,5.77282153244596e-05,25.282854080200195,18.130268096923828,2.066507594039951e-05
synthetic_niah_123,niah_single_1,scope_budget,64,primary_low_importance,32,32,physical_delete_v_ridge_52,v_ridge,52,0,False,2.1676379776260584e-07,0.01000520911099087,0.01254988533537245,0.0395536300376985,61,96,97,96,,2.1623600192205146e-07,1.2765485003688318e-07,1.2318747666129285e-07,2.545570655360724e-09,1.3280600350714286e-10,3.500015219263033e-08,3.3270003504922154e-10,3.211536724897308e-10,1.6734077762105226e-11,4.8981807109455764e-09,2.4328418843195344e-09,9.757551725037505e-09,9.212565187088827e-10,3.095952275167876e-08,5.331393045484431e-12,3.536943430117399e-08,1.0968139522141732e-10,3.497632343028751e-08,4.899593690204218e-11,3.534532912343632e-08,1.1067151428300669e-10,3.842061595765466e-08,1.2338519735069106e-07,2.0176620119147182e-07,0.0034519258119413278,0.004788124028685012,0.00478765347029267,0.00010013624705607072,4.936966896057129,778.5771484375,0.00028658808988076337,0.000998121065236252,0.0008943927481944275,0.013550958137339204,2.2393687686417252e-05,7.846585750579834,21.294952392578125,2.853987373264192e-05,0.008582072298150912,0.0077475306200980925,0.011143808377323918,0.00024774851044639945,7.030093193054199,34.50984191894531,0.0001971065045758736,0.0041470728408716994,0.004126358957331766,0.021397631096756242,4.7395064029842615e-05,8.900398254394531,22.746623992919922,0.00010679329396916218,0.0002601534554799029,0.0002459796993863157,0.0161245576592906,4.361704213806661e-06,9.916586875915527,19.901615142822266,5.048173260790175e-06,0.0004311305897659274,0.00040294522915031947,0.013025547228148903,7.496271337004146e-06,10.72279167175293,25.274246215820312,6.099046978781212e-06,0.00172145588299241,0.0016856058104678204,0.016072136698624645,1.755254743329715e-05,13.274996757507324,21.710220336914062,1.4372074295926144e-05,0.07984180606209543,0.08985772040076583,0.10422738163345091,0.00026339347823522985,39.079994201660156,19.465076446533203,0.0003779365750410564
synthetic_niah_123,niah_single_1,scope_budget,64,primary_low_importance,32,32,physical_delete_key_query_41,key_query,41,1,True,9.404240246345006e-05,0.9600710779346715,0.8011466522027071,9.89624275926446,61,96,97,96,,8.616249672962182e-05,9.652336493513034e-06,1.994505634732375e-06,7.234842195689008e-08,2.0379570306552765e-06,7.615558564948665e-05,5.305367420327356e-11,5.412031740968225e-11,4.322284312051228e-09,3.225965438377799e-08,4.2340306805949195e-08,7.461025574430027e-07,1.1110395828170094e-05,1.4250977325906396e-05,2.0966863111535258e-06,6.30838033816715e-05,3.847568360054352e-08,7.614617262749783e-05,4.727213766293753e-08,7.677534359284608e-05,3.53785123911849e-08,9.395115249572177e-05,1.1461160951657808e-07,9.459860146715483e-05,0.0010793492955741613,0.001899822549676828,0.00189994150143123,5.950060949544422e-05,3.1908457279205322,779.73486328125,0.00011371186551610976,0.020455699382691542,0.0199408547866801,0.03433577818460185,0.0006812168285250664,5.303289890289307,17.127832412719727,0.0006363082425273449,0.03651844005699787,0.0332016957613552,0.12479725235585212,0.0012961860047653317,4.492206573486328,32.79692840576172,0.0008446911046128222,0.35442080043342183,0.33101973139428276,0.5459797796081396,0.006343543529510498,11.055191040039062,17.63402557373047,0.008567041270505853,0.10655816089860112,0.0943225599804988,0.6529990708864819,0.001021062140353024,11.580015182495117,21.82056999206543,0.0019357557813542109,0.016756964340161152,0.015839538373349282,0.5540090768986828,0.0003207035770174116,8.640506744384766,21.355520248413086,0.0002397499254798868,0.02549386593108657,0.02447523873578294,0.7276121359796964,0.0006087740184739232,6.943716049194336,16.35081672668457,0.00020868458529077743,0.09091756935184347,0.08780646748153645,0.9789692416137806,0.0024656031746417284,11.09400463104248,15.217702865600586,0.0003693091193324213
synthetic_niah_123,niah_single_1,scope_budget,64,primary_low_importance,32,32,physical_delete_age_4,age,4,0,False,8.885269293823843e-07,0.03267289182315258,0.032831592199560077,0.2836952614155245,61,96,97,96,,8.874648164633412e-07,1.2480283154869847e-08,1.214774458645833e-08,8.258407603566867e-10,1.5104850081210647e-09,7.337785599619375e-07,2.096368512855056e-11,2.0044308306040226e-11,4.4786568480169806e-11,4.829729475126765e-07,1.7105348854567026e-10,4.290885315535672e-07,3.832925686021908e-11,4.275960904857564e-07,5.99074930273702e-10,7.468663377230542e-07,1.1979762948554203e-08,7.335982469614822e-07,3.629243406963485e-10,7.210731410848791e-07,7.467783195786641e-10,7.330004777264683e-07,1.223947886023726e-08,7.786425797115458e-07,0.0005201014518276466,0.0007625512273816418,0.0007652199436924445,2.0457868231460452e-05,3.5669851303100586,778.8583984375,4.564169565832125e-05,0.0027369981896198264,0.0026146985410633863,0.1338825008439781,8.09374832897447e-05,7.620412826538086,18.461536407470703,8.343444908460968e-05,0.0022160435355408807,0.0019679880053814452,0.08121588662237887,3.066258432227187e-05,6.296531677246094,33.97175979614258,5.006798369814909e-05,0.0008184182321195094,0.0007405106952657728,0.06774277007187547,2.1280104192555882e-05,8.479736328125,18.977916717529297,1.9164977449747367e-05,0.0021463745456122927,0.001974082269784664,0.08580463418562141,4.620416439138353e-05,9.230497360229492,19.743364334106445,4.051354381597117e-05,0.0014589682852734866,0.0013852430971157935,0.07637845836642833,2.3750020773150027e-05,10.128425598144531,23.026649475097656,2.096727325487162e-05,0.004516730353016587,0.0043623575122292094,0.09453993863377294,5.0862086936831474e-05,11.252368927001953,19.28680992126465,3.7195010768116154e-05,0.02873020832206955,0.030805118511779736,0.12973143281911592,0.0003717997169587761,19.834800720214844,15.525497436523438,0.00012956461539588148
synthetic_niah_123,niah_single_1,scope_budget,64,primary_low_importance,32,32,physical_delete_random_11,random,11,0,False,5.7852765319150577e-05,3.5045429513921875,3.747573568062908,19.308209718904436,61,96,97,96,,5.7029488074425004e-05,2.426924314311127e-05,2.2871580547366384e-05,1.1251342938477845e-06,2.056664844100775e-06,1.624936543820712e-05,1.2534051470107784e-11,1.2750313900227227e-11,1.5090383891581331e-06,1.6009634203514563e-06,3.350357898530243e-08,3.244957777758157e-06,4.658456252549862e-08,3.7529208400408163e-06,5.726230678497902e-08,2.0925106512681467e-05,4.737306923887231e-06,1.6250392950182256e-05,2.213838874001751e-06,1.9438373141370002e-05,1.1463782996124936e-06,3.170740847457834e-05,2.3003419416297655e-05,5.453464489582605e-05,0.0005942828782577084,0.0007344769014260317,0.0007350795103643697,1.5823388821445405e-05,4.786486625671387,778.4161987304688,4.396133662791454e-05,0.41775616679009725,0.3853489793519608,0.4571172003104151,0.004301447421312332,9.124982833862305,15.49339771270752,0.012296400251354275,0.038047606081848935,0.03464050340266076,0.28979477453927815,0.0006074128905311227,6.5965576171875,33.74650192260742,0.0008812961028814456,0.031035763590635083,0.028347497910220103,0.24453506547775364,0.0006508714868687093,8.759201049804688,17.17888069152832,0.0007336547084051817,0.029281457495593737,0.026078923771878718,0.43277634746944704,0.00042305744136683643,9.852259635925293,16.852642059326172,0.0005352105315350564,0.09125717665318131,0.08639458057075845,0.39320224266327136,0.0016872802516445518,9.668230056762695,22.558656692504883,0.0013076829491796367,0.21742598013966555,0.2064536120534267,0.679147761510745,0.0015505930641666055,12.616143226623535,16.273738861083984,0.0017602968811970686,1.4646209558650312,1.5804585950652532,2.1963359251539813,0.00399165041744709,38.00852966308594,13.287090301513672,0.0066473209619512105
